#{"t_start": 1693567391.4983191, "env_id": "GridRoadEnv-v0"}
r,l,t
0.47,33,0.022155
0.37,33,0.039628
1.18,33,0.054303
1.14,33,0.068289
0.33,33,0.082326
0.48,33,0.096123
1.06,33,0.10953
0.34,33,0.125587
0.37,33,0.140153
0.48,33,0.152565
1.17,33,0.165672
1.04,33,0.179213
0.6,33,0.192611
1.02,33,0.206021
0.5,33,0.219235
0.49,33,0.232631
0.29,33,0.247617
1.1,33,0.260586
1.03,33,0.273875
1.2,33,0.289213
0.45,33,0.3042
0.24,33,0.317168
0.47,33,0.330542
0.49,33,0.343794
1.16,33,0.356686
0.43,33,0.369416
0.36,33,0.38236
1.28,33,0.395494
0.43,33,0.408934
0.54,33,0.422314
0.43,33,0.459486
0.98,33,0.472585
0.47,33,0.484864
0.45,33,0.497442
0.43,33,0.510138
3.53,28,0.521391
1.07,33,0.533642
0.38,33,0.546665
0.4,33,0.559512
1.0,33,0.572147
0.33,33,0.584933
0.97,33,0.598212
0.91,33,0.610855
0.42,33,0.62385
0.38,33,0.636141
1.1,33,0.649753
1.12,33,0.663802
1.11,33,0.676571
1.27,33,0.689121
0.4,33,0.701601
0.46,33,0.714464
0.46,33,0.727421
0.31,33,0.740199
0.42,33,0.752985
1.1,33,0.765801
0.34,33,0.778552
0.39,33,0.791279
0.31,33,0.804059
1.14,33,0.81682
0.45,33,0.829718
1.11,33,0.849696
0.39,33,0.862337
0.49,33,1.726091
0.44,33,1.74324
0.35,33,1.762055
1.74,33,1.7818
0.39,33,1.797995
1.02,33,1.813865
0.41,33,1.829675
1.09,33,1.845017
0.51,33,1.86049
1.13,33,1.876359
0.5,33,1.891921
0.42,33,1.908179
1.11,33,1.924093
0.3,33,1.940428
1.17,33,1.957243
1.29,33,1.974107
1.15,33,1.99094
0.51,33,2.007577
1.09,33,2.024041
0.45,33,2.041258
0.37,33,2.057631
1.08,33,2.073344
1.2,33,2.089862
0.43,33,2.106445
0.62,33,2.122601
1.07,33,2.138136
0.46,33,2.154516
0.43,33,2.170664
0.39,33,2.187983
1.16,33,2.212476
0.49,33,2.229598
1.18,33,2.246231
0.45,33,2.263065
0.35,33,2.279071
0.41,33,2.294969
0.4,33,2.31111
0.39,33,2.327565
1.12,33,2.344128
0.52,33,2.360731
0.24,33,2.377033
0.98,33,2.392794
0.31,33,2.409758
0.53,33,2.425948
1.11,33,2.44223
1.25,33,2.45862
0.42,33,2.474621
0.35,33,2.490228
1.16,33,2.504907
0.33,33,2.520074
0.47,33,2.536933
0.43,33,2.555914
0.38,33,2.573498
1.21,33,2.591154
1.14,33,2.607822
1.19,33,2.622718
1.02,33,2.638124
0.48,33,2.654138
0.43,33,2.670493
0.46,33,2.68702
1.17,33,2.709309
0.4,33,2.728083
1.05,33,2.750556
1.14,33,3.442024
1.09,33,3.45898
1.15,33,3.474813
0.49,33,3.490246
1.19,33,3.506048
0.46,33,3.521518
1.23,33,3.53751
1.15,33,3.554154
0.66,33,3.570097
0.94,33,3.587736
4.2,21,3.599366
1.21,33,3.615524
1.16,33,3.631378
0.55,33,3.647097
0.41,33,3.663032
0.47,33,3.679041
1.08,33,3.695021
0.52,33,3.711152
1.09,33,3.727851
0.45,33,3.743798
1.0,33,3.759938
0.4,33,3.780187
1.08,33,3.800344
0.99,33,3.818179
1.17,33,3.839054
0.44,33,3.857406
0.47,33,3.876995
1.22,33,3.896245
0.45,33,3.920012
0.42,33,3.936076
0.44,33,3.952487
1.11,33,3.968801
0.45,33,3.984742
1.18,33,4.000648
1.01,33,4.018841
1.05,33,4.038705
1.09,33,4.055327
0.49,33,4.071174
1.05,33,4.087327
0.33,33,4.10372
1.02,33,4.124065
1.01,33,4.145658
1.01,33,4.168198
1.02,33,4.188107
0.4,33,4.207999
0.95,33,4.223284
0.49,33,4.238948
1.17,33,4.255378
0.47,33,4.270594
1.15,33,4.285835
1.15,33,4.30234
0.5,33,4.317456
1.78,33,4.333505
1.08,33,4.34906
1.04,33,4.364584
0.54,33,4.38088
1.09,33,4.396492
1.0,33,4.412838
1.25,33,4.43783
1.11,33,4.453836
0.32,33,4.470026
1.07,33,4.485713
1.16,33,5.173581
4.19,28,5.188225
1.1,33,5.202699
1.24,33,5.2166
1.03,33,5.231668
1.09,33,5.247738
1.18,33,5.263924
0.43,33,5.279643
1.08,33,5.295306
0.51,33,5.311814
1.09,33,5.326874
1.01,33,5.344098
1.09,33,5.360263
0.58,33,5.375663
1.17,33,5.391406
1.11,33,5.407941
1.07,33,5.423576
1.12,33,5.441285
1.19,33,5.462973
0.98,33,5.484746
1.09,33,5.506157
0.38,33,5.526618
0.3,33,5.548203
0.99,33,5.566376
0.38,33,5.582802
1.04,33,5.599916
0.91,33,5.624128
1.06,33,5.641294
1.08,33,5.658484
1.13,33,5.67573
1.13,33,5.693653
1.07,33,5.711385
1.07,33,5.732985
0.37,33,5.749532
1.08,33,5.766603
0.45,33,5.781984
1.06,33,5.797917
1.05,33,5.812946
0.95,33,5.827921
1.16,33,5.844271
0.94,33,5.859278
1.11,33,5.874696
0.49,33,5.890002
1.23,33,5.905442
1.36,33,5.92111
0.91,33,5.937102
1.88,33,5.952434
1.67,33,5.968491
1.06,33,5.984246
1.11,33,6.000757
1.08,33,6.017558
1.06,33,6.033536
1.14,33,6.050401
1.08,33,6.066761
1.15,33,6.082405
1.08,33,6.098461
1.13,33,6.114618
0.44,33,6.139906
1.19,33,6.157426
1.21,33,6.177682
1.09,33,6.198188
1.12,33,6.2178
1.1,33,7.198113
1.04,33,7.2188
1.05,33,7.238667
0.55,33,7.255119
1.13,33,7.270872
0.96,33,7.287583
0.52,33,7.302636
0.94,33,7.31771
1.1,33,7.335337
1.11,33,7.351878
1.09,33,7.367688
0.98,33,7.383725
1.18,33,7.400175
1.87,33,7.416345
0.4,33,7.432334
1.03,33,7.448194
0.36,33,7.464389
1.26,33,7.480103
1.01,33,7.496254
0.96,33,7.513963
1.1,33,7.530835
0.99,33,7.547246
1.09,33,7.563839
1.16,33,7.580165
1.26,33,7.596223
0.25,33,7.619071
1.06,33,7.634658
1.73,33,7.649825
0.95,33,7.665374
1.78,33,7.680677
1.14,33,7.696261
1.0,33,7.711771
1.08,33,7.725954
0.94,33,7.740993
0.27,33,7.758215
0.52,33,7.773827
1.08,33,7.790185
0.49,33,7.80561
1.22,33,7.821255
1.1,33,7.837266
1.13,33,7.852583
1.13,33,7.868125
0.93,33,7.8838
1.1,33,7.899104
1.16,33,7.915385
0.96,33,7.931333
1.15,33,7.947751
1.06,33,7.96419
0.97,33,7.980472
1.04,33,7.996768
0.35,33,8.013265
1.11,33,8.02913
0.5,33,8.044958
0.94,33,8.059789
1.08,33,8.075706
1.02,33,8.097341
1.01,33,8.113272
1.1,33,8.129054
1.1,33,8.145631
0.41,33,8.160904
1.0,33,8.177073
0.49,33,8.192401
1.39,33,8.889434
1.8,33,8.904911
1.32,33,8.920464
1.2,33,8.935018
0.99,33,8.951222
1.0,33,8.968153
1.04,33,8.985865
1.12,33,8.999274
0.95,33,9.019461
1.04,33,9.037207
0.46,33,9.050865
0.94,33,9.06652
1.07,33,9.083559
1.66,33,9.09954
0.42,33,9.115565
1.12,33,9.131937
0.49,33,9.145334
0.46,33,9.160674
1.02,33,9.177228
1.06,33,9.193335
1.06,33,9.208825
1.21,33,9.224601
1.08,33,9.239792
1.03,33,9.253681
1.14,33,9.272319
1.1,33,9.288255
1.01,33,9.304269
1.11,33,9.320249
1.08,33,9.336543
0.37,33,9.352533
0.97,33,9.36851
1.16,33,9.384269
0.39,33,9.400271
0.3,33,9.416067
1.06,33,9.432091
0.39,33,9.448015
1.11,33,9.463604
1.06,33,9.480523
3.59,29,9.494256
1.22,33,9.508753
1.08,33,9.522952
1.04,33,9.539116
1.06,33,9.555436
0.98,33,9.570914
0.52,33,9.58725
4.11,16,9.596025
1.15,33,9.61113
1.02,33,9.626691
0.46,33,9.642299
1.0,33,9.657601
1.01,33,9.674174
0.44,33,9.690056
1.08,33,9.705914
0.99,33,9.722023
1.09,33,9.740586
1.12,33,9.756487
1.13,33,9.77316
1.03,33,9.789688
1.04,33,9.806081
1.22,33,9.821952
1.19,33,9.839521
1.13,33,9.860868
1.02,33,9.880533
1.08,33,10.644099
1.21,33,10.661969
1.08,33,10.678029
1.11,33,10.69445
1.19,33,10.711728
0.98,33,10.72912
0.41,33,10.745592
1.1,33,10.762587
1.04,33,10.779346
1.04,33,10.797036
1.13,33,10.812929
1.04,33,10.829661
1.09,33,10.847321
0.34,33,10.862622
0.48,33,10.887174
1.07,33,10.912396
1.05,33,10.929204
0.37,33,10.945317
1.24,33,10.961913
1.0,33,10.978733
1.22,33,10.995647
1.06,33,11.011664
1.11,33,11.03212
0.94,33,11.053917
1.08,33,11.076002
1.14,33,11.098511
1.18,33,11.120004
1.13,33,11.143746
1.14,33,11.162991
1.21,33,11.179682
1.12,33,11.194907
1.31,33,11.210527
1.07,33,11.227273
0.9,33,11.244007
1.15,33,11.260317
1.08,33,11.276816
1.14,33,11.296974
0.51,33,11.314797
1.1,33,11.331873
1.21,33,11.352024
0.38,33,11.37161
0.96,33,11.397668
0.33,33,11.421646
1.26,33,11.439178
1.07,33,11.458023
1.21,33,11.477476
1.01,33,11.495391
1.28,33,11.51239
0.98,33,11.529306
1.07,33,11.546677
1.12,33,11.564403
1.11,33,11.581243
0.89,33,11.606841
0.37,33,11.625086
1.16,33,11.642754
1.09,33,11.661347
0.95,33,11.679732
0.5,33,11.696725
1.06,33,11.713633
1.13,33,11.73071
1.08,33,11.74745
1.06,33,11.765042
0.95,33,12.633816
1.05,33,12.651175
1.15,33,12.668389
1.05,33,12.684606
1.06,33,12.701053
1.01,33,12.717804
1.19,33,12.73463
1.05,33,12.750693
0.97,33,12.770604
0.94,33,12.787418
1.01,33,12.804038
0.93,33,12.826081
1.05,33,12.850172
1.04,33,12.872564
1.24,33,12.892004
1.03,33,12.914348
0.99,33,12.933344
1.17,33,12.951152
1.04,33,12.967638
1.09,33,12.983909
0.93,33,13.010213
1.12,33,13.027206
1.07,33,13.045026
0.45,33,13.062168
1.1,33,13.079246
1.09,33,13.096571
0.44,33,13.112707
0.97,33,13.130128
1.13,33,13.146653
1.3,33,13.163873
1.12,33,13.183008
1.3,33,13.200937
1.04,33,13.219531
1.06,33,13.237344
1.17,33,13.254432
1.15,33,13.272353
0.58,33,13.289941
0.96,33,13.305359
0.95,33,13.321712
1.16,33,13.338222
0.95,33,13.355016
1.18,33,13.372113
1.11,33,13.38812
4.21,25,13.402058
1.11,33,13.417681
1.09,33,13.433724
1.08,33,13.450005
1.28,33,13.467447
1.07,33,13.484313
1.02,33,13.500957
1.12,33,13.518314
1.08,33,13.546349
1.14,33,13.564665
0.45,33,13.582658
1.2,33,13.600846
1.23,33,13.618914
1.22,33,13.635934
1.74,33,13.653026
1.12,33,13.669511
1.07,33,13.686111
1.05,33,13.7025
1.06,33,13.718823
1.11,33,13.736067
0.93,33,14.506848
1.03,33,14.524228
1.14,33,14.540277
1.1,33,14.557128
1.0,33,14.573681
1.18,33,14.58877
1.76,33,14.606682
1.23,33,14.624226
0.51,33,14.643053
1.14,33,14.659701
1.17,33,14.678317
0.43,33,14.695009
1.1,33,14.710218
1.24,33,14.728545
0.98,33,14.746549
0.93,33,14.763209
1.12,33,14.780733
1.08,33,14.797719
1.01,33,14.823044
1.07,33,14.842215
1.1,33,14.859619
1.2,33,14.877624
1.08,33,14.894926
1.17,33,14.912447
1.2,33,14.930188
1.0,33,14.947632
1.03,33,14.96442
0.99,33,14.98082
0.99,33,14.998372
1.08,33,15.015572
1.0,33,15.032249
1.02,33,15.050355
1.72,33,15.06812
1.1,33,15.085168
1.03,33,15.104524
1.2,33,15.121043
1.22,33,15.13734
0.98,33,15.153511
1.05,33,15.169617
1.04,33,15.186203
1.16,33,15.202394
1.22,33,15.219285
0.53,33,15.236057
0.97,33,15.253088
1.16,33,15.270029
1.06,33,15.286316
0.94,33,15.304132
1.15,33,15.320274
1.11,33,15.338392
1.08,33,15.364678
1.08,33,15.381333
1.3,33,15.39889
1.01,33,15.416273
0.55,33,15.434871
0.97,33,15.452089
1.1,33,15.468797
0.51,33,15.486036
1.09,33,15.502484
1.19,33,15.518958
1.15,33,15.536352
1.23,33,15.555227
1.2,33,15.572305
1.0,33,16.358265
0.98,33,16.374907
1.18,33,16.392565
0.32,33,16.412699
0.92,33,16.431986
1.18,33,16.449031
1.15,33,16.464119
0.85,33,16.479934
1.03,33,16.495885
1.1,33,16.511975
1.04,33,16.529601
1.07,33,16.553877
0.99,33,16.577444
1.22,33,16.598517
1.03,33,16.619598
1.16,33,16.641391
1.01,33,16.664933
1.11,33,16.696484
4.17,27,16.713159
1.15,33,16.734056
1.19,33,16.756049
0.96,33,16.775434
1.11,33,16.794111
1.73,33,16.811132
1.04,33,16.827794
0.94,33,16.844995
1.2,33,16.861596
1.14,33,16.879069
1.13,33,16.896374
1.11,33,16.913338
1.02,33,16.931679
1.14,33,16.949088
1.21,33,16.966873
0.9,33,16.98572
3.62,33,17.003604
1.08,33,17.018896
1.09,33,17.037355
1.12,33,17.056144
1.21,33,17.07302
1.05,33,17.089741
0.93,33,17.107446
1.7,33,17.125861
0.94,33,17.142851
1.15,33,17.159892
1.17,33,17.176793
1.21,33,17.195252
1.03,33,17.212067
1.14,33,17.236203
1.11,33,17.254093
1.05,33,17.270964
1.01,33,17.289256
1.0,33,17.307748
0.48,33,17.323884
0.38,33,17.341553
0.95,33,17.358176
0.94,33,17.374897
1.05,33,17.391535
1.12,33,17.407368
1.05,33,17.42677
0.98,33,17.443171
1.1,33,17.461133
1.02,33,17.476923
1.09,33,18.292964
1.17,33,18.308745
1.01,33,18.324826
1.06,33,18.34281
1.11,33,18.359706
1.1,33,18.376242
1.13,33,18.391054
1.04,33,18.405989
0.97,33,18.425229
0.87,33,18.442405
1.13,33,18.457942
1.82,33,18.47406
1.15,33,18.489792
1.15,33,18.507279
1.0,33,18.523489
1.04,33,18.539371
0.93,33,18.560431
0.96,33,18.577001
0.95,33,18.59428
0.97,33,18.61072
3.76,32,18.626977
1.07,33,18.642508
1.11,33,18.659105
1.1,33,18.676878
1.12,33,18.693041
1.77,33,18.70883
1.08,33,18.724063
0.98,33,18.739442
1.25,33,18.754133
0.98,33,18.7697
1.08,33,18.785243
0.37,33,18.801711
1.23,33,18.818373
1.0,33,18.833446
1.12,33,18.848633
1.1,33,18.864555
1.14,33,18.880822
1.08,33,18.896261
1.24,33,18.91225
1.1,33,18.928631
1.02,33,18.944399
0.97,33,18.960097
1.21,33,18.979623
1.09,33,18.995808
1.13,33,19.013966
1.08,33,19.032488
1.07,33,19.058649
0.96,33,19.074422
1.01,33,19.09014
1.19,33,19.105872
1.08,33,19.121823
1.11,33,19.137845
1.05,33,19.154396
1.14,33,19.17074
1.11,33,19.186979
0.91,33,19.202964
1.09,33,19.218164
1.18,33,19.233494
0.93,33,19.248472
0.45,33,19.263819
1.21,33,19.280242
1.09,33,19.296958
1.11,33,20.04048
1.18,33,20.056154
1.17,33,20.072117
1.25,33,20.0888
1.87,33,20.105033
1.23,33,20.123813
1.03,33,20.139736
1.13,33,20.155626
0.97,33,20.173246
1.36,33,20.19002
1.81,33,20.205938
0.34,33,20.221672
1.11,33,20.237456
0.93,33,20.25208
0.95,33,20.273437
0.98,33,20.289491
0.96,33,20.305865
1.16,33,20.321372
4.08,10,20.326164
0.94,33,20.341457
1.04,33,20.357915
1.06,33,20.373539
1.13,33,20.389324
1.16,33,20.405091
1.03,33,20.41952
0.91,33,20.436412
1.11,33,20.45232
1.16,33,20.46838
1.08,33,20.48461
1.09,33,20.499917
1.01,33,20.515552
1.01,33,20.532067
1.18,33,20.54766
1.78,33,20.563218
1.84,33,20.579295
1.17,33,20.595344
0.95,33,20.611637
3.4,20,20.622314
1.12,33,20.638148
1.23,33,20.655918
1.74,33,20.672989
1.14,33,20.691003
1.07,33,20.706275
0.99,33,20.722442
1.06,33,20.739574
1.16,33,20.7565
0.97,33,20.782836
1.26,33,20.799181
1.19,33,20.815851
1.17,33,20.832062
1.25,33,20.848455
1.12,33,20.86468
1.2,33,20.880805
1.15,33,20.897603
1.75,33,20.921124
1.1,33,20.939521
0.89,33,20.955223
1.27,33,20.97224
1.15,33,20.988229
1.13,33,21.004112
1.36,33,21.019397
1.08,33,21.03499
1.17,33,21.050551
1.8,33,21.996058
1.02,33,22.010646
1.18,33,22.026724
4.18,20,22.03633
1.1,33,22.050767
1.13,33,22.066914
0.91,33,22.084033
0.98,33,22.101079
1.12,33,22.119704
1.15,33,22.133703
1.07,33,22.15057
0.81,33,22.177982
1.02,33,22.195665
1.01,33,22.221347
1.1,33,22.236057
1.24,33,22.252871
1.06,33,22.268797
1.14,33,22.284927
0.97,33,22.300831
1.04,33,22.316459
1.17,33,22.332959
1.15,33,22.349263
1.13,33,22.368158
1.19,33,22.385525
1.04,33,22.402543
1.23,33,22.418791
1.31,33,22.433965
1.07,33,22.449877
0.37,33,22.46537
1.06,33,22.481092
1.16,33,22.497257
0.93,33,22.513038
1.14,33,22.529145
0.96,33,22.545114
1.13,33,22.560693
1.23,33,22.575762
0.99,33,22.590899
1.17,33,22.612429
0.97,33,22.634049
1.07,33,22.655215
1.07,33,22.676125
1.87,33,22.696537
1.1,33,22.715525
1.04,33,22.730912
1.26,33,22.751034
0.98,33,22.767803
1.1,33,22.783985
1.03,33,22.801261
1.11,33,22.822795
1.03,33,22.839566
0.92,33,22.857215
1.15,33,22.874716
4.12,16,22.88271
1.18,33,22.899131
0.96,33,22.914202
1.2,33,22.930323
1.03,33,22.945898
1.06,33,22.961554
1.27,33,22.976986
1.19,33,22.992709
1.21,33,23.009151
1.22,33,23.024382
0.97,33,23.039546
1.11,33,23.837258
1.19,33,23.855839
1.88,33,23.872883
3.69,31,23.889027
1.08,33,23.904052
1.37,33,23.919908
1.07,33,23.933575
4.1,19,23.945376
1.76,33,23.9622
3.49,24,23.97532
1.13,33,23.991258
1.22,33,24.007018
1.13,33,24.040028
1.33,33,24.056214
0.99,33,24.071262
1.15,33,24.088012
1.0,33,24.103934
0.88,33,24.120243
4.09,14,24.129336
1.07,33,24.145561
1.06,33,24.161482
0.99,33,24.180962
1.09,33,24.199082
1.14,33,24.215282
1.09,33,24.231698
1.14,33,24.247763
1.2,33,24.263746
0.97,33,24.280168
1.07,33,24.296703
1.1,33,24.312802
1.21,33,24.328792
0.96,33,24.345038
0.94,33,24.363961
1.11,33,24.382167
1.84,33,24.398828
1.13,33,24.415078
1.11,33,24.43137
1.26,33,24.448111
1.19,33,24.464837
1.2,33,24.481058
1.24,33,24.497231
1.05,33,24.513235
1.65,33,24.52977
1.14,33,24.548646
1.14,33,24.564476
1.18,33,24.580105
1.69,33,24.596079
1.1,33,24.611677
1.06,33,24.633541
1.02,33,24.651386
1.18,33,24.676965
1.78,33,24.700973
1.19,33,24.723745
1.03,33,24.744567
0.96,33,24.766137
1.22,33,24.79118
1.33,33,24.811598
1.02,33,24.827831
1.21,33,24.844472
1.1,33,24.86104
1.05,33,24.877498
1.26,33,24.893239
1.11,33,24.908674
1.1,33,25.752555
1.04,33,25.767972
1.17,33,25.788628
1.16,33,25.812437
1.32,33,25.83905
1.26,33,25.864218
1.07,33,25.890614
1.25,33,25.916019
1.36,33,25.936729
4.1,12,25.946999
1.14,33,25.971691
1.05,33,26.008652
1.21,33,26.037916
1.89,33,26.063527
1.18,33,26.08713
1.07,33,26.109539
0.99,33,26.127431
1.86,33,26.14321
1.03,33,26.159026
0.94,33,26.174769
0.49,33,26.189601
1.14,33,26.205417
1.29,33,26.221302
1.75,33,26.23783
1.12,33,26.25404
1.87,33,26.270692
0.92,33,26.286499
0.95,33,26.307331
0.35,33,26.326947
1.75,33,26.34376
1.1,33,26.359955
1.06,33,26.375689
4.27,30,26.389925
1.17,33,26.405304
0.46,33,26.421023
1.18,33,26.437158
1.14,33,26.453009
1.16,33,26.468499
1.12,33,26.484475
1.21,33,26.500303
3.56,21,26.512259
1.06,33,26.528703
1.15,33,26.552782
1.07,33,26.571958
1.04,33,26.59356
1.74,33,26.616694
1.11,33,26.642569
1.04,33,26.663869
1.19,33,26.684872
1.12,33,26.706285
1.9,33,26.72901
1.13,33,26.749863
1.22,33,26.769164
1.19,33,26.790387
1.09,33,26.806706
1.06,33,26.822229
1.73,33,26.838903
1.08,33,26.855878
1.17,33,26.873283
1.08,33,26.890076
1.06,33,26.906059
1.83,33,26.922517
1.87,33,26.93857
1.24,33,26.953073
1.02,33,27.859897
1.07,33,27.886343
1.09,33,27.914658
1.08,33,27.939467
1.15,33,27.96632
1.16,33,27.989382
0.91,33,28.013805
1.11,33,28.036372
0.98,33,28.067775
4.09,13,28.079149
1.1,33,28.099298
0.9,33,28.116798
1.02,33,28.13467
1.04,33,28.151452
1.18,33,28.169486
1.2,33,28.185015
1.86,33,28.202109
0.94,33,28.217352
1.08,33,28.240462
1.34,33,28.266773
1.08,33,28.29018
1.13,33,28.309116
1.02,33,28.327859
1.21,33,28.340592
1.09,33,28.355254
1.12,33,28.368462
1.08,33,28.381871
0.89,33,28.395389
0.97,33,28.409265
0.86,33,28.42299
1.12,33,28.437383
1.08,33,28.451676
1.35,33,28.465694
1.11,33,28.479346
0.89,33,28.492207
1.25,33,28.505441
1.18,33,28.51793
1.19,33,28.53107
1.17,33,28.544255
1.15,33,28.560756
1.05,33,28.574246
1.25,33,28.589908
1.15,33,28.603722
1.2,33,28.617266
1.21,33,28.631128
1.25,33,28.646271
1.09,33,28.661354
1.27,33,28.675891
1.03,33,28.689327
1.03,33,28.70221
0.44,33,28.7154
1.05,33,28.728315
1.04,33,28.741606
1.25,33,28.754873
1.05,33,28.767793
1.26,33,28.78094
1.29,33,28.794189
4.03,13,28.799584
1.06,33,28.812541
0.97,33,28.825914
1.1,33,28.839997
1.71,33,28.854177
1.23,33,28.867626
1.04,33,29.578728
1.11,33,29.592247
1.21,33,29.60481
1.18,33,29.617377
1.04,33,29.630286
1.07,33,29.643234
0.97,33,29.656321
1.21,33,29.672842
1.12,33,29.685282
1.83,33,29.698155
1.26,33,29.711084
1.79,33,29.724155
1.08,33,29.736637
1.1,33,29.749323
1.25,33,29.762407
1.13,33,29.775435
0.33,33,29.787867
1.11,33,29.800688
1.04,33,29.813549
1.26,33,29.826392
1.03,33,29.839041
1.21,33,29.851658
0.86,33,29.864445
1.25,33,29.877341
1.04,33,29.890105
1.83,33,29.903283
1.09,33,29.916447
1.14,33,29.931074
1.07,33,29.945356
1.11,33,29.958412
1.16,33,29.97137
1.07,33,29.984181
1.09,33,29.996948
1.14,33,30.009508
1.2,33,30.022133
1.17,33,30.035913
1.15,33,30.049069
1.82,33,30.065182
1.15,33,30.077755
1.14,33,30.090484
1.11,33,30.103979
4.17,17,30.111437
1.26,33,30.124035
1.59,33,30.140414
0.98,33,30.159375
1.09,33,30.174372
0.94,33,30.188612
1.07,33,30.202793
1.12,33,30.217475
1.1,33,30.231612
1.7,33,30.245876
1.14,33,30.261141
1.05,33,30.274813
0.89,33,30.288111
1.04,33,30.300885
1.15,33,30.313534
1.09,33,30.326339
1.08,33,30.338934
4.13,24,30.348983
1.02,33,30.361566
1.14,33,30.374747
1.26,33,30.387351
0.99,33,30.400556
1.24,33,31.108826
1.04,33,31.123486
1.13,33,31.137615
0.96,33,31.152055
1.22,33,31.165746
1.68,33,31.182571
1.2,33,31.19604
1.95,33,31.209306
4.17,15,31.21572
1.18,33,31.228496
1.19,33,31.241536
1.2,33,31.253988
1.12,33,31.267056
1.08,33,31.280049
1.03,33,31.29313
1.08,33,31.306165
1.1,33,31.318519
1.21,33,31.331616
1.17,33,31.34464
1.13,33,31.35771
1.27,33,31.370431
1.14,33,31.383471
1.03,33,31.396426
0.51,33,31.409518
1.19,33,31.42182
1.02,33,31.434975
1.16,33,31.448762
1.02,33,31.46164
1.04,33,31.474885
1.06,33,31.487305
1.13,33,31.500518
1.14,33,31.513506
1.11,33,31.526528
0.9,33,31.538901
1.18,33,31.551932
1.65,33,31.567118
4.31,28,31.581584
1.3,33,31.594245
1.07,33,31.607287
0.96,33,31.619584
1.14,33,31.632558
1.15,33,31.645502
1.15,33,31.659633
1.05,33,31.672081
1.85,33,31.6856
1.91,33,31.698686
1.84,33,31.711684
1.06,33,31.725013
1.09,33,31.737536
1.1,33,31.750286
1.13,33,31.762874
1.67,33,31.77602
1.09,33,31.78859
1.01,33,31.801381
1.14,33,31.814129
1.8,33,31.826853
0.98,33,31.839334
1.15,33,31.8522
1.14,33,31.865264
1.8,33,31.878208
1.15,33,31.891646
1.23,33,31.904103
1.09,33,32.619339
0.98,33,32.633347
1.04,33,32.647841
4.22,20,32.657054
4.06,15,32.663345
4.05,10,32.668363
1.34,33,32.68917
1.31,33,32.702927
1.77,33,32.716353
1.04,33,32.729019
1.14,33,32.74194
1.9,33,32.754657
1.14,33,32.767541
1.03,33,32.780281
1.08,33,32.793117
1.19,33,32.805952
1.0,33,32.819161
1.67,33,32.832149
4.26,27,32.842939
1.22,33,32.855104
1.23,33,32.8682
1.9,33,32.880966
1.22,33,32.893959
1.17,33,32.906642
1.12,33,32.919614
1.02,33,32.932204
1.2,33,32.948155
1.01,33,32.961601
1.93,33,32.974728
1.04,33,32.987305
0.98,33,33.001379
1.15,33,33.019825
1.94,33,33.034653
1.02,33,33.062757
1.02,33,33.089565
1.15,33,33.108336
0.87,33,33.124795
4.15,16,33.142777
1.21,33,33.158457
1.19,33,33.174729
4.09,19,33.185107
0.96,33,33.202008
1.14,33,33.218104
1.22,33,33.234077
1.68,33,33.250722
1.15,33,33.268186
1.01,33,33.285944
1.24,33,33.302816
4.19,19,33.311749
1.13,33,33.327506
1.26,33,33.343836
1.86,33,33.360592
1.08,33,33.378079
1.07,33,33.394284
1.09,33,33.411183
4.21,27,33.426603
1.06,33,33.442438
1.07,33,33.45754
4.35,31,33.470609
1.3,33,33.485461
1.08,33,33.500363
1.21,33,33.515838
1.13,33,33.531217
1.17,33,33.547681
1.14,33,33.563235
1.23,33,33.57856
1.17,33,34.345084
1.07,33,34.363102
4.04,11,34.369725
1.73,33,34.401252
1.1,33,34.421078
1.25,33,34.441828
0.98,33,34.459909
1.11,33,34.476817
1.67,33,34.494323
1.12,33,34.511041
1.17,33,34.527104
1.03,33,34.542558
1.12,33,34.559813
1.28,33,34.577633
4.25,24,34.590826
1.04,33,34.608243
1.27,33,34.623611
1.82,33,34.639242
1.11,33,34.654856
0.98,33,34.670187
1.09,33,34.688647
1.06,33,34.705411
4.24,28,34.71943
1.11,33,34.735732
1.1,33,34.750564
1.71,33,34.766569
1.05,33,34.78639
1.09,33,34.805076
1.84,33,34.820513
4.16,12,34.827803
1.0,33,34.843118
0.86,33,34.858224
1.29,33,34.874607
0.87,33,34.890079
1.09,33,34.904335
1.11,33,34.929371
1.21,33,34.945542
1.01,33,34.961191
1.04,33,34.976593
1.84,33,34.992934
1.29,33,35.008381
1.85,33,35.023464
1.06,33,35.042463
1.85,33,35.057748
1.12,33,35.079446
1.06,33,35.096941
1.07,33,35.112539
1.07,33,35.128569
4.15,21,35.139029
4.02,10,35.144862
1.19,33,35.15995
1.07,33,35.175376
0.95,33,35.190693
1.13,33,35.20681
0.96,33,35.222473
1.13,33,35.239623
1.05,33,35.255756
1.04,33,35.271633
1.06,33,35.289444
1.17,33,35.310818
1.54,33,35.329304
4.33,31,35.352392
4.05,10,35.363113
1.25,33,35.389098
1.76,33,35.416741
1.09,33,35.442386
4.05,10,36.316951
1.21,33,36.336999
4.13,17,36.344898
1.13,33,36.358506
4.08,12,36.364558
1.08,33,36.377634
4.23,20,36.38586
1.12,33,36.399
1.83,33,36.412294
1.06,33,36.42483
4.26,31,36.436844
1.91,33,36.449329
4.14,15,36.455639
0.52,33,36.468271
1.03,33,36.481417
0.98,33,36.494248
1.87,33,36.5073
0.96,33,36.520343
1.59,33,36.533082
0.96,33,36.545681
0.88,33,36.55889
4.05,10,36.566509
1.23,33,36.58119
1.22,33,36.594922
1.13,33,36.608905
1.23,33,36.621776
0.39,33,36.634455
4.24,24,36.644639
1.22,33,36.656756
1.21,33,36.669379
4.25,20,36.677685
1.03,33,36.694671
1.72,33,36.708504
1.81,33,36.721709
1.26,33,36.734398
1.12,33,36.754221
4.3,25,36.76436
1.11,33,36.776771
1.08,33,36.789308
1.82,33,36.804071
0.99,33,36.817734
4.23,28,36.82923
0.98,33,36.844793
4.07,10,36.849582
0.96,33,36.862193
1.8,33,36.880673
1.15,33,36.895625
1.3,33,36.910133
3.66,24,36.920761
1.21,33,36.934361
4.06,12,36.940135
1.85,33,36.9564
1.19,33,36.970347
1.14,33,36.984104
1.87,33,36.997039
1.96,33,37.009749
1.03,33,37.022327
1.29,33,37.035057
1.16,33,37.048301
1.15,33,37.061127
4.08,10,37.065951
1.21,33,37.079898
1.01,33,37.092616
4.08,10,37.097194
1.24,33,37.109793
4.29,22,37.118844
1.06,33,37.131467
1.15,33,37.145214
1.03,33,37.15806
4.08,10,37.162612
1.23,33,37.900138
1.09,33,37.917198
1.77,33,37.933019
1.05,33,37.949058
4.15,14,37.956502
1.07,33,37.972324
1.09,33,37.988074
0.98,33,38.003615
4.25,22,38.01425
4.18,21,38.024237
4.17,23,38.035878
1.19,33,38.05045
1.06,33,38.067564
1.22,33,38.082628
0.94,33,38.098833
1.14,33,38.116438
4.08,11,38.122616
4.18,17,38.130984
1.85,33,38.146765
1.16,33,38.161967
1.15,33,38.178079
1.17,33,38.194146
4.19,22,38.206204
1.72,33,38.223118
1.06,33,38.23915
4.19,27,38.252796
1.09,33,38.268177
0.89,33,38.284359
1.77,33,38.300383
1.08,33,38.316426
1.2,33,38.33195
1.21,33,38.348452
4.08,11,38.355428
4.05,10,38.36058
0.94,33,38.376592
4.03,10,38.382371
4.18,22,38.402742
0.9,33,38.417551
1.17,33,38.432454
1.13,33,38.448378
4.08,10,38.453138
4.29,31,38.468552
4.07,10,38.474331
0.87,33,38.489771
4.11,16,38.499167
1.13,33,38.515384
0.88,33,38.531548
1.25,33,38.547885
1.19,33,38.564352
1.73,33,38.581027
1.06,33,38.598308
0.94,33,38.615384
1.06,33,38.631324
4.05,10,38.636306
1.13,33,38.652545
1.75,33,38.668586
4.16,19,38.679469
1.82,33,38.697108
4.2,17,38.705206
1.13,33,38.721396
4.18,16,38.732065
1.81,33,38.749878
1.22,33,38.766899
4.39,32,38.784144
1.03,33,38.800739
1.9,33,38.817808
1.17,33,38.835021
1.04,33,38.853049
1.79,33,38.870188
4.16,15,38.88039
1.2,33,38.897128
0.95,33,38.922457
0.84,33,38.942416
4.11,15,39.833614
1.21,33,39.847788
0.85,33,39.864218
1.05,33,39.881762
4.14,17,39.892455
1.09,33,39.909165
1.19,33,39.925853
1.9,33,39.942239
1.76,33,39.958812
4.12,15,39.96709
1.04,33,39.982364
4.08,10,39.988927
1.02,33,40.004795
1.11,33,40.022183
1.0,33,40.038026
0.95,33,40.054795
4.08,13,40.061527
1.77,33,40.078139
1.87,33,40.094368
1.24,33,40.110272
0.99,33,40.127201
1.05,33,40.143052
1.03,33,40.159473
1.75,33,40.175815
0.42,33,40.190849
1.26,33,40.207724
1.04,33,40.222898
1.17,33,40.239049
4.12,14,40.24579
4.14,20,40.256494
0.95,33,40.271969
1.79,33,40.287929
1.11,33,40.308304
1.03,33,40.325169
4.08,10,40.330727
1.2,33,40.346609
4.23,31,40.363385
1.88,33,40.377961
1.69,33,40.39215
4.06,10,40.398817
1.9,33,40.416806
1.77,33,40.433315
1.06,33,40.460478
1.08,33,40.479028
1.04,33,40.495649
1.78,33,40.51303
4.06,10,40.51868
1.01,33,40.536076
4.16,18,40.546371
0.99,33,40.563086
1.73,33,40.579331
1.62,33,40.595762
1.18,33,40.611872
4.08,10,40.616981
1.06,33,40.633332
1.09,33,40.650479
1.08,33,40.67012
1.14,33,40.688729
1.0,33,40.708774
1.07,33,40.726431
1.85,33,40.743031
0.99,33,40.760407
1.14,33,40.776672
1.24,33,40.793179
4.06,10,40.798593
1.2,33,40.814881
1.76,33,40.834679
1.71,33,40.854641
4.18,29,40.872442
1.2,33,40.887635
1.09,33,41.823292
1.11,33,41.837341
1.08,33,41.853286
1.17,33,41.869275
1.15,33,41.882748
4.18,15,41.89181
4.08,10,41.896796
0.99,33,41.913595
1.62,33,41.930304
4.08,10,41.934731
1.27,33,41.950791
4.3,24,41.960984
1.24,33,41.976725
4.21,26,41.989706
1.06,33,42.004637
4.13,23,42.014358
1.12,33,42.030233
4.08,10,42.036795
1.14,33,42.052011
1.0,33,42.066203
1.3,33,42.081463
1.06,33,42.097489
4.08,10,42.102045
1.01,33,42.118222
1.78,33,42.134689
0.95,33,42.15073
1.83,33,42.165405
4.08,11,42.172223
2.08,33,42.187485
4.08,10,42.193375
1.06,33,42.208819
1.09,33,42.225317
1.9,33,42.245775
1.77,33,42.26226
4.06,10,42.267427
4.06,10,42.274574
0.93,33,42.289685
0.98,33,42.306116
0.95,33,42.323283
1.08,33,42.340261
4.18,19,42.349526
1.95,33,42.365568
1.82,33,42.381372
1.74,33,42.397799
4.19,28,42.412902
4.05,10,42.418062
0.98,33,42.434244
4.03,10,42.440474
4.29,31,42.455139
1.09,33,42.470903
1.78,33,42.487013
1.11,33,42.503192
1.03,33,42.519076
1.17,33,42.535601
1.03,33,42.551756
1.21,33,42.567569
4.08,11,42.573446
1.16,33,42.588734
4.15,18,42.599279
1.85,33,42.614969
1.08,33,42.631119
1.19,33,42.647027
4.2,26,42.660262
1.74,33,42.676325
4.21,32,42.691709
4.08,10,42.697321
4.05,11,42.702503
1.11,33,42.718642
1.08,33,42.734651
4.08,10,42.750701
1.14,33,42.766607
4.21,20,42.777106
1.14,33,42.792583
1.13,33,42.809047
1.2,33,43.511725
0.99,33,43.528807
0.92,33,43.544332
1.06,33,43.561253
1.11,33,43.57713
4.16,19,43.586761
0.9,33,43.603627
1.06,33,43.619479
0.87,33,43.635803
4.21,20,43.646966
0.95,33,43.662463
1.22,33,43.679255
1.01,33,43.694379
1.13,33,43.710247
4.29,27,43.722867
4.08,25,43.73421
1.14,33,43.750069
4.08,10,43.755768
1.0,33,43.772408
1.11,33,43.78805
1.24,33,43.804365
4.08,10,43.811933
1.19,33,43.829154
4.23,21,43.840362
0.84,33,43.856681
1.81,33,43.873421
1.67,33,43.890335
1.08,33,43.906925
1.04,33,43.92377
0.86,33,43.94961
1.07,33,43.967024
1.02,33,43.984254
0.8,33,44.001233
1.14,33,44.020674
0.99,33,44.041839
0.98,33,44.063334
1.18,33,44.081007
1.2,33,44.098671
1.02,33,44.115126
4.19,17,44.123393
4.16,25,44.135551
1.04,33,44.150613
0.99,33,44.165901
1.18,33,44.180729
4.08,10,44.18626
1.07,33,44.201673
1.1,33,44.21702
0.86,33,44.232448
0.94,33,44.247954
4.05,10,44.25329
1.05,33,44.269437
1.72,33,44.285596
4.19,19,44.29623
0.31,33,44.311714
4.05,10,44.316972
1.12,33,44.332856
1.78,33,44.348342
1.0,33,44.36436
4.08,11,44.370288
1.95,33,44.386063
4.08,10,44.392955
0.96,33,44.409076
1.07,33,44.425502
1.02,33,44.443231
4.11,14,44.450455
1.1,33,44.472933
4.23,30,44.488684
1.14,33,44.506813
4.15,14,44.514254
1.91,33,44.530457
1.08,33,44.546067
1.68,33,45.309168
1.71,33,45.326977
1.1,33,45.343061
4.32,26,45.354738
1.11,33,45.371731
4.08,10,45.377953
4.18,18,45.387984
1.1,33,45.402882
0.96,33,45.41924
1.02,33,45.437512
0.99,33,45.453779
4.08,10,45.460709
4.05,11,45.466334
4.12,14,45.475116
1.81,33,45.491285
4.08,10,45.496306
4.05,10,45.502351
4.21,24,45.515197
1.85,33,45.530772
4.18,26,45.543696
0.9,33,45.558357
0.9,33,45.573616
4.08,10,45.578371
1.05,33,45.595635
4.18,24,45.608554
0.96,33,45.624505
4.39,30,45.639576
1.3,33,45.654611
1.05,33,45.670614
1.04,33,45.685825
1.1,33,45.712425
1.26,33,45.745587
4.25,24,45.76164
4.14,21,45.773336
1.14,33,45.789893
1.8,33,45.806708
1.71,33,45.822388
1.78,33,45.839467
1.24,33,45.856147
4.18,24,45.871259
0.95,33,45.893211
1.01,33,45.918218
1.78,33,45.937559
1.21,33,45.95594
4.18,22,45.968155
4.02,12,45.975457
1.78,33,45.993488
4.11,12,46.000625
1.79,33,46.023101
1.11,33,46.042171
1.02,33,46.062709
1.72,33,46.080729
4.28,32,46.095353
4.16,20,46.104452
0.83,33,46.120924
0.84,33,46.135478
1.73,33,46.149607
4.15,17,46.157216
4.14,15,46.163679
1.75,33,46.177539
1.9,33,46.1916
4.08,10,46.19636
0.99,33,46.21053
1.79,33,46.228497
1.2,33,46.245699
1.15,33,46.260795
1.11,33,46.283037
4.08,12,46.288969
4.18,18,46.297034
1.9,33,46.312547
1.76,33,46.329083
1.01,33,46.343031
4.21,23,46.352917
4.08,10,46.357445
4.03,10,46.362044
4.2,19,46.370542
1.15,33,47.076983
1.14,33,47.090756
1.75,33,47.103893
0.87,33,47.116452
4.02,10,47.120988
0.92,33,47.134071
4.08,10,47.138341
1.08,33,47.151841
4.08,10,47.156708
0.99,33,47.169529
1.21,33,47.182022
4.08,10,47.187089
1.15,33,47.199181
1.11,33,47.212187
4.14,23,47.221587
1.78,33,47.234037
4.12,19,47.242006
0.97,33,47.254141
1.17,33,47.267148
4.08,10,47.271696
1.24,33,47.284365
0.38,33,47.296799
4.08,10,47.301509
4.05,10,47.30617
1.64,33,47.318313
4.16,21,47.326989
1.04,33,47.33926
4.19,16,47.345936
4.08,10,47.350512
1.2,33,47.36262
1.83,33,47.382073
1.03,33,47.395406
1.19,33,47.414953
0.92,33,47.42931
1.2,33,47.442455
0.96,33,47.455106
4.05,10,47.459659
1.76,33,47.472309
1.07,33,47.485064
1.72,33,47.497493
1.24,33,47.510484
4.08,10,47.514829
1.06,33,47.527485
4.08,10,47.532095
0.34,33,47.544502
0.96,33,47.557202
4.08,11,47.56194
1.12,33,47.574549
4.08,10,47.578958
0.99,33,47.591832
1.02,33,47.604944
1.11,33,47.618825
4.08,11,47.62397
0.99,33,47.636788
1.13,33,47.64982
1.14,33,47.663099
1.11,33,47.676058
0.96,33,47.688577
1.09,33,47.701247
1.15,33,47.714308
4.08,10,47.719168
4.05,11,47.724088
4.15,15,47.730283
4.14,18,47.737504
1.24,33,47.749745
4.18,15,47.756171
1.25,33,47.768591
4.12,17,47.77558
1.86,33,47.791541
0.99,33,47.804082
4.16,23,47.813213
1.78,33,47.826103
4.08,10,47.830398
1.03,33,47.843039
1.11,33,47.856188
0.76,33,47.87042
0.97,33,47.885266
4.08,10,47.889801
1.85,33,47.903391
4.08,10,47.908332
4.06,10,48.607196
4.14,16,48.614304
4.08,12,48.620025
4.18,22,48.628332
4.35,33,48.641148
1.02,33,48.65441
4.08,10,48.658693
1.11,33,48.67189
1.02,33,48.685131
1.03,33,48.697547
0.86,33,48.710829
4.19,20,48.719314
1.2,33,48.731352
0.99,33,48.744184
4.08,11,48.748901
4.22,23,48.758259
1.18,33,48.770938
1.0,33,48.783695
4.18,19,48.792116
1.72,33,48.804582
1.79,33,48.817708
4.08,11,48.822405
0.99,33,48.835101
1.08,33,48.847717
4.18,14,48.854285
1.78,33,48.866548
1.07,33,48.881625
4.08,10,48.886956
4.05,10,48.89457
1.67,33,48.907715
1.8,33,48.921028
4.08,12,48.926058
1.86,33,48.939153
4.06,10,48.943603
4.18,17,48.950646
4.08,10,48.955103
4.21,19,48.962413
1.61,33,48.974654
1.77,33,48.987689
1.0,33,49.00034
1.16,33,49.015891
1.02,33,49.030891
4.18,14,49.037263
1.13,33,49.04933
1.05,33,49.061958
0.81,33,49.074309
1.04,33,49.087451
1.07,33,49.100322
4.08,12,49.105783
4.24,24,49.115303
0.95,33,49.127662
4.08,10,49.132329
4.21,19,49.140643
4.08,11,49.145343
0.95,33,49.157721
0.98,33,49.170485
0.89,33,49.182692
4.05,10,49.187344
4.05,10,49.192478
4.08,12,49.197454
1.72,33,49.210031
4.06,10,49.214525
4.08,11,49.219861
1.1,33,49.232163
1.72,33,49.244853
4.12,17,49.252034
0.84,33,49.264018
4.12,16,49.270977
1.19,33,49.283118
0.86,33,49.303527
1.0,33,49.316197
4.14,18,49.324102
4.18,20,49.33172
4.08,14,49.33761
1.87,33,49.349835
4.08,11,49.354677
4.05,11,49.359633
0.96,33,49.372007
1.73,33,49.385024
0.84,33,49.397735
0.81,33,49.410446
4.15,15,49.416986
4.08,10,49.421648
1.7,33,49.43392
1.04,33,50.105315
1.08,33,50.118246
4.08,10,50.122834
4.18,16,50.129314
4.15,14,50.135278
1.1,33,50.14769
4.11,12,50.152997
4.23,24,50.162375
1.71,33,50.175061
4.06,10,50.179456
4.21,23,50.1894
4.14,18,50.196636
1.2,33,50.209233
1.63,33,50.222472
1.69,33,50.235139
4.16,19,50.243089
4.08,12,50.248295
1.1,33,50.260573
4.08,10,50.264951
4.3,28,50.276366
1.79,33,50.289095
1.18,33,50.301936
4.1,18,50.309458
1.02,33,50.322212
1.09,33,50.33505
1.04,33,50.347859
1.05,33,50.368354
1.03,33,50.381195
1.71,33,50.3945
4.18,16,50.401704
4.08,10,50.406302
4.18,22,50.414709
1.78,33,50.427914
1.1,33,50.441128
4.06,10,50.445545
4.14,19,50.453838
1.34,33,50.466063
4.16,22,50.475386
1.0,33,50.487952
1.12,33,50.500574
1.13,33,50.513427
1.66,33,50.526714
4.36,31,50.538993
0.99,33,50.551285
4.06,10,50.556063
4.19,28,50.566608
4.08,10,50.571368
1.2,33,50.583537
4.44,32,50.59643
4.28,28,50.607612
4.18,14,50.613364
4.26,27,50.624127
4.08,10,50.628484
1.27,33,50.640989
1.24,33,50.654862
1.84,33,50.667475
1.81,33,50.68047
1.05,33,50.694227
4.16,18,50.702038
1.16,33,50.714489
4.08,10,50.719375
1.34,33,50.732063
4.27,30,50.744044
4.11,25,50.754016
1.06,33,50.774526
1.01,33,50.787534
1.79,33,50.800172
4.18,18,50.808067
4.08,10,50.812368
1.69,33,50.824962
4.16,22,50.833623
4.4,29,50.844814
4.35,32,50.857706
1.1,33,50.87046
1.07,33,50.886214
1.07,33,50.899588
1.06,33,50.913124
4.26,23,50.922278
0.98,33,51.58468
4.16,16,51.592253
4.14,16,51.598537
1.75,33,51.611189
4.18,18,51.618622
4.14,22,51.627077
0.95,33,51.639287
0.89,33,51.654785
0.99,33,51.668642
4.08,11,51.673511
1.9,33,51.686051
1.19,33,51.698554
1.9,33,51.711573
0.95,33,51.723956
1.01,33,51.736803
1.34,33,51.749397
1.01,33,51.761926
4.08,10,51.766295
4.18,22,51.775423
0.86,33,51.788106
4.08,10,51.792647
0.9,33,51.80505
4.06,10,51.809414
4.14,21,51.817669
1.07,33,51.833487
1.14,33,51.846179
4.08,10,51.850525
4.18,21,51.859537
4.08,10,51.863882
1.2,33,51.876365
1.86,33,51.891426
4.08,10,51.896115
4.18,21,51.904992
4.17,20,51.91316
1.18,33,51.925424
1.04,33,51.938386
1.07,33,51.950947
1.12,33,51.963936
1.11,33,51.976658
1.8,33,51.989932
4.16,24,51.999463
4.08,10,52.004064
0.99,33,52.016327
4.08,10,52.020928
1.01,33,52.034145
1.03,33,52.047132
4.17,19,52.055078
4.14,25,52.064423
4.08,10,52.068927
0.88,33,52.08187
1.82,33,52.095034
1.17,33,52.107834
0.9,33,52.120428
4.18,29,52.131721
4.02,10,52.136376
1.75,33,52.148496
4.12,22,52.157429
1.87,33,52.169951
4.08,10,52.174829
0.98,33,52.187554
1.07,33,52.200311
4.16,15,52.206785
1.08,33,52.222385
1.14,33,52.235289
4.08,11,52.240141
1.76,33,52.252576
1.67,33,52.265078
0.96,33,52.277727
1.82,33,52.290249
0.92,33,52.302646
1.13,33,52.315607
1.87,33,52.32833
4.08,10,52.332812
1.03,33,52.345543
4.2,30,52.357011
1.16,33,52.369343
4.22,26,52.379374
4.08,10,52.383671
4.17,23,53.044601
0.86,33,53.057605
1.25,33,53.070153
1.01,33,53.082731
4.16,14,53.089076
1.34,33,53.101313
4.06,10,53.105877
1.17,33,53.118484
1.05,33,53.131876
1.09,33,53.144489
4.18,29,53.155999
0.98,33,53.168095
1.06,33,53.18086
4.19,17,53.188082
4.08,10,53.192662
4.35,24,53.201821
1.2,33,53.214206
1.08,33,53.226763
4.08,10,53.23116
0.96,33,53.243803
0.89,33,53.256608
4.08,10,53.260981
1.84,33,53.277514
0.95,33,53.290173
0.92,33,53.302469
4.08,10,53.307317
0.95,33,53.321041
4.08,11,53.325871
0.95,33,53.339799
1.95,33,53.353251
1.06,33,53.366761
1.19,33,53.380859
1.1,33,53.395113
1.06,33,53.409251
1.15,33,53.423238
1.73,33,53.438791
1.04,33,53.451353
4.08,10,53.455967
4.26,29,53.467349
1.72,33,53.479689
1.01,33,53.49345
1.66,33,53.506309
1.71,33,53.51881
4.19,20,53.527461
1.11,33,53.540161
1.02,33,53.553107
4.08,10,53.557656
1.78,33,53.570763
1.02,33,53.583247
1.71,33,53.597388
4.16,16,53.604175
4.35,31,53.615761
1.23,33,53.628183
1.02,33,53.641409
4.16,15,53.6478
4.08,10,53.652174
1.81,33,53.664456
4.22,24,53.67721
4.08,11,53.682344
4.05,10,53.686602
1.65,33,53.698886
4.05,10,53.703248
4.05,10,53.707893
4.18,17,53.714441
4.08,10,53.718714
4.05,10,53.723634
1.22,33,53.735834
4.08,10,53.740722
1.81,33,53.753349
4.28,30,53.765121
4.06,10,53.769585
4.08,10,53.774055
1.72,33,53.786176
1.08,33,53.799174
4.08,10,53.803681
1.77,33,53.816201
1.76,33,53.829031
0.89,33,53.841498
4.14,15,53.848102
4.21,20,53.856121
1.62,33,53.868256
4.18,17,54.547558
1.16,33,54.560716
4.08,10,54.565153
4.18,18,54.572875
0.92,33,54.58479
4.08,10,54.589612
0.96,33,54.602209
1.13,33,54.615198
1.74,33,54.628807
4.08,10,54.633258
4.18,15,54.64003
4.08,11,54.644665
1.13,33,54.657573
4.22,16,54.664232
1.25,33,54.676965
4.23,28,54.688271
4.08,10,54.692578
1.8,33,54.705382
4.08,10,54.710647
1.13,33,54.723448
1.04,33,54.735986
4.08,10,54.740849
0.99,33,54.756773
4.08,10,54.761391
4.05,10,54.766096
1.81,33,54.77845
4.28,20,54.786863
4.08,10,54.79127
1.05,33,54.803246
4.18,16,54.810088
1.87,33,54.8225
1.27,33,54.835291
4.16,20,54.843651
4.08,10,54.847981
1.04,33,54.860398
4.26,24,54.869969
4.15,20,54.878282
4.15,14,54.884016
4.32,26,54.896178
1.87,33,54.909741
4.08,10,54.914183
1.74,33,54.927218
1.1,33,54.940417
4.05,10,54.944857
1.04,33,54.957777
1.35,33,54.970336
4.08,11,54.97543
4.18,18,54.983046
1.16,33,54.995776
0.94,33,55.008723
4.1,17,55.01571
0.98,33,55.028405
1.81,33,55.042295
1.63,33,55.05578
4.08,11,55.060585
1.2,33,55.073445
4.26,22,55.082336
1.15,33,55.095989
4.08,10,55.100384
4.18,19,55.108878
4.02,11,55.113497
4.08,10,55.117723
1.81,33,55.130405
4.08,10,55.137502
1.72,33,55.157148
4.08,10,55.163988
4.12,23,55.188246
1.13,33,55.207284
4.2,22,55.216252
1.17,33,55.229001
1.6,33,55.24217
0.37,33,55.255002
4.12,15,55.261324
4.08,22,55.269884
1.13,33,55.282656
0.29,33,55.295415
1.07,33,55.308651
4.08,10,55.313092
0.98,33,55.326217
4.16,15,55.332657
4.14,19,55.340409
1.01,33,55.35221
0.98,33,55.365129
1.1,33,55.377982
4.16,17,55.385144
4.27,26,55.395661
4.08,10,55.400039
4.32,25,56.077266
1.12,33,56.09022
4.08,10,56.094525
0.86,33,56.107158
4.16,18,56.114674
4.14,17,56.121399
1.76,33,56.133642
4.08,10,56.138621
4.34,21,56.147094
1.04,33,56.159605
4.08,10,56.164165
1.86,33,56.176916
0.89,33,56.189533
4.3,23,56.198513
4.08,10,56.202808
1.77,33,56.215508
4.22,21,56.224155
4.08,10,56.228498
0.96,33,56.240679
4.06,11,56.245407
4.14,17,56.252257
4.02,10,56.260243
1.85,33,56.272839
4.08,10,56.277223
4.05,10,56.28173
1.74,33,56.294003
0.97,33,56.306547
4.21,18,56.314029
4.11,12,56.31898
1.8,33,56.331347
1.15,33,56.344055
1.02,33,56.356863
4.18,15,56.363302
1.19,33,56.375564
4.08,11,56.380358
4.05,10,56.384989
4.05,10,56.389684
0.93,33,56.40167
1.88,33,56.415523
4.08,10,56.420179
4.05,10,56.425161
4.18,15,56.431745
1.16,33,56.444145
4.08,10,56.448535
1.05,33,56.461401
4.08,10,56.466093
4.18,19,56.474198
0.94,33,56.48639
1.2,33,56.499156
1.06,33,56.51164
4.08,10,56.516133
4.05,10,56.520879
0.87,33,56.532982
4.08,10,56.537415
4.12,13,56.543357
0.98,33,56.555434
4.22,17,56.562664
4.14,16,56.569109
4.08,10,56.573702
4.21,18,56.58064
1.03,33,56.593475
4.24,33,56.606429
4.08,10,56.610778
4.22,14,56.61682
4.08,10,56.621288
1.07,33,56.63357
0.87,33,56.645984
4.15,22,56.655261
4.06,10,56.667854
1.2,33,56.680323
1.0,33,56.693011
1.03,33,56.705463
1.05,33,56.71819
0.92,33,56.730754
4.16,21,56.739359
4.08,10,56.743767
1.07,33,56.755827
4.16,14,56.761709
1.13,33,56.774349
0.92,33,56.786567
4.26,26,56.797084
4.08,10,56.801463
4.05,10,56.80605
0.96,33,56.81809
0.83,33,56.830362
1.04,33,56.843138
4.08,10,56.84754
4.15,15,56.853747
0.89,33,56.865898
1.66,33,56.878512
4.18,15,56.884664
1.78,33,57.559888
4.16,18,57.568492
4.27,31,57.581434
4.18,15,57.58841
1.74,33,57.602025
1.19,33,57.615162
4.08,10,57.619498
4.05,10,57.624336
4.12,14,57.630054
1.01,33,57.642913
0.95,33,57.656465
4.32,23,57.665776
4.18,26,57.675825
1.71,33,57.687932
1.65,33,57.700686
4.08,10,57.705165
1.27,33,57.717645
1.26,33,57.734218
4.18,18,57.742055
4.3,20,57.749823
4.16,18,57.757098
4.08,10,57.761376
4.05,10,57.765667
0.9,33,57.777848
1.97,33,57.790689
0.29,33,57.802827
4.14,15,57.809375
4.14,15,57.815341
1.73,33,57.827644
1.09,33,57.840319
0.87,33,57.852768
1.82,33,57.865661
4.06,10,57.869992
1.17,33,57.882337
4.16,22,57.891364
1.84,33,57.906977
1.13,33,57.92008
1.76,33,57.933016
4.16,16,57.940142
1.7,33,57.95253
4.06,10,57.957335
4.08,11,57.96256
1.57,33,57.975478
1.86,33,57.987938
1.17,33,58.001109
4.08,10,58.005971
1.68,33,58.01848
1.74,33,58.031607
1.02,33,58.044427
1.84,33,58.05739
1.72,33,58.069961
4.12,14,58.076631
4.08,10,58.081045
4.18,14,58.087042
1.06,33,58.100519
4.22,18,58.108354
0.94,33,58.120238
4.14,15,58.130465
4.08,10,58.135352
1.11,33,58.148459
4.21,22,58.15783
4.14,14,58.163506
4.08,10,58.167704
1.15,33,58.180346
1.79,33,58.193568
1.67,33,58.206636
1.75,33,58.219202
4.08,10,58.223972
4.18,15,58.230201
4.08,10,58.23444
4.18,17,58.24153
4.08,10,58.245772
1.05,33,58.258459
1.14,33,58.270877
1.24,33,58.284204
4.06,10,58.288623
4.08,10,58.293471
0.98,33,58.305797
1.77,33,58.318626
4.08,10,58.323231
1.8,33,58.335879
4.28,29,58.347236
0.99,33,58.359976
4.16,17,58.367094
4.14,15,58.373647
1.1,33,59.078559
4.08,10,59.083401
1.87,33,59.096653
4.08,10,59.10104
4.21,16,59.108262
4.14,14,59.114053
4.08,10,59.118259
4.26,19,59.126048
4.22,20,59.134158
1.0,33,59.146744
4.08,12,59.151875
4.05,10,59.1573
4.06,10,59.161706
1.07,33,59.173635
4.21,20,59.182057
4.08,10,59.186346
1.2,33,59.198895
1.18,33,59.211584
4.08,10,59.215966
1.79,33,59.232078
1.09,33,59.245193
4.08,10,59.249829
4.05,10,59.254624
4.05,10,59.25925
1.14,33,59.271363
1.04,33,59.284287
4.11,12,59.289345
4.18,15,59.296173
4.08,10,59.300495
1.26,33,59.31319
4.05,10,59.317582
1.12,33,59.330394
4.08,11,59.335273
4.05,10,59.340235
0.93,33,59.352487
1.28,33,59.365567
4.16,15,59.371919
1.0,33,59.38456
1.66,33,59.397198
1.17,33,59.410597
1.27,33,59.423424
4.08,10,59.427869
4.22,22,59.436746
4.18,16,59.443634
1.09,33,59.455722
1.06,33,59.468562
1.83,33,59.481497
4.32,27,59.492776
4.18,17,59.499556
4.14,15,59.505471
1.04,33,59.517873
4.24,23,59.52737
1.3,33,59.539948
4.08,11,59.544832
4.05,10,59.549538
4.2,29,59.560572
4.08,10,59.565044
1.06,33,59.577432
1.63,33,59.589813
4.08,10,59.5944
4.05,10,59.599305
4.12,16,59.605526
4.08,10,59.610045
1.25,33,59.622269
1.82,33,59.642793
1.04,33,59.655602
4.16,19,59.663804
4.08,10,59.66845
0.3,33,59.680416
4.16,29,59.69183
1.04,33,59.703854
4.16,14,59.710032
4.08,10,59.714831
4.05,10,59.719092
4.05,10,59.723303
4.15,15,59.729586
1.15,33,59.742125
4.06,10,59.746549
0.92,33,59.758816
4.24,22,59.767673
4.29,25,59.777212
1.77,33,59.789408
4.08,10,59.793941
4.05,10,59.798455
1.17,33,59.810539
1.12,33,59.823058
4.19,20,59.83132
4.08,10,59.835642
4.05,10,59.840125
1.15,33,59.852421
1.76,33,59.865039
4.08,10,59.869483
1.86,33,59.882189
4.08,10,59.8865
4.06,13,59.892315
1.04,33,60.571324
1.85,33,60.585114
4.16,17,60.592383
1.06,33,60.604529
4.39,32,60.617023
1.8,33,60.629516
1.02,33,60.64237
1.83,33,60.655375
4.28,28,60.666559
4.08,10,60.670691
4.05,10,60.675131
1.16,33,60.687182
4.24,22,60.696221
0.97,33,60.711998
4.12,13,60.717696
1.02,33,60.730033
1.12,33,60.743011
4.12,15,60.749466
1.75,33,60.76168
4.28,23,60.770836
4.08,10,60.775219
4.06,10,60.779638
4.08,10,60.784069
4.28,32,60.796057
4.08,10,60.800522
4.18,23,60.809429
1.69,33,60.821704
1.76,33,60.834505
4.16,17,60.841918
4.14,15,60.847993
4.14,15,60.854135
4.08,12,60.859234
4.14,16,60.86552
1.99,33,60.877941
4.12,13,60.883494
4.2,19,60.891482
4.38,32,60.905334
4.2,17,60.912795
4.08,12,60.918018
4.28,29,60.929583
4.21,22,60.937967
4.14,18,60.945546
1.84,33,60.957718
4.16,21,60.966131
4.08,10,60.970521
4.18,14,60.976319
4.14,17,60.983051
4.14,23,60.991946
1.0,33,61.004261
1.0,33,61.016854
4.18,14,61.022902
4.08,10,61.027761
4.19,18,61.034837
4.08,10,61.039191
4.05,10,61.044116
4.05,10,61.048525
4.18,17,61.05513
1.07,33,61.06765
4.18,18,61.075661
4.14,14,61.081382
4.08,17,61.08807
4.08,10,61.093525
4.05,10,61.09824
4.05,10,61.102524
4.05,10,61.114667
1.63,33,61.127394
4.06,10,61.131822
1.06,33,61.144819
1.1,33,61.158042
1.09,33,61.171285
4.08,11,61.17645
1.06,33,61.188761
0.92,33,61.201818
4.18,18,61.209435
4.08,10,61.213725
4.18,15,61.219791
0.86,33,61.231992
4.08,10,61.236428
4.29,21,61.244931
4.02,10,61.249292
0.92,33,61.2616
4.06,10,61.265913
4.08,10,61.270383
4.05,10,61.274888
4.3,20,61.282539
4.08,11,61.287419
1.85,33,61.299973
1.84,33,61.312948
4.08,10,61.317369
4.31,18,61.325138
4.33,20,61.333057
4.08,10,61.337336
1.05,33,61.349692
4.08,10,61.354047
4.18,16,61.361294
1.25,33,61.373389
0.94,33,61.385808
4.02,10,61.390174
4.14,17,61.397395
4.08,10,61.401803
1.25,33,62.069857
4.08,11,62.074718
4.2,24,62.084338
1.09,33,62.096611
4.08,10,62.101096
4.06,10,62.105629
4.02,10,62.110225
1.23,33,62.122242
4.08,10,62.126934
4.18,15,62.133631
1.74,33,62.146459
1.1,33,62.159175
4.16,18,62.166818
4.08,10,62.178569
4.05,10,62.182834
4.05,10,62.187084
4.06,10,62.191217
0.92,33,62.203694
4.18,19,62.211804
4.08,10,62.216183
1.77,33,62.228489
4.31,28,62.239384
4.11,14,62.245326
1.79,33,62.257646
0.92,33,62.269921
4.18,16,62.276686
4.08,10,62.281065
4.08,12,62.286113
4.05,10,62.290311
4.18,15,62.296507
1.07,33,62.308672
4.06,10,62.313233
4.08,10,62.31796
4.06,10,62.322207
4.35,30,62.33355
4.23,18,62.340581
1.07,33,62.352801
4.16,15,62.359232
1.69,33,62.371368
0.94,33,62.383937
4.33,33,62.396817
4.08,10,62.401433
1.06,33,62.414034
4.15,23,62.423065
1.67,33,62.43567
4.16,15,62.442277
4.26,24,62.451454
1.93,33,62.463834
4.12,19,62.471706
0.97,33,62.484177
1.92,33,62.496963
4.08,10,62.501496
4.23,21,62.50993
1.18,33,62.521932
1.01,33,62.534878
0.95,33,62.547956
4.18,18,62.55585
4.23,14,62.561741
4.05,10,62.566038
4.05,10,62.57035
4.18,14,62.579274
2.02,33,62.591907
1.99,33,62.604763
1.74,33,62.617708
4.08,10,62.622014
4.28,23,62.631179
4.27,24,62.640298
4.18,17,62.647725
4.14,22,62.656364
1.85,33,62.668761
1.06,33,62.68133
4.16,16,62.688085
1.03,33,62.700462
1.69,33,62.71341
4.08,11,62.718269
1.78,33,62.731048
4.06,10,62.735636
4.08,10,62.740167
4.28,24,62.749543
1.18,33,62.762172
4.08,10,62.766513
4.05,10,62.771174
1.77,33,62.784045
4.06,10,62.78862
4.14,16,62.795737
1.11,33,62.808051
4.26,24,62.817944
1.03,33,62.83052
4.08,11,62.835501
4.23,28,62.846799
4.18,14,62.852547
1.67,33,62.865171
4.22,30,62.876891
4.16,23,63.549978
1.71,33,63.563059
4.18,14,63.568936
1.92,33,63.581825
4.16,16,63.589103
4.02,10,63.594188
1.15,33,63.606456
4.08,10,63.611362
1.69,33,63.623755
4.08,10,63.628698
4.18,16,63.635503
4.14,16,63.645276
1.04,33,63.657527
1.21,33,63.670657
4.24,26,63.681028
4.02,10,63.685447
4.14,15,63.691609
1.08,33,63.704007
4.18,18,63.711765
1.16,33,63.724166
1.75,33,63.736942
0.99,33,63.749553
4.12,18,63.757081
4.08,11,63.761971
4.25,18,63.769233
4.21,28,63.779858
4.08,10,63.784221
4.05,10,63.788696
1.02,33,63.800934
4.08,10,63.805389
4.05,10,63.810187
4.18,28,63.820525
1.69,33,63.832736
1.15,33,63.845415
1.76,33,63.858039
4.12,13,63.86393
0.96,33,63.875931
4.15,16,63.883083
4.08,10,63.887525
4.18,19,63.895164
1.23,33,63.910159
4.16,14,63.916708
4.02,10,63.921463
4.08,10,63.925924
4.18,15,63.932434
4.14,17,63.939181
4.08,10,63.943837
1.62,33,63.955781
4.16,14,63.961904
4.14,14,63.96777
1.72,33,63.98015
1.11,33,63.992902
4.16,18,64.000296
4.18,17,64.007883
4.14,16,64.016168
1.85,33,64.029889
1.71,33,64.042785
1.0,33,64.059034
1.11,33,64.071929
1.85,33,64.084939
4.24,22,64.09422
4.24,28,64.105656
4.06,10,64.110417
4.14,16,64.116678
4.02,10,64.121093
4.08,10,64.125368
4.05,11,64.130479
1.66,33,64.143819
4.28,20,64.152068
4.18,17,64.158617
1.02,33,64.171276
4.32,28,64.182449
0.94,33,64.195012
4.32,32,64.207147
4.06,12,64.21265
4.08,10,64.216964
4.23,16,64.22349
4.08,10,64.228197
4.06,10,64.232502
4.2,24,64.241526
4.18,17,64.248699
4.2,23,64.257381
0.97,33,64.269589
0.83,33,64.282287
0.84,33,64.294993
0.83,33,64.307287
4.19,15,64.314067
0.96,33,64.32604
4.08,10,64.330558
4.18,14,64.336653
4.14,22,64.345204
4.08,10,64.349529
4.05,11,64.354116
4.05,10,64.358309
1.78,33,64.370704
4.28,20,65.033179
4.06,10,65.037974
1.04,33,65.050609
1.08,33,65.063322
4.08,10,65.067777
1.02,33,65.080548
4.18,15,65.086767
1.77,33,65.099395
1.26,33,65.116027
0.34,33,65.128618
4.08,10,65.133201
4.19,14,65.139196
4.18,18,65.146421
4.23,19,65.153815
4.18,14,65.159709
4.08,10,65.164302
4.18,15,65.170282
1.17,33,65.182781
4.28,26,65.192958
4.08,11,65.197815
4.32,20,65.205915
1.15,33,65.218245
4.17,20,65.226429
1.08,33,65.23868
4.08,10,65.243131
4.06,10,65.247806
4.18,24,65.257055
1.07,33,65.269289
4.11,12,65.274495
4.18,16,65.28154
1.05,33,65.293953
4.08,10,65.298356
0.78,33,65.310705
4.18,14,65.316402
1.79,33,65.329123
4.08,10,65.333518
4.34,28,65.344511
4.12,15,65.350445
4.06,11,65.355116
1.05,33,65.367563
4.21,16,65.37425
4.32,26,65.384308
4.08,10,65.388666
4.38,28,65.399566
4.08,10,65.404236
4.19,17,65.411077
4.08,11,65.416104
1.14,33,65.428539
1.09,33,65.441003
4.08,10,65.44591
4.05,10,65.450554
4.05,10,65.45501
4.18,17,65.462206
4.33,31,65.473581
4.3,21,65.482066
1.93,33,65.4947
4.08,10,65.49909
1.76,33,65.515681
4.16,14,65.521442
4.2,15,65.528083
1.0,33,65.540198
4.28,23,65.549817
4.36,26,65.560011
4.27,27,65.570143
4.25,26,65.580591
4.06,10,65.584937
4.08,10,65.58937
4.05,10,65.594125
1.06,33,65.606261
1.06,33,65.61968
4.18,14,65.625563
4.14,14,65.63195
1.23,33,65.644416
4.08,10,65.648787
1.32,33,65.661644
4.08,11,65.666396
4.05,10,65.670959
4.05,10,65.675227
4.05,10,65.680086
1.19,33,65.692139
4.16,19,65.70032
4.08,10,65.704853
4.18,17,65.712362
1.04,33,65.724739
4.08,10,65.729711
4.17,25,65.739907
4.16,14,65.746104
1.99,33,65.758372
4.16,15,65.765268
4.14,18,65.772597
1.25,33,65.785376
4.08,10,65.79022
4.18,14,65.79678
4.4,30,65.808352
4.48,31,65.820187
1.1,33,65.832871
0.98,33,65.84583
4.22,18,65.853303
4.08,10,65.859181
4.06,10,66.563836
4.08,10,66.568499
1.18,33,66.581719
4.16,15,66.587852
0.9,33,66.600578
0.81,33,66.617006
4.06,10,66.621484
4.28,28,66.632901
4.3,28,66.644209
4.18,29,66.655629
4.08,10,66.660036
4.22,16,66.668892
4.18,19,66.679725
4.06,10,66.684223
1.96,33,66.697032
0.97,33,66.709883
4.18,15,66.716715
4.08,10,66.721218
4.05,10,66.725474
1.65,33,66.739083
4.08,11,66.744271
4.18,15,66.750768
1.01,33,66.763608
4.08,10,66.767999
4.18,15,66.774198
4.14,14,66.780548
4.08,10,66.784912
4.05,10,66.789234
4.05,10,66.793754
4.4,24,66.803228
4.08,11,66.808103
1.1,33,66.820712
4.16,18,66.828732
4.3,20,66.836619
1.03,33,66.849355
4.08,10,66.853828
1.01,33,66.866955
4.16,17,66.87425
1.77,33,66.887115
4.16,14,66.893347
4.29,25,66.903418
1.71,33,66.917992
1.86,33,66.931704
1.06,33,66.944679
4.2,23,66.954019
4.18,16,66.960535
4.14,15,66.966663
4.14,15,66.972687
4.22,14,66.978571
4.08,11,66.983289
4.22,25,66.992692
1.8,33,67.005181
4.08,10,67.009749
1.86,33,67.02247
1.69,33,67.042829
1.79,33,67.056049
4.08,10,67.06074
0.96,33,67.072904
4.08,10,67.077429
1.02,33,67.089961
4.25,20,67.099787
1.74,33,67.113492
4.16,15,67.119819
4.14,17,67.126525
4.08,10,67.131364
4.36,26,67.141456
4.06,10,67.146483
1.81,33,67.159794
4.16,16,67.167081
4.08,10,67.171533
4.18,17,67.178526
4.08,11,67.183331
4.05,11,67.188112
4.28,22,67.196966
4.18,17,67.203611
4.23,19,67.211645
4.14,20,67.219727
4.08,10,67.224002
4.18,15,67.23018
4.08,11,67.234929
4.28,28,67.245968
4.08,11,67.250489
0.86,33,67.263077
1.0,33,67.275211
1.02,33,67.288401
4.21,27,67.299411
4.08,10,67.303768
4.22,15,67.309639
4.06,12,67.315299
4.14,15,67.321273
4.14,14,67.326856
4.08,10,67.331966
0.97,33,67.348001
1.06,33,67.368908
4.18,15,67.384241
1.01,33,67.409799
4.24,22,67.427034
4.14,14,67.436918
4.24,18,67.447227
4.18,16,67.456068
4.14,15,67.466135
1.94,33,68.423566
4.08,10,68.42809
4.28,24,68.439894
4.08,10,68.44427
4.18,15,68.460129
4.14,15,68.468549
4.14,14,68.474397
4.08,11,68.480231
0.99,33,68.492798
4.08,10,68.49791
4.05,10,68.503384
0.97,33,68.516118
4.11,14,68.522264
4.18,15,68.528371
4.17,16,68.535151
0.93,33,68.547888
4.36,25,68.55777
1.83,33,68.57051
4.38,26,68.581243
1.02,33,68.59427
4.26,27,68.604945
4.28,22,68.613879
4.18,18,68.62085
4.02,11,68.625486
4.43,32,68.637339
4.06,10,68.64166
4.27,24,68.651072
4.06,10,68.655365
4.08,10,68.659662
4.06,10,68.664149
4.32,28,68.674611
4.06,10,68.678982
4.2,14,68.684777
4.18,18,68.691771
4.47,32,68.703812
4.06,10,68.708126
4.08,10,68.712695
0.99,33,68.724681
4.08,11,68.729612
4.23,18,68.737036
4.08,10,68.741323
1.8,33,68.75406
4.15,14,68.760136
4.15,17,68.767094
4.17,12,68.772008
4.24,19,68.779504
4.08,10,68.784087
4.06,10,68.788367
1.0,33,68.800817
4.22,22,68.809758
4.15,16,68.816357
4.08,10,68.82069
4.31,26,68.830779
4.08,10,68.835049
4.22,15,68.841075
1.65,33,68.853487
4.2,16,68.860096
4.18,15,68.873438
4.14,16,68.880001
4.28,22,68.888352
1.01,33,68.90069
4.08,10,68.905161
4.39,28,68.916298
1.79,33,68.928658
4.41,30,68.940334
1.85,33,68.952847
1.13,33,68.966103
4.16,18,68.979105
4.08,10,68.984546
1.63,33,69.000164
1.73,33,69.017934
4.08,10,69.024291
4.29,31,69.037182
4.08,11,69.042982
0.97,33,69.056898
4.08,10,69.061452
4.05,10,69.066298
4.05,10,69.070726
4.25,19,69.078378
4.08,10,69.083134
4.28,30,69.094368
1.95,33,69.107182
4.19,16,69.114258
1.04,33,69.126271
1.12,33,69.139455
4.17,18,69.14732
1.11,33,69.159585
4.08,10,69.164483
0.99,33,69.177092
4.08,10,69.18202
1.65,33,69.195428
4.08,10,69.200593
4.18,15,69.208206
4.08,10,69.212922
4.06,10,69.217672
1.01,33,69.231299
4.16,14,69.237598
4.08,10,69.242521
1.06,33,69.256215
4.08,10,69.261504
1.19,33,69.275198
4.08,11,69.280619
4.05,10,69.285393
4.18,14,69.961316
1.01,33,69.977435
1.74,33,69.990343
1.06,33,70.003166
4.24,18,70.010712
4.52,32,70.022978
4.06,11,70.02785
4.28,24,70.037948
1.89,33,70.051038
4.24,22,70.060218
4.06,10,70.065011
4.08,10,70.069343
4.18,17,70.07596
4.14,14,70.082216
1.07,33,70.097168
4.27,28,70.109029
4.29,22,70.118296
4.16,16,70.12464
4.24,19,70.132677
4.15,17,70.13943
4.08,10,70.143618
4.34,22,70.152537
1.17,33,70.165059
4.28,23,70.174329
4.08,10,70.178571
4.18,25,70.188616
4.08,10,70.196294
4.06,10,70.202977
4.22,21,70.217025
4.26,21,70.232178
4.33,30,70.247617
4.16,15,70.254652
4.08,10,70.260801
4.05,10,70.267107
1.21,33,70.284184
4.08,10,70.289343
4.18,19,70.300786
4.08,10,70.305692
4.29,24,70.317191
4.06,10,70.323427
4.02,10,70.328232
4.04,14,70.337018
4.08,11,70.342522
4.16,16,70.351796
4.08,11,70.359193
1.21,33,70.377084
4.26,25,70.39106
1.92,33,70.407239
4.18,18,70.417015
4.08,10,70.422525
4.08,12,70.428199
4.06,10,70.435011
1.89,33,70.451046
4.16,14,70.467284
4.08,10,70.477365
1.04,33,70.499588
4.06,10,70.507058
4.08,10,70.512637
4.05,10,70.517522
1.14,33,70.53298
4.14,15,70.541636
1.73,33,70.556043
4.24,19,70.565526
4.16,19,70.574142
4.08,12,70.57918
4.05,10,70.58432
4.05,10,70.589152
1.06,33,70.602307
1.17,33,70.616273
4.08,10,70.620741
4.28,22,70.630286
1.79,33,70.643484
0.94,33,70.657077
4.18,16,70.664453
4.23,17,70.674249
1.75,33,70.691464
4.3,23,70.703502
4.22,23,70.716022
4.08,10,70.723973
4.06,10,70.732721
4.08,10,70.741331
4.18,14,70.751314
4.02,10,70.758047
4.08,10,70.765278
4.18,16,70.77578
4.02,10,70.784817
4.08,10,70.791597
4.26,22,70.805925
4.06,10,70.81307
4.08,10,70.820993
4.05,10,70.827501
4.05,10,70.834428
4.18,16,70.845052
4.14,14,70.853284
4.38,25,70.864537
4.38,31,70.882633
4.28,22,70.89616
1.76,33,70.916335
4.06,10,70.924215
1.02,33,70.940968
0.97,33,70.958008
4.19,24,70.971951
4.25,22,70.985258
4.08,10,70.990853
4.08,12,70.996524
4.19,16,71.005322
4.06,10,71.010833
1.94,33,71.044349
4.16,17,71.912318
4.37,23,71.922971
4.08,10,71.927515
4.32,25,71.93807
4.22,18,71.945281
4.18,14,71.952138
4.26,22,71.961133
4.06,10,71.966169
1.24,33,71.97876
4.06,10,71.984022
1.0,33,72.003146
1.21,33,72.020359
4.06,10,72.024921
4.08,10,72.029757
4.05,10,72.036683
4.34,20,72.045309
1.8,33,72.060844
4.08,12,72.067144
4.05,10,72.074229
4.4,27,72.087467
4.08,10,72.092292
4.06,17,72.100248
4.26,20,72.108721
1.24,33,72.122654
4.28,22,72.133415
4.16,15,72.141209
4.08,10,72.145743
4.18,16,72.153874
4.08,10,72.159082
0.84,33,72.17366
4.08,11,72.178701
4.06,10,72.184024
4.02,10,72.190659
4.08,10,72.195498
4.3,24,72.208227
4.3,20,72.217162
4.22,23,72.227504
4.3,27,72.239733
4.15,16,72.24679
4.08,10,72.251879
4.05,10,72.257635
4.03,10,72.261937
1.0,33,72.276103
4.22,22,72.287722
4.48,30,72.302204
4.43,22,72.312546
4.39,30,72.32595
4.16,16,72.33311
4.15,25,72.344217
1.75,33,72.359213
4.22,14,72.366096
4.32,31,72.387226
4.06,10,72.3947
4.08,12,72.400444
4.26,19,72.41062
4.27,32,72.424784
4.08,10,72.429674
4.05,10,72.434272
4.21,23,72.444397
4.08,10,72.449784
4.28,20,72.45842
4.08,11,72.463282
4.05,12,72.469524
4.18,16,72.47657
4.08,10,72.484637
4.05,11,72.49112
4.24,16,72.49767
4.08,10,72.503772
4.06,10,72.50851
0.99,33,72.522281
4.18,19,72.53267
4.3,22,72.544136
1.01,33,72.558748
4.22,15,72.56697
4.06,10,72.573415
4.08,10,72.57911
4.06,10,72.585331
4.2,14,72.59141
4.18,15,72.597848
4.14,15,72.605547
4.08,10,72.609869
4.28,25,72.62163
4.15,15,72.62764
4.44,28,72.639819
1.01,33,72.653924
4.35,22,72.665085
4.06,10,72.672255
4.15,18,72.67952
4.22,23,72.690187
4.06,10,72.694444
4.47,31,72.707683
4.28,21,72.717253
4.08,10,72.721933
4.05,10,72.726431
4.25,17,72.734629
4.08,10,72.739348
4.31,26,72.750682
4.41,27,72.761502
1.81,33,72.775699
4.33,28,72.789855
4.25,17,72.797132
4.24,27,72.810472
1.84,33,72.825036
4.16,14,72.831137
1.91,33,72.847166
4.08,10,72.8534
4.06,10,72.868474
4.08,10,72.873734
4.42,24,72.887287
4.08,10,72.892205
4.31,30,73.679564
4.06,10,73.685551
4.37,22,73.694598
4.29,25,73.706303
4.35,20,73.71456
1.25,33,73.728742
4.16,14,73.736948
4.36,26,73.748355
1.7,33,73.764182
4.34,26,73.777436
4.17,18,73.786986
4.08,10,73.791675
4.05,10,73.796057
4.34,27,73.80854
4.11,13,73.814366
4.22,19,73.823641
4.18,17,73.830989
4.08,10,73.836442
4.42,24,73.845929
4.16,22,73.856267
1.89,33,73.86999
4.28,22,73.879995
4.39,28,73.892565
4.08,10,73.897304
4.36,23,73.907647
4.08,10,73.912393
4.05,10,73.917361
4.43,28,73.928868
4.33,29,73.94146
4.18,20,73.950059
4.08,10,73.955233
4.35,31,73.967833
4.16,14,73.97418
4.2,18,73.981723
1.01,33,73.994871
4.08,11,74.000248
4.05,10,74.006358
4.05,10,74.012462
4.26,18,74.021916
4.08,10,74.027014
4.18,14,74.033536
4.29,29,74.045723
4.4,28,74.058311
4.06,10,74.06282
4.08,10,74.067592
4.48,29,74.080112
1.06,33,74.093765
4.08,10,74.098553
4.23,23,74.116649
4.18,16,74.124295
4.41,33,74.138335
4.26,24,74.148285
4.08,10,74.153831
4.22,33,74.166747
4.16,14,74.173922
4.08,10,74.178266
4.18,16,74.185587
4.38,30,74.197498
4.22,14,74.204525
4.08,10,74.209185
4.05,10,74.213732
1.1,33,74.227311
4.06,10,74.231979
4.14,16,74.240229
4.08,10,74.244654
4.18,15,74.251957
4.02,10,74.257234
4.43,26,74.269099
4.08,10,74.274695
1.11,33,74.289332
4.06,10,74.293808
4.08,10,74.298554
1.11,33,74.312512
4.16,14,74.320857
4.08,10,74.325498
4.36,28,74.338594
4.06,10,74.342859
4.3,25,74.354414
4.18,19,74.361929
4.18,16,74.370319
4.14,16,74.377288
4.08,10,74.381853
4.05,10,74.388068
4.17,17,74.395193
4.18,14,74.402506
1.31,33,74.415727
4.08,10,74.421681
4.05,11,74.426894
4.18,15,74.433493
4.33,26,74.444842
1.72,33,74.459541
4.08,10,74.46425
1.82,33,74.47879
4.12,13,74.485741
4.34,30,74.497565
4.25,19,74.505689
4.26,22,74.515175
4.35,20,74.524009
4.2,16,74.530601
4.08,10,74.535496
1.87,33,74.548843
4.16,16,74.555859
4.2,14,74.565242
4.06,10,74.570854
1.13,33,74.583617
4.43,22,74.592843
1.03,33,74.605652
4.22,16,75.306745
4.08,11,75.31182
4.05,10,75.316467
4.05,10,75.321019
4.25,26,75.330734
4.13,18,75.339643
4.3,20,75.348648
4.15,20,75.356781
4.08,10,75.36113
4.06,10,75.365418
4.02,10,75.371987
4.08,10,75.378335
4.2,16,75.387956
4.06,10,75.394206
4.14,15,75.40328
4.08,10,75.40947
4.06,10,75.415584
4.02,10,75.422082
4.02,10,75.428296
4.2,25,75.442308
4.16,14,75.450714
1.04,33,75.465636
4.31,25,75.48008
4.06,10,75.486152
4.08,10,75.493793
4.43,22,75.509374
4.08,10,75.514155
1.11,33,75.530135
1.19,33,75.545486
4.08,10,75.55129
1.18,33,75.566727
4.06,10,75.573421
4.08,10,75.578152
4.16,14,75.58705
4.08,10,75.592113
4.05,10,75.59674
4.05,10,75.604463
4.05,10,75.608973
1.08,33,75.624393
4.22,24,75.636378
4.17,18,75.644307
0.98,33,75.662213
0.95,33,75.682785
4.2,25,75.696046
4.08,10,75.703082
4.05,10,75.707888
4.22,20,75.716982
4.23,20,75.726053
4.48,30,75.739563
4.2,21,75.749499
1.02,33,75.768514
4.39,24,75.781572
4.08,10,75.787593
4.22,18,75.795511
4.18,15,75.803681
4.31,25,75.814059
4.08,11,75.820365
4.18,14,75.826502
4.4,30,75.840092
4.41,22,75.849337
4.16,15,75.857299
4.08,10,75.86194
4.29,26,75.873708
4.08,10,75.878248
4.05,10,75.883439
1.7,33,75.898096
4.08,10,75.904284
4.27,22,75.913681
4.26,27,75.925656
4.28,18,75.933685
4.29,27,75.945384
4.06,10,75.951125
4.08,10,75.956193
4.39,24,75.966011
4.42,28,75.978628
4.22,14,75.986006
4.08,10,75.991004
4.05,10,75.995481
4.06,10,75.999877
0.81,33,76.014061
4.38,22,76.025042
4.08,10,76.029704
4.06,10,76.035222
4.18,17,76.043649
4.18,15,76.050095
4.14,18,76.059368
4.08,10,76.063999
1.0,33,76.078389
4.06,10,76.08307
4.08,10,76.089364
4.36,20,76.097788
4.06,10,76.103563
4.02,10,76.108457
4.43,28,76.121548
1.71,33,76.135822
1.11,33,76.149267
4.18,14,76.156991
4.06,10,76.161806
4.08,10,76.166442
4.06,10,76.172149
4.02,10,76.176871
4.29,28,76.189331
4.26,28,76.20043
1.02,33,76.214092
4.38,22,76.223959
4.36,31,76.239882
4.18,14,76.245857
4.29,23,76.254886
4.16,18,76.262264
4.08,10,76.266797
4.06,10,76.271563
1.02,33,76.283812
4.18,14,76.289978
4.37,21,76.298154
4.22,17,77.094916
4.35,23,77.105196
4.42,25,77.115402
4.16,14,77.121453
1.06,33,77.135196
4.38,24,77.144819
4.08,10,77.149197
4.28,23,77.159172
4.36,20,77.17651
1.05,33,77.190275
4.23,16,77.199255
4.06,11,77.209221
4.14,16,77.221452
4.18,16,77.234044
1.02,33,77.255587
4.08,10,77.264897
1.2,33,77.29469
4.08,10,77.304834
4.32,24,77.319479
4.45,24,77.338917
4.08,10,77.343655
4.05,10,77.348892
1.07,33,77.362758
4.08,10,77.368057
4.25,16,77.375139
4.08,10,77.379509
0.98,33,77.392129
4.22,20,77.400373
4.18,17,77.407339
4.2,16,77.413626
4.43,22,77.423229
4.22,23,77.432262
4.08,10,77.436886
4.08,12,77.442045
4.05,10,77.446443
4.06,10,77.450712
1.1,33,77.463323
4.08,10,77.468174
4.45,24,77.477843
4.16,14,77.483596
1.26,33,77.496691
4.06,10,77.501969
1.78,33,77.515098
4.23,21,77.52734
4.06,10,77.531994
4.11,16,77.538997
4.08,10,77.543561
4.21,20,77.552049
4.2,14,77.557815
4.08,10,77.56233
4.06,10,77.566665
4.4,22,77.576857
4.08,10,77.582041
4.2,19,77.590745
4.06,10,77.595497
4.14,19,77.604624
4.02,10,77.609385
4.32,33,77.623605
4.06,10,77.628935
4.21,24,77.646998
4.06,10,77.65521
4.08,10,77.665052
4.42,22,77.680679
4.08,10,77.689344
4.45,25,77.708924
4.28,24,77.727954
4.35,28,77.742956
4.41,22,77.755105
4.52,28,77.767551
4.06,10,77.772696
4.2,18,77.780079
4.27,26,77.790475
4.08,10,77.795007
4.05,10,77.799523
4.05,10,77.804303
4.05,10,77.808794
4.06,10,77.813223
4.08,10,77.818
4.42,28,77.832851
4.19,21,77.842502
4.22,14,77.848574
4.08,10,77.853564
4.37,22,77.862676
4.22,16,77.86955
0.99,33,77.882123
1.19,33,77.895598
1.7,33,77.908775
4.08,11,77.913665
4.37,27,77.92497
4.06,11,77.929636
4.33,22,77.938839
4.2,15,77.945059
4.08,10,77.9496
4.06,10,77.954708
1.03,33,77.967501
4.25,16,77.975557
4.08,10,77.981745
4.37,25,77.992249
4.22,23,78.001716
4.26,20,78.010286
4.2,18,78.022139
4.45,27,78.032747
4.08,10,78.039695
4.32,29,78.059871
4.08,10,78.064826
4.19,23,78.076148
4.05,10,78.080778
4.06,10,78.087901
4.43,32,78.108662
4.19,18,78.116477
4.06,10,78.123536
4.16,17,79.029443
4.37,24,79.046515
4.08,10,79.051716
4.06,10,79.057985
4.08,10,79.064392
4.06,10,79.068896
4.08,10,79.076743
1.86,33,79.090452
4.08,10,79.095201
4.36,22,79.107363
4.08,10,79.114571
4.05,10,79.119785
4.05,10,79.125148
4.18,15,79.132423
4.14,17,79.139848
4.08,12,79.145446
4.14,16,79.152457
4.08,10,79.157293
4.39,22,79.165809
4.08,10,79.171303
4.05,10,79.175824
4.3,28,79.187743
4.16,15,79.194058
4.08,10,79.19924
4.35,20,79.207989
4.38,26,79.219594
4.16,15,79.225916
4.24,27,79.238334
4.18,14,79.250224
0.99,33,79.280483
4.41,22,79.302322
4.35,27,79.324341
1.08,33,79.351062
0.76,33,79.375497
4.22,14,79.385967
4.18,14,79.399694
4.14,15,79.411011
4.08,10,79.417128
4.22,16,79.42932
4.41,25,79.444881
4.19,14,79.451748
4.08,10,79.461071
0.99,33,79.481785
1.67,33,79.49698
4.35,23,79.511847
4.25,30,79.535009
4.18,15,79.543572
4.08,10,79.548933
4.18,14,79.556292
4.4,30,79.570585
4.06,10,79.575434
4.02,10,79.580657
4.17,18,79.588793
4.16,14,79.59493
4.08,10,79.599464
4.06,10,79.604091
4.24,20,79.612935
4.28,24,79.622812
4.18,19,79.632202
4.08,10,79.637198
4.18,14,79.643445
4.08,10,79.648882
4.36,20,79.657503
4.16,16,79.664654
4.2,15,79.671095
4.08,10,79.675647
4.16,16,79.682269
4.28,32,79.695322
4.29,24,79.705511
4.06,10,79.711646
4.2,22,79.72497
4.16,16,79.735041
4.14,14,79.741959
4.36,20,79.754302
4.06,10,79.75926
1.68,33,79.775528
4.29,22,79.787419
4.41,24,79.799744
4.16,15,79.807088
4.14,16,79.816105
4.16,25,79.82996
4.02,11,79.837267
4.23,16,79.845622
4.35,22,79.860915
4.28,18,79.871104
0.94,33,79.888099
4.22,14,79.895378
4.42,23,79.907527
4.46,28,79.921794
4.22,16,79.930603
4.08,10,79.935647
4.22,14,79.941839
4.18,15,79.949338
4.14,17,79.95744
4.42,33,79.974332
4.18,17,79.983619
4.08,10,79.988889
4.18,17,79.998844
4.08,10,80.004515
4.18,14,80.011495
1.73,33,80.027359
4.28,22,80.048077
4.21,18,80.057206
4.18,14,80.065158
4.08,10,80.070469
4.22,14,80.07753
4.08,10,80.083765
4.21,18,80.096529
4.02,10,80.101223
4.47,26,80.115893
1.07,33,80.130392
4.19,23,80.140822
4.35,20,80.151631
4.27,21,80.161183
4.14,14,80.169489
4.4,26,80.890124
4.22,14,80.896142
4.23,18,80.903828
4.06,10,80.908399
4.2,20,80.916033
4.2,21,80.924585
4.18,14,80.930546
4.19,22,80.939311
4.36,20,80.947021
4.22,22,80.955644
4.08,10,80.960197
4.05,10,80.96448
4.26,22,80.973577
4.26,22,80.98212
1.04,33,80.994462
4.16,16,81.001612
4.43,25,81.014994
4.22,14,81.021366
4.08,10,81.02669
4.05,10,81.031421
4.22,16,81.038393
4.18,14,81.045153
4.18,16,81.051713
4.06,10,81.056429
4.08,10,81.061302
4.06,10,81.065642
4.08,10,81.069972
4.06,10,81.074674
4.08,10,81.078993
4.36,20,81.086519
1.86,33,81.099105
4.25,17,81.108666
4.18,14,81.115538
0.97,33,81.13024
4.06,10,81.134809
1.04,33,81.150463
4.3,20,81.159647
1.04,33,81.174478
4.35,20,81.185582
0.93,33,81.200564
4.2,18,81.212932
4.08,10,81.221122
4.06,10,81.225542
4.02,10,81.230033
4.08,10,81.234863
4.05,10,81.242233
4.25,16,81.249284
1.09,33,81.265099
4.08,10,81.271204
4.18,15,81.279214
4.08,10,81.283546
4.06,10,81.28843
4.14,18,81.297711
4.02,10,81.302399
4.43,26,81.314441
4.3,26,81.325455
4.16,18,81.332698
4.08,10,81.337771
4.36,23,81.346553
4.34,21,81.355188
4.35,21,81.363396
4.28,22,81.372518
4.08,10,81.376935
1.97,33,81.389435
4.41,22,81.400449
4.06,10,81.405909
0.98,33,81.420336
1.0,33,81.43696
4.24,18,81.447484
4.08,10,81.45226
4.26,19,81.462861
4.17,16,81.469821
4.16,14,81.478565
4.02,10,81.483667
4.02,10,81.489256
4.08,10,81.493877
4.05,10,81.499202
4.18,16,81.50723
4.15,15,81.513401
4.37,26,81.523791
4.06,10,81.528347
1.04,33,81.541271
4.18,17,81.548851
4.18,14,81.557238
4.08,10,81.56331
4.29,18,81.571651
0.99,33,81.585444
4.18,15,81.593393
4.46,26,81.606847
4.08,10,81.611466
4.33,20,81.62218
4.16,14,81.628272
4.2,18,81.63724
4.22,22,81.646404
4.08,10,81.651287
4.05,10,81.656092
4.18,29,81.667305
4.15,22,81.676195
4.38,22,81.688747
4.19,16,81.697546
4.2,14,81.706143
4.15,20,81.714782
4.02,10,81.719539
4.2,16,81.726112
4.08,10,81.731487
4.05,10,81.735881
4.06,10,81.740502
4.08,10,81.744831
4.27,16,81.752994
4.08,10,81.758546
4.06,10,81.763423
4.26,18,81.772163
4.41,25,81.782016
4.16,15,81.788616
4.08,10,81.793082
4.22,16,81.799588
4.08,10,81.803952
4.36,22,81.812869
4.16,15,81.818972
4.24,19,82.546658
4.21,16,82.553649
4.08,10,82.558449
4.32,25,82.568293
4.08,10,82.572783
4.22,16,82.579112
4.29,27,82.589383
4.41,22,82.598019
4.35,21,82.606796
4.06,10,82.611061
1.01,33,82.623712
4.18,19,82.63296
4.02,10,82.638911
4.29,25,82.651164
4.24,20,82.659974
4.41,26,82.671922
4.34,22,82.680697
4.08,10,82.685138
4.05,10,82.689727
4.05,10,82.694032
4.42,24,82.703167
4.24,19,82.710873
4.18,14,82.716582
4.37,20,82.72459
4.38,22,82.733046
4.43,26,82.742949
4.08,10,82.747539
4.05,10,82.753641
4.36,20,82.762103
4.35,23,82.772795
4.08,10,82.777374
1.89,33,82.7906
4.06,10,82.795078
4.08,10,82.801049
4.05,10,82.806865
4.05,10,82.811295
1.88,33,82.826683
0.94,33,82.843024
4.08,10,82.847601
4.22,14,82.863984
4.32,28,82.878535
4.25,16,82.887294
4.18,17,82.895153
4.3,19,82.903818
4.22,18,82.91198
4.35,20,82.920017
4.48,26,82.929849
4.22,14,82.935769
4.08,10,82.940296
4.22,14,82.945999
4.35,24,82.955283
4.3,24,82.96458
4.08,10,82.969005
4.06,10,82.973921
4.14,17,82.980583
4.14,14,82.986329
4.24,27,82.996898
4.18,15,83.003365
4.36,21,83.011798
4.22,15,83.018094
4.08,10,83.023132
4.29,18,83.029984
4.41,22,83.038954
4.38,24,83.048078
4.06,10,83.052582
4.3,19,83.060355
4.08,10,83.064631
4.05,10,83.068974
4.05,10,83.073909
4.18,15,83.079854
4.08,11,83.084531
4.36,21,83.092943
4.44,30,83.104536
4.28,29,83.115731
4.18,15,83.122422
4.08,10,83.127215
4.06,10,83.131623
4.37,20,83.140302
4.44,26,83.150419
4.35,21,83.158913
4.3,27,83.169204
4.18,14,83.175615
4.06,11,83.180303
4.08,10,83.184714
4.18,14,83.191034
4.02,10,83.1952
4.14,14,83.201096
1.04,33,83.214331
4.25,20,83.224597
4.08,10,83.229522
4.05,10,83.235317
4.18,14,83.242475
4.08,10,83.246913
4.05,10,83.25273
0.98,33,83.268458
4.22,16,83.276672
4.25,18,83.287001
4.41,22,83.306387
4.08,10,83.311334
4.05,10,83.315992
4.35,22,83.327325
1.82,33,83.341708
4.22,15,83.348223
4.18,14,83.357383
4.08,10,83.362296
4.06,10,83.367287
4.4,26,83.379718
4.22,14,83.386814
4.08,10,83.392031
4.26,21,83.400696
4.08,10,83.405115
4.06,10,83.409468
4.02,10,83.413829
4.14,14,83.419746
4.02,10,83.424248
4.37,22,83.432657
4.08,10,83.437222
4.29,18,83.444439
4.28,23,83.453698
4.18,16,83.461163
4.08,10,84.156904
4.18,14,84.163201
4.37,20,84.171579
4.22,14,84.177529
4.35,20,84.18539
4.16,15,84.191851
4.08,10,84.1962
4.18,17,84.203154
4.02,10,84.207827
4.2,16,84.214094
4.18,14,84.219878
4.41,26,84.22984
4.16,14,84.236334
4.08,10,84.24085
4.25,18,84.248106
4.3,18,84.257399
0.89,33,84.270964
4.36,20,84.279968
4.08,10,84.284437
4.05,10,84.291013
4.18,14,84.297058
4.08,10,84.303482
1.19,33,84.317667
4.18,14,84.325322
4.02,10,84.331019
4.17,16,84.340101
4.08,10,84.344989
4.36,22,84.355304
1.0,33,84.367801
4.3,18,84.375468
4.28,18,84.382645
4.22,16,84.391522
4.22,21,84.400693
4.06,10,84.40721
4.02,10,84.411966
4.2,14,84.418991
4.17,16,84.426358
1.04,33,84.439322
4.06,10,84.443816
4.25,16,84.456685
4.08,10,84.461462
4.18,16,84.470098
4.08,10,84.475523
4.22,14,84.481585
4.18,16,84.491332
4.06,10,84.495938
4.08,10,84.500947
4.05,10,84.506251
4.18,14,84.512858
4.08,10,84.517647
4.39,30,84.528863
4.16,15,84.534986
4.02,10,84.539562
4.08,10,84.544079
0.96,33,84.556531
4.3,18,84.564055
4.16,14,84.573176
4.29,23,84.582374
0.98,33,84.597164
4.08,10,84.603055
4.26,19,84.61205
4.15,14,84.617994
1.1,33,84.633418
4.36,23,84.645873
4.33,20,84.657102
4.16,14,84.663223
4.08,10,84.668865
4.36,20,84.678449
4.25,18,84.686857
0.97,33,84.700023
4.28,20,84.708292
4.08,10,84.712618
4.17,15,84.720484
4.39,22,84.729792
4.08,10,84.736509
4.05,10,84.742015
4.17,16,84.748847
4.18,14,84.758271
4.08,10,84.763327
4.25,18,84.772084
4.2,18,84.779715
4.24,20,84.78775
4.26,25,84.797509
4.08,10,84.802031
4.22,14,84.807997
4.06,10,84.812343
4.08,10,84.816774
4.22,15,84.822854
4.08,10,84.827291
4.42,25,84.837022
4.16,14,84.84317
4.2,14,84.84896
4.18,14,84.854799
4.24,23,84.863865
4.35,20,84.871774
4.37,27,84.882513
4.26,20,84.89059
4.33,24,84.89978
4.08,10,84.904185
4.39,24,84.919748
4.32,19,84.92845
4.08,10,84.933334
4.18,15,84.944055
4.08,10,84.951337
4.06,10,84.958909
4.08,10,84.965344
4.19,14,84.973812
4.08,10,84.978472
4.05,10,84.983204
4.22,14,84.99025
4.08,10,84.995756
4.45,25,85.006613
4.08,10,85.011702
4.05,10,85.016322
1.06,33,85.03129
4.18,14,85.040792
4.2,18,85.053559
4.08,10,85.061001
4.18,17,85.071859
4.14,15,85.080924
4.2,15,85.089708
4.08,10,85.096096
4.22,14,85.104289
4.18,17,85.113915
4.08,10,85.120172
4.18,14,85.129127
4.28,26,86.082346
4.2,22,86.092417
4.38,23,86.101663
4.35,20,86.110016
4.08,10,86.114632
4.05,10,86.119065
4.25,18,86.126878
4.08,10,86.131173
4.17,15,86.137915
4.26,27,86.149007
4.29,19,86.157204
1.82,33,86.170395
4.35,21,86.181433
4.25,19,86.192508
4.18,15,86.19948
4.37,20,86.208962
4.22,16,86.215435
4.08,10,86.220046
4.39,25,86.230406
4.08,10,86.234953
4.26,28,86.252146
4.29,18,86.261921
4.22,14,86.269606
4.21,16,86.276894
4.2,14,86.283306
4.17,19,86.292892
4.08,10,86.297283
4.05,10,86.304054
4.05,10,86.309886
4.25,16,86.319357
4.18,16,86.328275
4.18,20,86.339289
4.43,23,86.351093
4.32,33,86.377817
4.08,10,86.383996
4.06,10,86.391803
4.08,10,86.396859
4.19,14,86.405946
1.69,33,86.424165
4.22,14,86.431246
4.08,10,86.439029
4.36,23,86.450498
4.08,10,86.457147
4.05,10,86.462154
4.06,10,86.467944
4.2,14,86.476482
4.06,10,86.481221
4.08,10,86.488958
4.18,14,86.495878
4.17,15,86.504642
4.44,28,86.516717
4.25,19,86.526707
4.08,10,86.531704
4.05,10,86.538244
4.36,20,86.547481
4.16,16,86.556342
4.2,16,86.56453
4.08,10,86.570815
4.18,16,86.578319
4.29,20,86.588629
4.08,10,86.593904
4.18,15,86.602244
4.14,17,86.610093
4.24,17,86.619801
4.08,10,86.62503
4.25,18,86.634624
4.08,10,86.639439
4.05,10,86.644245
4.22,14,86.65237
0.97,33,86.66775
4.18,16,86.675408
4.18,14,86.683506
4.08,10,86.688699
4.05,10,86.693595
4.25,18,86.702825
4.08,10,86.708017
4.05,10,86.712835
4.26,17,86.721951
4.2,17,86.730434
4.3,18,86.740649
4.22,14,86.748419
4.21,16,86.756977
4.18,16,86.765157
4.08,10,86.77164
4.29,18,86.780925
4.16,15,86.789115
4.24,20,86.799317
4.36,20,86.809717
4.08,10,86.815573
4.05,10,86.82193
4.05,10,86.827436
4.36,20,86.838076
4.08,10,86.843393
4.22,14,86.851171
4.18,14,86.85896
4.18,14,86.865782
4.37,20,86.876343
4.22,14,86.883783
4.18,14,86.891509
4.2,16,86.899059
4.08,10,86.905392
4.22,14,86.912158
4.3,18,86.930163
4.16,14,86.939086
4.02,11,86.944545
4.08,10,86.950036
4.29,18,86.959831
4.06,10,86.964518
4.08,11,86.971419
4.06,10,86.976512
4.14,14,86.983919
4.37,21,86.994614
4.19,16,87.00365
4.08,10,87.008854
4.05,10,87.013445
4.29,18,87.023705
4.08,10,87.028771
4.18,14,87.036688
4.14,16,87.044372
4.08,10,87.049545
4.3,20,87.060004
4.35,20,87.069255
4.08,10,87.075343
0.8,33,87.090821
4.25,20,87.100489
4.3,18,87.110513
4.06,10,87.115319
4.3,18,87.124806
4.08,10,87.129402
4.42,28,87.142256
4.24,23,87.151502
4.26,18,87.856725
4.22,19,87.867553
4.3,24,87.881861
4.06,10,87.887039
4.44,27,87.899568
4.18,14,87.90609
4.08,10,87.912323
4.25,20,87.921401
4.08,10,87.926747
4.26,18,87.936261
4.06,10,87.941272
4.37,24,87.952806
4.16,14,87.959588
4.33,22,87.969591
4.08,10,87.974102
4.19,32,87.988802
4.22,14,87.996097
4.3,20,88.004944
4.4,24,88.016583
4.35,20,88.026192
4.31,22,88.036295
1.06,33,88.05077
4.06,10,88.055493
4.23,16,88.065387
4.08,10,88.070065
4.06,10,88.074481
4.16,16,88.084178
4.27,18,88.092275
4.18,18,88.10069
4.08,10,88.105544
4.32,20,88.115357
4.08,10,88.123262
4.2,14,88.13181
4.06,10,88.13854
4.08,10,88.143307
4.05,10,88.150545
4.22,14,88.157163
4.36,20,88.167446
4.22,14,88.17328
4.06,10,88.179198
4.02,10,88.184018
4.08,10,88.191122
4.18,16,88.200226
4.14,15,88.206926
4.08,10,88.212548
4.05,10,88.219308
4.18,15,88.22622
1.05,33,88.240527
4.15,16,88.249458
4.08,10,88.255737
4.29,18,88.265577
0.95,33,88.282717
4.35,20,88.291921
4.41,26,88.305295
4.35,22,88.317312
4.22,14,88.323562
4.08,10,88.328387
4.18,14,88.335931
1.74,33,88.350039
4.18,14,88.356354
4.08,10,88.361347
4.05,10,88.368874
4.18,14,88.375046
4.14,15,88.384102
4.08,10,88.388992
4.18,14,88.395876
4.08,10,88.401473
4.06,10,88.405976
4.08,10,88.411295
4.18,14,88.418413
4.14,16,88.425407
4.26,24,88.436415
4.34,28,88.4492
4.08,10,88.453871
4.18,15,88.460348
4.08,10,88.465945
4.39,24,88.476467
4.35,22,88.486272
4.28,21,88.494907
4.08,10,88.500569
4.22,15,88.507554
0.96,33,88.52187
4.11,12,88.527465
4.26,20,88.53856
4.38,22,88.549791
4.16,14,88.556308
4.08,10,88.56094
4.05,10,88.567368
4.25,17,88.574282
4.06,10,88.579378
4.08,10,88.585766
4.22,15,88.594244
4.08,10,88.599597
4.06,10,88.604614
4.08,10,88.609933
4.05,10,88.615012
4.05,10,88.620121
4.05,11,88.625889
4.18,16,88.637812
4.37,22,88.652654
4.06,10,88.65757
4.34,21,88.667529
4.35,22,88.677396
4.08,10,88.683085
4.05,10,88.688132
4.22,18,88.696754
4.18,15,88.709561
4.2,14,88.723796
4.18,14,88.741369
4.37,20,88.7632
4.28,18,88.77396
4.06,10,88.781744
4.2,14,88.792765
4.06,10,88.800551
4.14,14,88.813623
4.08,10,88.819797
4.05,10,88.82555
4.18,15,88.83801
4.37,20,88.849303
4.06,10,88.856224
4.02,10,88.865431
4.3,18,88.874606
4.08,10,88.880648
4.05,10,88.888027
4.22,14,88.896546
4.15,16,88.908132
4.21,18,88.923752
4.08,10,88.933995
4.22,16,88.946773
4.18,14,88.95925
4.06,10,88.970481
4.08,10,88.98117
4.22,14,88.996912
4.3,18,90.33298
4.08,10,90.338924
4.05,10,90.345895
4.18,14,90.355752
4.08,10,90.365126
4.16,20,90.379914
4.34,22,90.394091
4.08,10,90.404133
4.36,20,90.420374
4.19,16,90.432372
4.08,10,90.440049
4.18,15,90.45065
4.08,10,90.457813
4.36,20,90.471029
4.22,15,90.478626
4.08,10,90.486802
4.22,17,90.49814
4.08,10,90.504796
4.21,20,90.51588
4.08,10,90.522049
4.42,22,90.536754
4.38,28,90.552348
4.22,14,90.559281
4.29,20,90.571831
4.22,15,90.580989
4.08,10,90.587407
4.06,10,90.592496
4.08,10,90.601408
4.22,14,90.608041
4.18,18,90.619332
4.08,10,90.624307
4.21,16,90.635282
4.4,23,90.645413
4.31,20,90.672269
4.08,10,90.680605
4.22,18,90.692672
4.23,16,90.702527
4.08,10,90.707534
4.19,14,90.71712
4.08,10,90.722169
4.22,14,90.730482
4.06,10,90.736556
4.2,16,90.744476
4.06,10,90.751264
4.3,18,90.759072
4.35,20,90.770082
4.16,14,90.777588
4.18,19,90.789908
4.46,30,90.806015
4.24,18,90.816197
4.18,16,90.824727
4.06,10,90.831105
4.3,18,90.840292
4.34,20,90.852156
4.35,21,90.863163
4.16,14,90.870641
4.37,21,90.880934
4.08,10,90.886908
4.21,16,90.895693
4.14,16,90.904621
4.08,10,90.909302
4.05,10,90.91794
4.29,18,90.929791
1.8,33,90.94786
4.28,18,90.960257
4.31,22,90.974842
4.08,10,90.981072
4.22,15,90.989031
4.35,20,90.999309
4.28,21,91.012564
4.16,16,91.020979
4.08,10,91.0258
4.05,10,91.035389
1.03,33,91.055673
4.35,20,91.067359
4.26,20,91.078959
4.08,10,91.085796
4.29,20,91.096334
4.22,14,91.104575
4.3,18,91.113999
4.16,19,91.12347
4.14,15,91.131769
1.1,33,91.147595
4.06,10,91.153215
4.37,20,91.162528
4.16,16,91.172164
4.4,23,91.184654
4.35,21,91.195206
4.22,14,91.20197
4.06,10,91.20735
4.14,17,91.215966
4.14,16,91.223235
4.14,19,91.232533
4.23,18,91.244884
4.15,14,91.252307
4.08,10,91.256695
4.36,21,91.269386
4.06,10,91.273807
4.14,16,91.282215
4.11,14,91.288191
4.22,15,91.295913
4.18,16,91.3033
4.35,21,91.312148
4.35,20,91.320986
4.41,25,91.332361
4.06,10,91.337419
1.79,33,91.35166
4.02,10,91.356447
4.2,14,91.363976
4.3,18,91.372697
4.08,10,91.378236
4.18,14,91.385039
1.12,33,91.398667
1.76,33,91.41309
4.08,10,91.418496
4.05,10,91.423629
4.05,10,91.428768
4.19,14,91.435253
4.18,14,91.44109
4.35,20,91.451371
4.06,10,91.45603
4.08,10,91.461234
4.06,10,91.466273
4.08,10,91.471176
4.17,17,91.47818
4.18,16,91.485891
4.18,14,91.492234
4.2,14,92.292272
1.13,33,92.307315
4.22,18,92.316348
4.06,11,92.321358
4.08,10,92.325747
4.21,16,92.334285
4.28,21,92.34277
4.43,22,92.353268
4.35,20,92.361729
4.27,28,92.374556
1.1,33,92.390969
4.28,18,92.399414
4.08,10,92.403798
4.27,16,92.412802
4.18,14,92.420052
4.18,14,92.426843
4.18,14,92.434138
4.3,19,92.442889
0.99,33,92.460011
4.18,15,92.469496
4.08,11,92.475505
4.21,16,92.484074
4.08,10,92.489276
4.21,18,92.50021
4.4,22,92.511247
4.08,10,92.521978
4.22,14,92.530096
4.37,24,92.541427
4.08,10,92.547411
4.06,10,92.553204
4.23,16,92.561457
4.18,15,92.570491
4.2,15,92.580007
4.08,11,92.586438
4.21,17,92.594239
4.14,14,92.601894
4.36,21,92.611928
4.35,20,92.6212
4.25,16,92.62848
4.06,10,92.63336
4.44,31,92.645806
4.08,10,92.651967
4.25,18,92.659003
4.22,15,92.66632
4.17,16,92.673517
4.24,19,92.682195
4.17,21,92.690321
4.16,14,92.697808
4.3,18,92.705654
4.22,14,92.712037
4.18,15,92.718295
4.02,10,92.722646
4.3,18,92.731684
4.19,17,92.74093
4.3,19,92.750145
4.47,26,92.761309
4.22,14,92.7693
4.06,10,92.773817
4.2,16,92.781517
4.08,10,92.786469
4.22,14,92.792639
4.18,14,92.800706
4.23,18,92.80835
4.16,16,92.816325
4.08,11,92.821199
4.05,10,92.826008
4.22,14,92.832445
4.08,10,92.836962
4.35,20,92.845735
1.03,33,92.859923
4.08,10,92.865741
4.26,23,92.876651
4.3,19,92.885372
4.22,14,92.892109
4.41,23,92.902738
4.22,14,92.908903
4.35,21,92.917514
4.28,25,92.927964
4.18,14,92.93725
4.17,18,92.947215
4.06,10,92.954555
4.2,14,92.96369
4.08,10,92.973733
4.36,22,92.986461
4.35,20,92.995256
4.35,22,93.00668
4.08,10,93.01388
4.22,14,93.030435
4.08,10,93.039398
4.05,10,93.047515
4.22,16,93.058644
4.36,21,93.075335
4.16,14,93.088614
4.37,20,93.102709
1.2,33,93.118811
4.18,14,93.126322
4.18,14,93.134175
4.3,18,93.142231
4.35,20,93.153282
4.22,14,93.159328
4.24,20,93.169998
4.18,15,93.176698
4.35,20,93.187607
4.06,10,93.192031
4.08,10,93.197344
4.22,15,93.20421
4.06,10,93.20911
4.38,21,93.217973
4.28,18,93.225427
4.28,20,93.233744
4.18,17,93.240703
4.24,19,93.24881
4.3,18,93.2564
4.08,10,93.260883
4.22,14,93.268085
4.29,29,93.2811
4.08,10,93.285641
4.05,10,93.290044
4.44,24,93.301917
1.74,33,93.316389
4.08,10,93.321163
4.36,20,93.331638
4.41,24,94.540961
4.16,14,94.556436
4.08,10,94.564503
4.05,10,94.573392
4.39,25,94.596053
4.08,10,94.605719
4.33,22,94.623764
4.06,10,94.632567
4.15,24,94.650398
1.08,33,94.672481
4.28,23,94.688079
4.23,16,94.700094
4.21,16,94.709433
4.08,10,94.716543
4.22,14,94.724287
4.25,18,94.737158
4.35,20,94.748542
4.22,14,94.758738
4.08,10,94.76651
4.18,15,94.778088
4.14,14,94.788323
4.14,14,94.796798
4.37,20,94.810122
4.11,12,94.822687
4.05,10,94.82964
4.36,20,94.850627
4.22,14,94.865568
4.4,25,94.885772
4.08,10,94.897443
4.05,10,94.908289
4.05,10,94.918006
4.22,14,94.931261
4.37,20,94.945298
4.08,10,94.952093
4.18,14,94.960684
4.2,14,94.97595
4.18,14,94.990846
4.14,14,95.002116
4.34,24,95.024699
4.08,10,95.035245
4.06,10,95.045667
4.24,17,95.063847
4.08,10,95.074923
4.05,11,95.085956
4.21,17,95.098998
4.14,15,95.110869
4.2,14,95.120419
4.17,22,95.141707
4.25,16,95.154273
4.14,23,95.168618
4.18,14,95.180437
1.0,33,95.196293
4.23,16,95.208304
4.08,10,95.216617
4.18,16,95.229756
4.26,16,95.24306
4.35,21,95.257624
4.22,15,95.266194
4.06,10,95.274716
4.37,22,95.291421
4.06,10,95.298255
4.08,10,95.308898
4.05,10,95.315305
4.42,22,95.329477
4.42,23,95.344669
4.22,14,95.355862
4.08,10,95.360616
4.06,10,95.368483
4.4,24,95.381027
4.27,18,95.392639
4.22,18,95.404076
4.08,10,95.409315
4.36,20,95.42093
4.25,18,95.429108
4.25,18,95.439238
4.11,12,95.444805
4.22,15,95.452953
4.18,14,95.459242
1.0,33,95.473251
4.39,24,95.484842
4.16,14,95.490561
4.14,14,95.496677
4.14,14,95.504085
4.44,22,95.513527
4.08,10,95.518561
4.18,17,95.525512
4.3,18,95.535553
4.08,10,95.541562
4.36,20,95.557816
4.06,10,95.563756
4.08,10,95.570772
4.05,10,95.57606
4.18,14,95.58417
4.37,20,95.593983
4.08,10,95.600947
4.3,27,95.614216
4.06,10,95.620574
4.2,14,95.627564
4.38,22,95.641457
4.28,20,95.652372
4.37,22,95.66328
4.25,18,95.675453
4.08,10,95.680964
4.05,10,95.688313
4.18,15,95.695346
4.3,18,95.707308
4.08,10,95.712628
4.29,20,95.725717
4.08,10,95.732562
4.05,10,95.739699
4.18,16,95.748979
4.14,14,95.75713
4.08,10,95.762132
4.21,16,95.772902
4.37,22,95.783992
4.34,20,95.794333
4.25,18,95.804152
4.18,14,95.811133
4.43,30,95.828173
4.08,10,95.835818
4.18,16,95.844843
4.23,16,95.856374
4.49,27,95.869502
4.06,10,95.875166
4.08,10,95.880176
4.36,24,95.893554
4.08,10,95.900182
4.34,22,95.914564
4.19,14,96.833888
4.06,10,96.841525
4.14,14,96.849771
4.14,14,96.858848
4.08,10,96.864872
4.17,17,96.874302
4.41,22,96.887299
4.08,10,96.893931
4.22,14,96.902225
4.41,22,96.914169
4.08,10,96.920394
4.29,18,96.930575
4.28,18,96.940482
4.06,10,96.946104
4.08,10,96.9515
4.18,14,96.958166
4.2,14,96.964637
4.35,22,96.977437
4.28,18,96.985904
4.29,18,96.993997
4.29,18,97.002472
4.08,10,97.007236
4.22,14,97.013694
4.06,10,97.018358
4.4,26,97.037589
4.35,20,97.046148
4.24,20,97.054724
4.36,30,97.066946
4.08,10,97.071547
4.05,10,97.076234
4.22,14,97.082485
4.08,10,97.087254
4.18,14,97.093391
4.2,16,97.100498
4.43,22,97.110025
4.24,18,97.119287
4.17,17,97.127598
1.17,33,97.14169
4.35,22,97.151371
4.37,23,97.161535
4.24,19,97.169809
4.06,10,97.174648
4.02,11,97.179837
4.02,10,97.184525
4.2,14,97.190934
4.41,28,97.203128
4.22,14,97.209603
4.33,22,97.219019
4.35,20,97.227733
4.15,16,97.234856
4.22,14,97.241338
4.41,22,97.250672
4.28,18,97.258539
4.08,10,97.263444
4.06,10,97.268134
4.08,10,97.272886
4.36,21,97.282001
4.35,20,97.290961
4.08,10,97.295644
4.08,12,97.302905
4.06,10,97.314359
4.15,18,97.327769
4.08,10,97.33657
4.06,10,97.341814
4.2,14,97.349442
4.08,10,97.35516
4.18,16,97.362957
4.08,10,97.369303
4.05,10,97.374172
4.43,22,97.38368
4.28,18,97.391577
4.08,11,97.396851
4.42,26,97.409045
4.22,14,97.418068
4.18,14,97.425298
4.08,10,97.432337
4.29,18,97.440813
4.16,14,97.449944
4.37,20,97.460205
4.22,15,97.468264
4.35,21,97.478585
4.22,16,97.487388
4.38,25,97.500896
4.06,10,97.506201
4.23,18,97.516537
4.18,14,97.523925
0.83,33,97.551965
4.06,10,97.55819
4.2,14,97.568331
4.18,14,97.5798
4.4,24,97.600343
4.08,10,97.608037
4.05,10,97.616342
4.06,10,97.625892
4.2,14,97.637474
4.36,26,97.659126
4.06,11,97.668736
4.08,10,97.67592
4.35,31,97.695518
4.06,10,97.70464
4.4,24,97.721272
4.38,24,97.738272
4.06,11,97.746749
4.2,14,97.758706
4.13,18,97.77264
4.18,14,97.781069
4.3,19,97.79509
4.08,10,97.802514
4.25,16,97.811179
4.41,27,97.824988
4.06,10,97.829644
4.08,10,97.835405
4.18,14,97.842743
4.25,16,97.851386
4.06,10,97.855862
4.43,24,97.866196
4.35,20,97.87711
4.16,14,97.884056
4.02,10,97.888519
4.2,15,97.894511
4.35,20,97.90241
4.22,15,97.908353
4.35,20,97.917434
4.27,18,97.925193
4.08,10,97.930565
4.05,10,97.936739
4.35,24,97.948364
4.28,18,97.956124
4.06,10,97.960696
4.08,10,98.640174
4.05,10,98.645093
4.36,20,98.653057
4.16,14,98.659307
4.02,11,98.664195
4.14,14,98.669805
4.2,14,98.675537
4.22,18,98.682625
4.08,10,98.68687
4.05,10,98.691082
4.22,14,98.696735
4.3,18,98.703821
4.22,15,98.709961
4.08,10,98.714395
4.05,10,98.719169
4.22,14,98.724877
4.08,10,98.729336
4.06,10,98.733819
4.3,18,98.741024
4.16,16,98.747569
4.37,21,98.755747
4.08,10,98.7601
4.36,20,98.771804
4.22,15,98.778076
4.08,10,98.783285
4.21,16,98.790353
4.3,18,98.797329
4.22,14,98.807575
4.35,29,98.819772
4.41,24,98.828936
4.16,16,98.835722
4.2,14,98.841558
4.08,10,98.845796
4.06,10,98.850259
4.2,14,98.856
4.18,14,98.861807
4.06,10,98.866419
0.96,33,98.878721
4.25,19,98.887067
4.38,32,98.89921
4.22,15,98.905267
4.29,19,98.91258
4.06,10,98.917053
4.24,18,98.924937
4.15,14,98.930726
4.37,21,98.938927
4.35,20,98.947594
4.08,10,98.952188
4.22,14,98.957821
4.41,22,98.966974
4.08,10,98.971619
4.05,10,98.977751
4.06,10,98.982461
4.08,10,98.986786
4.36,20,98.994877
4.35,22,99.00341
4.06,10,99.009421
4.11,12,99.016055
4.18,14,99.025283
4.2,15,99.034693
4.08,10,99.039365
4.22,15,99.045474
4.08,10,99.049929
4.22,15,99.056113
0.95,33,99.068418
4.35,20,99.0766
4.35,20,99.084738
4.06,10,99.089146
4.37,20,99.097011
4.34,22,99.108354
4.38,26,99.127081
4.08,10,99.133492
4.29,18,99.141923
4.27,22,99.152547
4.16,16,99.159904
4.37,20,99.169818
4.06,10,99.174716
4.37,20,99.18444
4.22,14,99.190773
4.35,22,99.201237
4.22,18,99.209224
4.16,15,99.216614
4.23,16,99.224227
4.17,16,99.237203
4.08,10,99.24435
4.29,19,99.255525
4.08,10,99.260418
4.18,16,99.270074
4.02,10,99.274819
4.43,24,99.285627
4.22,18,99.292756
4.06,10,99.298922
4.2,14,99.30514
4.21,16,99.312008
4.08,10,99.3175
4.25,17,99.325056
4.17,20,99.334757
4.28,18,99.34228
4.06,10,99.34766
4.2,14,99.354245
4.18,14,99.36048
4.14,15,99.368136
4.37,20,99.376028
4.06,10,99.381565
4.08,10,99.386211
4.25,17,99.393236
4.06,10,99.398836
4.08,10,99.403584
4.05,10,99.40813
4.22,14,99.415074
4.18,14,99.421005
4.18,14,99.427
4.35,22,99.436669
4.28,18,99.44405
4.22,14,99.451262
4.29,20,99.459744
4.22,14,99.467241
4.18,15,99.474088
4.06,10,99.478471
4.08,10,99.484164
4.25,18,99.491469
4.18,14,99.498484
4.08,10,99.503628
4.22,16,99.510343
4.06,10,99.515923
4.37,20,99.524016
4.08,10,99.528341
4.18,14,99.535886
4.2,15,99.542266
4.08,10,99.547131
4.05,10,99.55254
4.08,12,99.558056
4.05,10,99.564109
4.05,10,99.570606
4.37,20,99.578777
4.28,20,100.348876
4.35,20,100.357072
4.22,14,100.36294
4.2,22,100.371557
4.22,14,100.377439
4.35,20,100.385277
4.08,10,100.389582
4.06,10,100.394047
4.11,12,100.399032
4.16,16,100.405203
4.3,22,100.413772
4.14,14,100.419439
4.08,10,100.423882
4.32,20,100.432334
4.35,22,100.440774
4.06,10,100.445249
4.02,10,100.452339
4.08,10,100.461983
4.06,10,100.468684
4.08,10,100.474041
4.05,10,100.479747
4.18,14,100.486854
4.02,10,100.491091
4.2,15,100.497344
4.08,10,100.501784
4.05,10,100.50629
4.29,18,100.513332
4.35,20,100.521242
4.08,10,100.525664
4.05,10,100.52995
1.01,33,100.541829
4.28,18,100.54961
4.06,10,100.556187
4.14,15,100.562299
4.2,14,100.570421
4.35,23,100.579565
1.6,33,100.592289
4.08,10,100.59688
4.42,22,100.608464
4.08,10,100.613055
4.39,24,100.625603
4.06,10,100.629918
4.37,20,100.638139
4.35,20,100.64595
4.35,20,100.653726
4.08,10,100.658191
4.08,12,100.663403
4.05,10,100.66759
4.36,23,100.676868
4.22,14,100.682551
4.3,18,100.689738
4.06,10,100.693951
4.14,15,100.699911
4.43,22,100.708674
4.08,10,100.713007
4.29,20,100.720843
4.06,10,100.725269
4.02,10,100.729679
4.2,16,100.736195
4.08,10,100.740608
4.22,14,100.746377
4.08,10,100.750513
4.18,16,100.757022
4.3,18,100.764086
4.08,10,100.768354
4.22,14,100.774102
4.06,10,100.77834
4.37,20,100.786096
4.06,10,100.790509
4.08,10,100.794682
4.25,16,100.800889
4.18,14,100.806626
4.35,20,100.81415
4.22,17,100.820758
4.3,18,100.827894
4.28,19,100.835054
4.06,10,100.839435
4.2,14,100.844973
4.08,10,100.849212
4.05,10,100.853562
4.05,10,100.857988
4.05,10,100.862263
4.05,10,100.866377
4.16,20,100.874213
4.08,10,100.8784
4.05,10,100.883228
4.36,20,100.895596
4.08,10,100.902958
4.22,14,100.911959
4.06,10,100.916568
4.02,10,100.92188
4.37,20,100.931418
4.35,22,100.940145
4.11,12,100.945476
4.05,10,100.952424
4.29,18,100.960275
4.28,18,100.968112
4.35,20,100.976016
4.06,10,100.980561
4.2,14,100.986486
4.08,10,100.991077
4.18,14,100.996744
4.17,16,101.003651
4.06,10,101.007967
4.02,10,101.01227
4.08,10,101.016533
4.22,14,101.022283
4.08,10,101.026803
4.29,18,101.033939
4.35,22,101.042545
4.35,21,101.050826
4.08,10,101.05525
4.22,14,101.061066
4.18,14,101.066849
4.18,18,101.074023
4.14,15,101.080278
4.2,14,101.08608
4.06,10,101.090265
4.02,10,101.094546
4.02,10,101.098691
4.02,10,101.103119
4.08,10,101.107445
4.22,16,101.11369
4.2,22,101.122171
4.08,10,101.126529
4.36,20,101.134223
4.35,20,101.142142
4.06,10,101.146493
4.27,19,101.154429
4.35,20,101.162608
4.41,23,101.171799
4.25,16,101.179147
4.06,10,101.183415
4.2,14,101.189406
4.35,20,101.197073
4.08,10,101.201374
4.22,14,101.207102
4.18,14,101.212789
4.3,18,101.219952
4.22,14,101.882269
4.18,14,101.889211
4.18,15,101.895681
4.35,20,101.904957
4.06,10,101.909481
4.24,19,101.916901
4.3,18,101.924064
4.16,14,101.929749
4.37,20,101.937826
4.27,22,101.946434
4.18,14,101.955238
4.06,10,101.96059
4.14,14,101.966748
4.08,10,101.971709
4.05,11,101.976387
4.05,10,101.984386
4.36,23,101.996903
4.28,18,102.00637
4.22,14,102.013251
4.18,14,102.019684
4.18,14,102.025651
4.08,10,102.029848
4.29,18,102.036986
4.06,10,102.041537
4.02,10,102.045738
4.4,26,102.055654
4.16,14,102.061618
4.2,14,102.067591
4.08,10,102.071919
4.06,10,102.076372
4.2,14,102.082017
4.25,21,102.090021
4.35,20,102.097872
4.08,10,102.10213
4.06,10,102.10631
4.14,15,102.112516
4.08,10,102.116896
4.36,20,102.124799
4.08,11,102.129387
4.29,18,102.136422
4.22,14,102.142297
4.35,25,102.151778
4.25,16,102.158435
4.18,16,102.16473
4.18,14,102.170455
1.11,33,102.182921
4.5,31,102.197553
4.19,15,102.204414
4.08,10,102.210542
4.25,16,102.217928
4.18,18,102.225161
4.2,21,102.23368
0.94,33,102.24586
4.35,21,102.254545
4.08,10,102.258803
4.06,10,102.264354
4.14,17,102.272737
4.2,17,102.281605
4.35,21,102.290535
4.22,15,102.297384
4.3,20,102.305417
4.22,14,102.311619
4.18,18,102.319032
4.08,10,102.323239
4.06,10,102.327575
1.1,33,102.339809
4.16,15,102.346231
4.2,14,102.354982
4.06,10,102.359967
4.2,14,102.366765
4.08,10,102.37224
4.05,10,102.377325
4.36,20,102.386328
4.28,21,102.394757
4.35,21,102.403328
4.08,10,102.407998
4.22,14,102.413819
4.18,14,102.423612
4.06,11,102.43081
4.2,17,102.439974
4.36,21,102.449374
4.35,20,102.460251
4.18,18,102.468465
4.35,20,102.477309
4.22,14,102.483258
4.3,22,102.492174
4.21,15,102.498244
4.06,10,102.502744
4.2,14,102.508697
4.18,15,102.514616
4.08,10,102.519014
4.18,16,102.525951
4.14,14,102.53191
4.2,14,102.537702
4.23,18,102.544803
4.35,21,102.552845
4.06,10,102.557309
4.26,27,102.567667
4.3,18,102.574857
4.06,10,102.579116
4.02,10,102.583245
4.08,10,102.587671
4.06,10,102.592124
4.08,10,102.596417
4.06,10,102.600735
4.08,10,102.605304
4.05,10,102.609776
4.05,10,102.614069
4.06,10,102.618388
4.08,10,102.622738
4.05,10,102.627154
4.22,16,102.633541
4.18,14,102.639392
4.33,21,102.647392
4.16,16,102.65368
4.14,14,102.659518
4.08,10,102.663976
4.3,22,102.672729
4.18,17,102.679484
4.18,17,102.686065
4.18,14,102.6921
4.08,10,102.696435
4.36,20,102.704882
4.35,22,102.713683
4.35,24,102.723345
4.08,10,102.728
4.22,15,102.734126
4.08,10,102.73875
4.06,10,102.743122
4.2,14,102.749388
4.23,16,102.7561
4.06,10,102.76096
4.02,10,102.765243
4.02,10,102.769628
4.08,10,102.774377
