#{"t_start": 1693327668.3856149, "env_id": "GridRoadEnv-v0"}
r,l,t
0.22,80,0.034025
0.44,80,0.064788
0.3,80,0.092629
0.25,80,0.123174
0.37,80,0.150658
0.37,80,0.1784
0.36,80,0.20616
0.31,80,0.23363
0.27,80,0.261061
0.95,80,0.288732
0.29,80,0.316379
0.37,80,0.344465
0.31,80,0.392776
0.34,80,0.421809
0.25,80,0.449723
0.36,80,0.47764
0.32,80,0.505405
0.24,80,0.533684
0.37,80,0.562571
0.36,80,0.590698
0.31,80,0.620593
0.41,80,0.648652
0.97,80,0.676353
0.3,80,0.706345
0.24,80,0.734606
0.37,80,1.328505
0.33,80,1.356413
0.21,80,1.386171
0.4,80,1.414388
0.37,80,1.441973
0.13,80,1.469217
0.34,80,1.496843
0.31,80,1.524312
0.22,80,1.551836
0.32,80,1.579487
0.41,80,1.607205
0.28,80,1.634818
0.45,80,1.665803
0.18,80,1.693231
0.3,80,1.721048
0.33,80,1.748904
0.25,80,1.776726
0.36,80,1.804536
0.26,80,1.832316
0.31,80,1.859885
0.32,80,1.887609
0.28,80,1.915485
0.39,80,1.943481
0.23,80,1.970865
0.32,80,1.998778
0.26,80,2.029283
0.33,80,2.629825
0.32,80,2.658177
0.39,80,2.685965
0.37,80,2.714718
0.35,80,2.742349
0.42,80,2.770378
0.38,80,2.798492
0.4,80,2.826461
0.28,80,2.854445
0.31,80,2.882546
0.41,80,2.910095
0.96,80,2.941037
0.36,80,2.969107
0.41,80,2.99716
0.31,80,3.025458
0.47,80,3.053685
0.35,80,3.08169
0.44,80,3.109407
0.36,80,3.137464
1.07,80,3.165353
0.35,80,3.193088
0.3,80,3.222044
0.37,80,3.250225
0.49,80,3.278162
0.28,80,3.308554
0.33,80,3.896518
0.28,80,3.923985
1.05,80,3.951327
0.33,80,3.979284
0.33,80,4.006947
1.0,80,4.034373
0.32,80,4.062211
0.94,80,4.090054
0.31,80,4.117958
0.32,80,4.14585
0.33,80,4.173527
0.98,80,4.208927
0.35,80,4.236868
0.31,80,4.265155
1.05,80,4.292838
1.01,80,4.320157
0.97,80,4.347716
0.3,80,4.375199
0.28,80,4.404754
0.38,80,4.432642
1.0,80,4.460549
0.42,80,4.489399
0.38,80,4.516922
0.35,80,4.544512
1.71,80,4.579104
0.41,80,4.606872
0.35,80,5.192161
0.36,80,5.220003
0.34,80,5.247955
0.86,80,5.276088
0.98,80,5.304054
0.98,80,5.332112
1.01,80,5.359927
0.33,80,5.391604
0.26,80,5.419556
1.02,80,5.447694
1.01,80,5.482255
1.01,80,5.509928
0.99,80,5.538267
0.95,80,5.566288
0.56,80,5.594031
0.98,80,5.622295
1.06,80,5.650111
1.01,80,5.677609
0.33,80,5.705112
0.33,80,5.732578
0.36,80,5.759907
0.31,80,5.788107
0.93,80,5.815509
0.29,80,5.849499
1.01,80,5.876906
0.96,80,5.904394
1.05,80,6.494889
0.98,80,6.52266
0.99,80,6.550828
0.98,80,6.579257
1.01,80,6.606837
0.93,80,6.635238
1.03,80,6.662965
1.04,80,6.690655
1.06,80,6.718398
0.89,80,6.752683
0.33,80,6.780696
0.96,80,6.808273
1.0,80,6.837037
1.02,80,6.864554
0.96,80,6.892237
1.03,80,6.919835
0.98,80,6.947392
1.01,80,6.974773
0.96,80,7.002284
0.98,80,7.029721
1.02,80,7.058004
0.95,80,7.086004
1.02,80,7.120203
0.96,80,7.147484
0.97,80,7.175161
0.38,80,7.776181
0.96,80,7.80671
1.04,80,7.834708
1.04,80,7.863411
0.94,80,7.891135
0.99,80,7.918838
0.98,80,7.946883
0.36,80,7.974626
0.98,80,8.002506
0.94,80,8.037591
0.96,80,8.065266
0.89,80,8.092692
1.05,80,8.121266
0.99,80,8.150148
0.96,80,8.177979
0.93,80,8.205511
1.02,80,8.233544
0.98,80,8.261825
1.0,80,8.289507
0.95,80,8.318235
0.96,80,8.348388
1.0,80,8.377721
1.01,80,8.414461
1.03,80,8.442024
1.08,80,8.469685
1.03,80,8.497076
0.97,80,9.10135
1.03,80,9.129198
1.02,80,9.157131
0.94,80,9.185799
0.97,80,9.213263
0.97,80,9.240903
0.9,80,9.268306
0.97,80,9.295851
0.97,80,9.330741
0.99,80,9.358182
0.99,80,9.385625
0.86,80,9.415507
0.95,80,9.443897
1.04,80,9.471712
0.99,80,9.499753
0.96,80,9.527869
0.98,80,9.55589
0.95,80,9.583733
0.99,80,9.611486
1.0,80,9.639349
0.92,80,9.667385
0.92,80,9.702226
0.96,80,9.730029
1.04,80,9.758367
1.04,80,9.785726
1.0,80,10.373888
1.04,80,10.403593
1.02,80,10.431537
0.92,80,10.459642
1.0,80,10.487347
0.96,80,10.515334
1.0,80,10.543077
1.1,80,10.571082
0.88,80,10.605619
1.0,80,10.633491
1.0,80,10.661498
1.04,80,10.68906
1.0,80,10.716754
0.94,80,10.744716
0.91,80,10.772447
1.07,80,10.800228
0.9,80,10.828092
0.9,80,10.855678
1.02,80,10.883652
0.91,80,10.911508
1.08,80,10.939275
0.99,80,10.974244
1.04,80,11.003001
1.06,80,11.031193
1.02,80,11.058952
0.93,80,11.087104
0.96,80,11.687419
0.98,80,11.716794
0.95,80,11.74487
0.94,80,11.77281
0.99,80,11.800801
0.99,80,11.830325
1.02,80,11.858163
1.06,80,11.893361
1.01,80,11.920978
1.03,80,11.948891
1.09,80,11.976653
0.95,80,12.004751
0.98,80,12.032308
1.02,80,12.060087
1.06,80,12.087771
1.03,80,12.116295
1.06,80,12.143959
1.02,80,12.172619
0.96,80,12.20054
0.97,80,12.228162
1.01,80,12.262181
1.05,80,12.293825
1.1,80,12.321934
0.96,80,12.349858
0.95,80,12.377895
1.02,80,12.409144
0.96,80,13.055708
0.96,80,13.083449
1.01,80,13.111418
0.93,80,13.139665
1.07,80,13.167652
0.97,80,13.197065
1.04,80,13.231635
0.98,80,13.259724
0.99,80,13.287739
1.03,80,13.316535
0.99,80,13.344496
0.95,80,13.372317
0.96,80,13.401359
0.97,80,13.430028
0.93,80,13.457538
0.96,80,13.488389
0.99,80,13.518107
1.01,80,13.547158
1.02,80,13.575285
0.94,80,13.61325
0.99,80,13.641965
0.98,80,13.672401
0.93,80,13.703271
1.1,80,13.731254
0.88,80,13.759254
0.87,80,14.345671
0.99,80,14.37401
0.98,80,14.403217
1.0,80,14.432985
0.92,80,14.461648
1.0,80,14.489912
1.1,80,14.521997
1.13,80,14.55044
1.02,80,14.578912
1.05,80,14.607284
1.02,80,14.635534
1.02,80,14.663227
0.97,80,14.691012
1.01,80,14.718631
0.94,80,14.746787
1.01,80,14.775811
1.0,80,14.805153
1.05,80,14.834571
0.97,80,14.862129
1.02,80,14.896533
0.92,80,14.924505
1.0,80,14.953273
0.98,80,14.98328
1.05,80,15.011562
0.98,80,15.039175
0.94,80,15.067349
0.92,80,15.667836
1.04,80,15.696068
1.0,80,15.723661
1.02,80,15.759207
1.02,80,15.798178
1.01,80,15.848827
0.96,80,15.880685
0.86,80,15.915088
1.1,80,15.947587
0.96,80,15.979972
1.0,80,16.015717
1.1,80,16.048028
1.06,80,16.08029
0.97,80,16.112416
1.01,80,16.145075
0.99,80,16.175503
1.02,80,16.209354
0.94,80,16.241976
0.96,80,16.28244
0.9,80,16.313921
0.88,80,16.344382
0.97,80,16.375812
0.9,80,16.407434
1.05,80,16.439384
1.0,80,16.470843
0.97,80,17.083726
1.02,80,17.115662
1.03,80,17.149713
1.06,80,17.180504
1.01,80,17.210927
1.07,80,17.247132
0.96,80,17.280622
1.05,80,17.311946
0.95,80,17.34264
0.93,80,17.373654
0.93,80,17.406733
1.05,80,17.438545
0.94,80,17.469386
0.87,80,17.501435
0.94,80,17.532551
0.97,80,17.563722
1.52,80,17.59392
0.96,80,17.625703
1.0,80,17.659635
1.01,80,17.691684
1.02,80,17.723338
0.99,80,17.754339
0.93,80,17.786122
0.96,80,17.818385
1.01,80,17.84971
1.07,80,17.880086
0.91,80,18.487695
1.1,80,18.521303
0.86,80,18.55208
1.7,80,18.584784
0.99,80,18.624432
1.02,80,18.657271
1.6,80,18.689121
0.91,80,18.719564
1.01,80,18.751651
0.99,80,18.782616
1.09,80,18.813979
1.08,80,18.844121
1.08,80,18.876672
1.03,80,18.90922
1.01,80,18.940717
1.07,80,18.972481
1.08,80,19.006267
1.05,80,19.045724
1.71,80,19.076587
1.71,80,19.109474
0.93,80,19.140908
1.03,80,19.172042
0.99,80,19.203435
1.0,80,19.234775
1.02,80,19.266232
1.02,80,19.298748
1.09,80,19.922629
0.94,80,19.952972
1.06,80,19.9853
0.98,80,20.025177
1.03,80,20.057294
0.96,80,20.088655
0.89,80,20.121153
0.99,80,20.153474
1.62,80,20.185351
0.9,80,20.217063
1.03,80,20.247674
0.99,80,20.277353
0.99,80,20.308696
1.06,80,20.339786
1.07,80,20.371632
1.12,80,20.40263
1.01,80,20.44057
0.96,80,20.471646
0.94,80,20.502267
1.01,80,20.533241
1.07,80,20.566341
0.95,80,20.596886
0.87,80,20.629057
0.96,80,20.659558
1.11,80,20.690552
1.11,80,21.298735
0.99,80,21.33234
1.65,80,21.365231
1.69,80,21.405323
0.84,80,21.436511
1.57,80,21.4678
0.91,80,21.500018
0.92,80,21.531703
3.97,31,21.543129
1.48,80,21.574024
0.95,80,21.604985
0.93,80,21.637544
1.07,80,21.669852
1.06,80,21.701953
0.95,80,21.732418
0.9,80,21.767292
0.97,80,21.805655
0.98,80,21.838204
1.63,80,21.870053
0.94,80,21.900653
1.02,80,21.932977
1.14,80,21.965934
0.98,80,21.997221
0.94,80,22.027414
0.99,80,22.059497
1.08,80,22.090629
1.0,80,22.702961
0.99,80,22.732812
1.1,80,22.764442
1.52,80,22.803612
1.02,80,22.834629
0.98,80,22.866169
0.29,80,22.897275
1.04,80,22.928127
1.06,80,22.960562
0.93,80,22.991983
0.91,80,23.023875
0.93,80,23.055126
1.02,80,23.086196
0.96,80,23.117461
1.03,80,23.150227
1.1,80,23.184895
1.04,80,23.216606
1.56,80,23.249604
1.08,80,23.280908
1.67,80,23.314322
0.95,80,23.344858
0.96,80,23.376307
1.06,80,23.407952
1.69,80,23.44047
0.98,80,23.471866
3.96,28,23.484037
1.11,80,23.514122
1.03,80,24.117333
0.96,80,24.155689
1.67,80,24.188622
0.96,80,24.219321
0.99,80,24.251362
1.01,80,24.283724
0.97,80,24.31465
1.08,80,24.346513
1.09,80,24.377124
0.92,80,24.409129
0.88,80,24.441752
0.94,80,24.473467
1.03,80,24.50536
0.99,80,24.537168
1.07,80,24.572045
1.01,80,24.603113
4.14,68,24.630207
1.05,80,24.660626
0.82,80,24.689763
0.98,80,24.720969
1.09,80,24.754111
1.02,80,24.787241
0.95,80,24.819813
1.67,80,24.851837
0.91,80,24.884309
0.96,80,25.482869
0.99,80,25.521664
0.3,80,25.553262
1.06,80,25.588371
3.99,28,25.60355
1.06,80,25.643231
1.04,80,25.67785
1.08,80,25.709506
3.95,25,25.720098
1.04,80,25.750297
0.99,80,25.780666
0.87,80,25.810546
4.02,53,25.832424
0.89,80,25.863285
1.07,80,25.894289
1.05,80,25.92503
1.65,80,25.96732
3.97,33,25.980546
0.8,80,26.010881
1.0,80,26.04307
1.04,80,26.073708
0.97,80,26.105375
0.87,80,26.136021
0.98,80,26.16733
1.04,80,26.199413
1.01,80,26.230155
0.88,80,26.26091
1.02,80,26.292206
1.05,80,26.894411
3.95,22,26.912168
4.11,68,26.938813
1.03,80,26.968401
0.87,80,27.000324
0.97,80,27.03123
0.92,80,27.063513
0.84,80,27.092703
1.02,80,27.123776
1.01,80,27.156472
1.0,80,27.188138
1.04,80,27.219297
0.94,80,27.250907
0.94,80,27.283173
4.01,36,27.298452
1.02,80,27.337283
0.89,80,27.367889
0.93,80,27.399282
0.93,80,27.430507
4.02,43,27.448607
1.04,80,27.480563
4.01,34,27.493567
1.06,80,27.5253
0.97,80,27.556462
1.03,80,27.588094
1.06,80,27.620593
0.83,80,27.652548
0.88,80,27.683361
0.98,80,28.299297
0.91,80,28.330968
3.97,26,28.340655
0.82,80,28.37336
3.99,32,28.387865
1.14,80,28.420309
1.14,80,28.451454
0.86,80,28.482688
0.93,80,28.512585
1.0,80,28.543339
1.08,80,28.575025
3.97,30,28.588116
4.09,65,28.615228
4.04,52,28.634967
0.88,80,28.663397
1.64,80,28.702589
0.88,80,28.733696
4.04,34,28.747969
0.91,80,28.778258
3.98,30,28.79019
0.88,80,28.820605
0.92,80,28.850653
0.85,80,28.880663
1.05,80,28.912537
3.97,27,28.923293
3.99,26,28.93574
3.99,30,28.947726
4.1,73,28.974197
1.0,80,29.001449
1.0,80,29.029992
0.83,80,29.059612
4.03,46,29.084737
0.99,80,29.687505
1.09,80,29.718546
3.97,27,29.730107
4.13,77,29.759218
3.97,24,29.769358
0.97,80,29.798293
4.02,70,29.827933
1.08,80,29.856584
3.96,35,29.870453
1.52,80,29.901049
1.02,80,29.933469
0.89,80,29.964745
4.01,67,29.990212
1.07,80,30.021303
0.92,80,30.059417
0.92,80,30.089901
0.94,80,30.122379
1.12,80,30.153004
0.84,80,30.184378
0.94,80,30.214992
0.87,80,30.244856
0.88,80,30.276172
4.01,32,30.289364
1.13,80,30.320989
3.93,22,30.331029
0.85,80,30.359736
0.96,80,30.390205
1.79,80,30.421121
0.93,80,30.455824
4.03,58,31.053172
3.97,25,31.062688
0.93,80,31.090194
3.97,25,31.101759
0.86,80,31.133653
0.96,80,31.165822
0.86,80,31.198301
0.91,80,31.229109
0.95,80,31.261811
3.98,42,31.278497
3.99,28,31.289011
3.97,27,31.300678
3.97,26,31.31258
0.92,80,31.340985
4.06,57,31.364022
3.95,22,31.373013
0.92,80,31.412019
3.93,22,31.421632
3.98,66,31.448825
0.81,80,31.477948
3.99,31,31.490296
3.95,25,31.501427
0.88,80,31.530613
0.99,80,31.560893
1.01,80,31.593554
4.02,37,31.608418
0.95,80,31.638789
3.97,30,31.651389
0.87,80,31.683764
0.86,80,31.715695
4.09,55,31.73671
4.02,34,31.750687
0.89,80,31.780497
0.97,80,31.818988
4.03,63,31.844997
4.01,46,31.86333
0.85,80,32.467894
3.97,31,32.480589
3.99,38,32.495893
0.94,80,32.525194
0.89,80,32.558837
3.99,32,32.571127
1.03,80,32.602317
0.86,80,32.63403
0.8,80,32.666208
0.99,80,32.698371
3.98,37,32.714694
0.84,80,32.744711
4.09,46,32.763031
4.02,48,32.788251
3.98,26,32.799808
0.94,80,32.831104
3.97,27,32.841423
3.97,29,32.854268
0.87,80,32.884876
0.97,80,32.915731
0.89,80,32.947988
0.87,80,32.97989
0.95,80,33.009795
0.92,80,33.042181
1.05,80,33.073858
3.97,30,33.087245
0.83,80,33.117269
3.97,56,33.138582
3.99,33,33.15235
4.0,69,33.178896
3.97,30,33.193564
0.95,80,33.224377
3.97,25,33.235278
4.19,75,33.843912
3.97,25,33.853177
4.01,33,33.865252
4.02,46,33.881944
0.9,80,33.909775
0.92,80,33.942342
4.02,42,33.959293
3.93,24,33.969279
0.88,80,34.000196
4.04,40,34.017956
4.03,30,34.030212
0.79,80,34.058908
3.97,28,34.071892
3.97,26,34.08421
0.98,80,34.113086
0.96,80,34.144639
3.97,25,34.163392
0.85,80,34.196585
4.01,35,34.210622
0.86,80,34.241279
0.94,80,34.272348
3.97,25,34.284247
0.98,80,34.316173
3.95,24,34.326467
3.98,31,34.338878
0.87,80,34.369917
0.85,80,34.402303
3.97,24,34.413513
0.83,80,34.447329
3.97,26,34.457536
3.97,27,34.469734
3.97,26,34.480984
3.97,24,34.490128
0.85,80,34.519739
3.97,28,34.531059
0.8,80,34.559501
4.12,51,34.589412
1.0,80,34.61981
0.98,80,34.649926
4.0,30,34.661645
0.95,80,35.277703
3.97,27,35.290583
3.97,25,35.301754
0.97,80,35.331848
3.97,25,35.342206
4.0,69,35.370753
3.97,24,35.380532
3.97,27,35.390447
1.07,80,35.418885
3.97,26,35.429714
3.97,25,35.439278
3.95,24,35.449888
3.97,27,35.46058
0.85,80,35.488724
3.97,26,35.498887
0.89,80,35.527799
3.98,31,35.540155
3.97,27,35.56016
4.01,33,35.574947
3.97,26,35.586759
3.98,30,35.599083
0.86,80,35.626698
4.07,58,35.648341
0.85,80,35.678824
3.97,28,35.689539
3.97,24,35.700256
3.97,24,35.70964
0.97,80,35.74088
4.04,40,35.757595
3.97,25,35.769089
3.97,39,35.784557
3.97,26,35.794508
4.02,70,35.818518
0.85,80,35.845599
3.97,26,35.85611
3.97,24,35.867603
0.84,80,35.89676
0.94,80,35.929534
3.97,29,35.940229
3.96,27,35.961873
3.97,25,35.972695
0.86,80,36.00286
3.97,25,36.013283
3.98,35,36.026255
4.02,39,36.041874
3.97,27,36.053245
3.98,64,36.658172
3.97,27,36.66815
3.97,26,36.6782
3.99,30,36.689024
3.97,25,36.698636
3.97,25,36.707892
3.97,25,36.71714
4.0,38,36.730642
3.98,28,36.741036
0.97,80,36.768136
3.98,43,36.785649
3.99,29,36.798017
3.97,26,36.808242
3.97,25,36.818444
3.97,37,36.832363
3.97,28,36.842886
4.06,67,36.866087
0.94,80,36.89356
3.98,26,36.904186
3.97,25,36.923922
3.99,26,36.935262
0.89,80,36.964968
3.99,30,36.97771
0.88,80,37.007919
3.97,25,37.018698
4.01,31,37.03123
3.97,25,37.040977
3.98,26,37.052619
3.97,26,37.063885
4.02,40,37.078789
4.01,58,37.098987
1.01,80,37.126607
3.97,29,37.138432
3.97,31,37.152036
3.99,49,37.170455
0.95,80,37.198395
3.98,31,37.21088
0.87,80,37.24249
0.94,80,37.27584
4.01,38,37.29439
0.9,80,37.33297
3.99,32,37.346851
3.97,27,37.358378
0.86,80,37.387885
3.97,24,37.397614
3.97,25,37.406983
3.97,26,37.417647
0.96,80,37.449091
3.97,25,38.059414
3.99,33,38.071323
3.98,28,38.081882
3.98,31,38.093314
3.97,24,38.102114
4.03,38,38.115891
3.97,24,38.12496
3.97,24,38.133708
3.99,30,38.145308
3.97,24,38.154148
3.97,24,38.163214
4.13,72,38.188016
0.87,80,38.215439
4.0,31,38.229217
3.99,30,38.240942
3.97,27,38.25324
4.02,33,38.265828
3.97,27,38.276279
3.97,25,38.285509
3.97,25,38.29578
3.97,24,38.311976
3.97,26,38.322674
3.98,31,38.335607
3.97,28,38.347377
0.97,80,38.375275
3.97,24,38.384733
3.97,25,38.39745
3.95,22,38.405685
3.97,25,38.416749
1.1,80,38.444805
3.97,25,38.454167
3.97,25,38.464515
3.97,26,38.474541
3.97,25,38.485033
3.97,30,38.497283
3.97,25,38.506412
3.97,24,38.51595
4.01,29,38.526705
0.89,80,38.553723
3.97,25,38.564088
3.97,28,38.575892
3.98,35,38.590027
3.97,26,38.60149
3.97,27,38.612053
3.97,26,38.621542
3.97,25,38.631022
3.97,28,38.641836
3.95,22,38.649964
3.97,25,38.659488
3.97,24,38.66833
3.97,26,38.678133
4.0,38,38.691819
3.97,29,38.710525
0.84,80,38.740534
4.01,35,38.755642
3.97,30,38.768829
3.97,25,38.779949
3.97,24,38.788839
3.97,25,38.798605
3.97,24,38.807492
3.97,26,38.817714
3.97,26,38.827225
3.97,28,38.837303
3.97,26,38.846825
3.97,24,39.433248
3.97,24,39.442507
3.97,25,39.451682
3.97,26,39.461579
3.97,24,39.470366
3.98,28,39.481503
3.98,27,39.491597
0.87,80,39.519049
4.0,30,39.533245
4.01,30,39.54594
3.97,24,39.555363
4.04,36,39.569856
3.97,24,39.579293
3.98,30,39.590358
3.97,26,39.600068
3.98,31,39.611524
3.98,34,39.623859
3.97,27,39.633778
3.99,26,39.643582
3.97,26,39.653089
3.98,26,39.66912
4.0,31,39.682887
3.99,28,39.694685
3.97,24,39.703777
3.97,24,39.71396
3.97,26,39.724093
3.98,26,39.733734
3.97,26,39.743603
3.97,26,39.753094
3.97,26,39.763043
3.97,24,39.771803
3.99,28,39.782196
3.98,28,39.792776
3.97,25,39.801948
3.97,24,39.810952
3.97,24,39.81977
3.98,28,39.830023
3.99,26,39.839488
3.97,28,39.85
4.0,36,39.86306
3.97,25,39.872225
3.97,27,39.882373
0.85,80,39.91057
3.97,24,39.921324
3.99,26,39.933991
3.97,26,39.945161
0.85,80,39.972754
0.95,80,40.003698
3.99,26,40.015087
3.99,27,40.025411
3.97,28,40.036662
3.97,28,40.048779
3.99,29,40.068514
4.02,47,40.086786
3.97,27,40.098206
4.04,38,40.113759
3.97,25,40.123384
3.97,25,40.132535
3.98,41,40.147322
0.89,80,40.175021
3.97,26,40.185413
4.03,38,40.201348
0.86,80,40.810577
4.04,48,40.83011
3.95,22,40.838357
3.97,25,40.849836
3.97,24,40.859491
0.85,80,40.887259
3.97,24,40.898407
3.97,26,40.910818
4.01,36,40.924832
3.97,24,40.935012
3.99,29,40.9461
3.97,38,40.959913
3.99,26,40.969396
3.98,28,40.979733
4.0,30,40.990931
3.99,26,41.000484
3.97,24,41.009608
3.97,26,41.019099
3.97,27,41.032039
3.97,25,41.043347
3.97,25,41.052664
3.97,27,41.064024
3.97,26,41.073858
3.97,24,41.083959
3.97,25,41.093925
3.97,28,41.104059
4.02,39,41.118112
3.99,28,41.128538
4.0,35,41.141966
4.02,69,41.166037
3.98,26,41.175855
3.97,24,41.184674
3.97,24,41.1939
3.99,33,41.205693
3.97,26,41.215536
3.97,24,41.224566
3.97,24,41.23347
3.98,30,41.244591
3.97,24,41.253464
4.0,29,41.264226
3.97,25,41.273661
3.97,25,41.28294
3.97,24,41.291984
3.98,26,41.301556
3.97,24,41.310598
3.99,29,41.321086
3.99,31,41.332417
3.97,28,41.343477
3.97,25,41.352597
3.97,24,41.361728
4.02,35,41.374389
3.97,28,41.384609
3.98,26,41.394559
3.97,24,41.403394
3.98,28,41.421603
3.97,26,41.43349
3.97,24,41.443206
3.99,29,41.455129
4.0,31,41.467071
4.04,54,41.486159
3.97,27,41.496281
3.97,24,41.505167
3.98,27,41.515362
0.93,80,41.542845
3.97,25,41.552409
3.97,27,41.565639
3.97,27,41.576149
3.97,24,41.586416
4.03,32,41.598487
3.99,30,42.192552
3.97,24,42.201573
3.97,24,42.210832
3.97,25,42.220012
3.98,26,42.229869
3.97,24,42.238719
3.97,27,42.248927
3.97,24,42.258061
3.99,26,42.268672
3.97,26,42.280092
3.97,25,42.289781
0.93,80,42.317279
3.99,29,42.330549
3.97,24,42.339722
3.97,24,42.351043
3.97,24,42.361508
3.97,31,42.372804
3.97,24,42.382874
4.01,32,42.401648
3.97,24,42.41096
0.86,80,42.441401
3.97,26,42.45257
3.97,24,42.46419
3.97,24,42.473914
3.97,25,42.485127
3.97,24,42.495527
4.03,38,42.509412
3.97,24,42.518324
3.97,24,42.527502
3.97,25,42.536654
0.9,80,42.563906
3.97,24,42.573661
3.97,24,42.58478
3.97,25,42.595667
3.97,24,42.604547
3.98,29,42.616657
3.97,28,42.627949
3.97,25,42.637092
3.97,24,42.64618
3.97,24,42.655005
3.99,31,42.666495
3.97,27,42.676514
3.97,24,42.685426
3.97,25,42.694782
3.97,27,42.704629
3.97,24,42.713835
3.97,24,42.722821
4.0,33,42.73461
3.97,26,42.744337
3.97,26,42.753752
3.98,26,42.763497
3.97,24,42.772703
0.84,80,42.812698
3.97,24,42.821958
3.97,24,42.833094
3.97,26,42.844297
4.01,38,42.85931
0.9,80,42.888094
3.97,25,42.898262
3.97,27,42.908529
3.97,32,42.921596
3.98,28,42.933989
3.97,27,42.945782
0.87,80,42.973224
3.97,28,42.983775
3.97,24,42.992981
3.97,26,43.613819
3.97,24,43.62296
3.97,24,43.63182
3.99,31,43.643267
3.97,25,43.652444
3.97,26,43.662236
3.98,27,43.672041
3.97,24,43.681105
3.97,24,43.689975
3.97,28,43.700252
0.91,80,43.727681
3.97,25,43.737797
3.97,24,43.74964
3.97,25,43.759628
3.97,25,43.76952
3.97,24,43.778773
3.97,25,43.791135
3.97,24,43.801765
3.97,24,43.812577
3.97,24,43.822031
3.97,24,43.832116
4.0,33,43.844492
0.95,80,43.871734
4.01,28,43.883517
3.97,24,43.894576
3.97,24,43.903528
3.97,24,43.913204
3.97,25,43.922853
3.99,32,43.934433
3.99,29,43.945477
4.02,32,43.957213
3.97,26,43.966982
3.97,25,43.976433
3.97,25,43.985644
3.97,24,43.994911
4.0,32,44.006407
3.97,24,44.015497
3.97,24,44.024308
3.97,24,44.033829
0.83,80,44.061136
3.99,26,44.071854
3.97,25,44.083685
3.97,25,44.093215
3.97,28,44.104794
3.97,24,44.11484
0.9,80,44.14572
3.98,26,44.156683
3.97,25,44.169281
3.98,26,44.185937
3.98,28,44.19932
3.97,38,44.218495
0.88,80,44.250616
3.97,24,44.261364
3.97,29,44.272873
3.98,26,44.283653
3.97,26,44.295107
3.97,26,44.304984
3.97,24,44.314692
3.97,24,44.32422
3.97,24,44.333112
3.98,27,44.342922
1.06,80,44.37017
4.01,32,44.383128
3.97,24,44.393328
3.97,25,44.402658
3.97,24,44.412737
3.97,25,45.003791
3.97,24,45.012804
3.97,24,45.021629
3.97,24,45.030908
0.86,80,45.058416
3.98,28,45.069957
3.97,25,45.081537
3.97,24,45.091555
3.97,27,45.10292
3.98,26,45.113149
3.97,27,45.123091
3.97,24,45.132069
3.97,24,45.141071
3.98,29,45.151636
0.86,80,45.186187
3.97,24,45.198061
3.97,24,45.207386
3.97,24,45.217389
3.97,25,45.228075
3.97,24,45.237013
3.99,26,45.247873
3.97,26,45.257845
3.97,24,45.266715
3.97,25,45.276212
3.97,24,45.28515
3.99,28,45.295564
3.98,27,45.305342
3.97,24,45.314544
3.97,25,45.323875
3.98,28,45.33415
3.97,24,45.343286
3.97,24,45.352118
3.97,24,45.361257
3.97,26,45.370615
0.8,80,45.397666
4.0,29,45.410364
3.98,26,45.420808
3.97,24,45.431329
3.97,24,45.440511
3.97,24,45.450566
3.97,24,45.46004
3.97,26,45.469579
3.97,25,45.479085
3.97,24,45.488048
3.97,25,45.49734
3.99,26,45.506897
3.97,24,45.515796
3.98,27,45.525699
3.97,24,45.534425
3.97,25,45.546375
3.98,28,45.558972
3.97,24,45.569248
3.97,24,45.580285
3.97,26,45.589925
3.97,24,45.599963
3.97,25,45.60994
3.97,25,45.619128
3.97,24,45.628221
3.97,25,45.6374
3.97,24,45.646514
3.97,24,45.655372
3.97,24,45.664395
4.0,41,45.679039
3.97,24,45.687949
4.01,28,45.698249
3.99,26,45.707879
3.97,26,45.717325
3.97,26,45.726891
0.88,80,45.753746
3.97,25,45.763497
3.97,25,45.774151
3.97,24,45.784913
3.97,25,46.381402
3.97,25,46.390944
3.97,24,46.399852
3.97,24,46.409031
4.02,36,46.421817
3.97,25,46.431449
3.98,26,46.441261
3.97,25,46.450437
3.97,25,46.459945
3.97,24,46.468822
4.06,47,46.485567
4.01,31,46.497111
3.97,24,46.506112
3.97,24,46.518048
3.97,25,46.53062
1.1,80,46.560789
3.97,25,46.570372
3.98,26,46.581606
3.97,24,46.591165
3.97,26,46.601923
3.97,26,46.612824
3.97,24,46.621745
3.97,24,46.630926
3.97,24,46.639855
4.0,28,46.650071
3.99,28,46.660504
3.97,25,46.669642
3.97,25,46.67898
3.97,24,46.687841
3.97,25,46.697272
3.97,27,46.707167
3.97,25,46.716412
3.97,24,46.725593
3.97,24,46.73465
3.99,38,46.748371
3.97,24,46.757497
4.0,31,46.768658
3.97,25,46.778126
3.97,26,46.78764
3.98,26,46.797389
3.97,25,46.806719
3.97,25,46.815946
3.97,25,46.825393
4.01,28,46.835714
3.97,24,46.844832
3.97,26,46.854358
3.97,24,46.863456
3.97,24,46.872416
3.97,25,46.881824
3.97,24,46.891062
3.97,24,46.907786
3.97,25,46.919317
4.0,28,46.931119
3.97,26,46.941376
3.97,25,46.951371
3.97,24,46.961562
3.97,24,46.970408
3.97,24,46.979458
3.97,24,46.988246
3.97,24,46.997475
3.98,28,47.007766
0.89,80,47.034958
3.97,26,47.045731
3.97,25,47.055676
3.99,26,47.067012
4.01,35,47.080878
3.97,24,47.089972
3.97,25,47.099621
3.98,28,47.110102
3.97,24,47.118891
3.98,26,47.128576
3.97,24,47.137422
3.97,25,47.146798
3.97,25,47.15618
3.97,24,47.164955
3.97,24,47.761925
3.97,24,47.770824
3.97,24,47.779972
3.97,24,47.788941
3.97,25,47.799291
3.97,24,47.808424
0.87,80,47.835813
4.01,34,47.850029
3.97,25,47.859828
3.97,24,47.870166
3.97,24,47.883831
3.97,25,47.895526
3.97,26,47.906426
3.97,26,47.917969
3.97,24,47.928329
3.97,25,47.937635
3.97,26,47.947618
3.97,25,47.957032
3.97,24,47.965817
3.97,24,47.974943
3.97,24,47.983799
3.98,26,47.993598
0.82,80,48.020301
3.97,25,48.030917
3.97,24,48.040382
3.97,25,48.051086
3.97,24,48.061271
3.97,24,48.070221
3.97,24,48.079811
3.97,24,48.088713
3.97,24,48.098176
3.97,24,48.10747
4.0,29,48.117968
3.97,24,48.126873
3.97,24,48.135729
3.97,24,48.144682
3.97,24,48.153783
3.97,24,48.162764
3.97,24,48.171582
3.97,24,48.180663
3.97,24,48.189677
3.97,24,48.198871
3.97,27,48.209232
3.97,24,48.218077
3.97,25,48.227533
3.97,24,48.236441
3.97,24,48.24534
3.97,25,48.2545
3.97,24,48.266388
3.97,24,48.277244
3.97,24,48.286813
3.97,24,48.298659
3.97,25,48.308809
3.97,24,48.317887
3.98,27,48.328344
3.97,24,48.33725
3.98,26,48.347422
3.97,24,48.356491
3.97,24,48.365466
3.97,24,48.374628
3.97,25,48.383781
3.97,24,48.39297
3.97,26,48.402481
3.97,24,48.411512
3.97,27,48.42136
3.97,24,48.430382
3.97,24,48.439236
3.97,24,48.448132
3.97,25,48.457421
3.97,25,48.466515
3.97,24,48.475421
3.97,24,48.484248
3.99,26,48.493942
3.97,24,48.502722
3.97,25,48.51199
3.97,24,48.52079
3.97,24,48.529694
3.97,24,48.538523
0.83,80,49.152496
3.97,24,49.163803
3.97,25,49.175342
3.97,25,49.185927
4.01,28,49.197943
3.97,24,49.207175
3.97,24,49.216192
3.97,24,49.225374
3.97,24,49.234596
3.97,24,49.247423
3.97,24,49.259497
3.97,24,49.269376
3.97,25,49.279724
3.97,26,49.289234
3.97,24,49.29878
3.97,24,49.307857
3.97,25,49.317027
3.97,24,49.326009
3.97,24,49.33484
3.98,27,49.344712
3.97,24,49.353539
3.97,24,49.36245
3.97,24,49.371228
3.97,25,49.380461
3.97,24,49.389454
3.97,26,49.399303
3.97,25,49.408567
3.97,24,49.417408
3.97,25,49.426636
3.97,24,49.435461
3.99,33,49.447464
3.97,24,49.456403
3.97,24,49.465667
3.97,24,49.474557
3.97,24,49.48352
3.97,25,49.49282
3.97,24,49.501679
3.97,24,49.510643
3.97,24,49.519476
0.85,80,49.546199
3.97,24,49.555537
3.97,24,49.566944
3.97,25,49.577652
3.97,24,49.586643
3.97,26,49.597137
3.97,24,49.60623
3.98,29,49.617481
3.97,24,49.634186
3.97,24,49.645434
3.97,25,49.654682
3.97,24,49.665169
3.97,24,49.674585
3.97,24,49.683498
3.97,24,49.692673
3.97,24,49.701546
3.97,24,49.710391
3.97,24,49.719228
3.97,25,49.728506
3.97,24,49.737828
3.97,25,49.74714
3.97,24,49.756029
3.97,24,49.76498
3.97,24,49.773962
0.83,80,49.800934
4.01,29,49.812928
3.97,25,49.822238
3.97,24,49.832793
3.98,26,49.843751
3.97,24,49.852697
3.98,26,49.86335
3.97,25,49.872832
3.97,24,49.881754
3.97,24,49.890953
3.97,24,49.899824
3.97,24,49.908897
3.98,27,49.918682
3.97,24,50.518534
3.97,24,50.527688
3.97,24,50.536556
3.97,25,50.545946
3.97,25,50.555284
3.98,27,50.565377
3.97,24,50.574416
3.97,24,50.583246
3.97,25,50.592788
3.97,24,50.604864
3.97,24,50.615766
0.84,80,50.646931
3.98,26,50.657019
3.97,24,50.667157
0.86,80,50.697129
3.97,25,50.707088
3.97,24,50.717078
3.97,25,50.728118
3.97,24,50.737051
3.97,24,50.747355
3.97,24,50.75651
3.97,24,50.76564
3.97,24,50.774822
3.97,24,50.783554
3.97,25,50.793009
3.97,24,50.80187
3.97,24,50.811078
3.97,24,50.819923
3.97,25,50.829337
3.97,24,50.838361
3.97,24,50.847398
3.97,25,50.856864
0.86,80,50.884212
3.97,24,50.894097
3.97,24,50.904166
3.97,24,50.914479
3.97,24,50.924164
3.97,24,50.934525
3.97,24,50.944179
3.98,26,50.95378
3.97,24,50.962848
3.97,25,50.972205
3.98,26,50.981818
3.97,24,50.993778
3.97,24,51.004069
3.97,24,51.014728
3.97,24,51.02435
3.97,24,51.034682
3.97,24,51.044369
3.97,24,51.05323
3.97,25,51.062619
3.99,26,51.072116
3.99,28,51.082989
3.97,26,51.09265
3.97,25,51.102204
3.97,25,51.11164
3.97,24,51.120498
3.97,24,51.12964
3.97,24,51.138479
3.97,24,51.147701
3.97,25,51.157249
3.97,24,51.166001
3.97,24,51.175121
3.97,24,51.183943
3.97,25,51.193467
3.97,24,51.202285
3.97,25,51.211733
3.97,24,51.220529
3.98,27,51.230644
3.97,24,51.239676
3.97,24,51.248535
3.97,24,51.257635
3.97,24,51.266537
3.97,24,51.275644
3.97,25,51.2848
3.97,24,51.293921
3.97,25,51.30304
3.97,25,51.906382
3.97,24,51.91538
3.98,32,51.927046
3.97,24,51.935851
3.97,24,51.944957
3.97,25,51.954081
3.97,24,51.963046
3.97,25,51.975933
3.97,24,51.987628
3.97,24,51.998677
3.97,24,52.00801
3.97,24,52.018116
3.97,24,52.027436
3.97,24,52.036274
3.97,24,52.045269
3.97,24,52.054057
3.98,26,52.063653
3.97,24,52.072541
3.97,24,52.081408
3.97,24,52.090292
3.97,25,52.099478
3.97,24,52.108333
3.97,25,52.117456
3.97,24,52.126451
3.97,24,52.135198
3.97,24,52.144258
3.95,22,52.152705
3.97,25,52.162177
3.97,24,52.171016
3.97,24,52.180303
3.97,24,52.189218
3.97,24,52.198171
3.97,24,52.207285
3.97,24,52.216061
3.97,24,52.225125
3.97,24,52.234013
3.97,24,52.24317
3.97,24,52.251966
3.97,24,52.261073
3.97,24,52.271468
3.97,25,52.282451
3.97,24,52.292197
3.97,24,52.30107
3.97,24,52.310123
3.97,25,52.319249
3.97,25,52.328615
3.97,24,52.337432
0.85,80,52.373181
3.97,26,52.385035
3.97,24,52.395469
3.97,24,52.404443
3.97,24,52.41471
3.97,26,52.425419
3.97,24,52.434861
3.97,24,52.444438
3.98,26,52.454072
3.97,24,52.463186
3.97,24,52.472027
3.97,24,52.480913
3.97,24,52.490009
3.97,25,52.499759
3.97,25,52.509011
3.97,24,52.517829
3.97,24,52.526676
3.97,25,52.53582
3.97,24,52.544712
3.97,24,52.553515
3.97,24,52.562487
3.97,24,52.571339
3.97,24,52.580362
3.97,25,52.589582
3.97,24,52.598433
4.0,28,52.608996
3.97,24,52.6179
3.97,25,52.627139
3.97,25,52.636258
3.97,24,52.645208
3.97,26,52.6547
3.97,24,52.663649
3.97,24,52.672556
3.97,24,52.681298
3.97,24,53.285516
3.97,24,53.296718
4.01,31,53.309047
4.01,32,53.321444
4.06,36,53.335291
3.98,26,53.353983
4.0,32,53.368794
3.97,24,53.38012
4.01,36,53.394401
3.97,24,53.403913
3.97,24,53.413706
3.97,26,53.424011
3.97,24,53.43341
3.97,24,53.443176
3.97,24,53.45252
3.97,24,53.46217
3.97,24,53.471618
4.0,28,53.482752
4.03,34,53.496086
3.97,24,53.505698
3.97,24,53.515205
3.97,24,53.52487
3.97,24,53.534326
3.97,24,53.543807
3.97,24,53.553015
3.98,26,53.563352
3.97,24,53.572739
3.98,27,53.583108
3.97,24,53.592865
3.97,24,53.602016
3.97,24,53.611525
3.97,24,53.620895
3.97,24,53.630404
3.97,24,53.639858
3.97,24,53.649063
3.97,25,53.658813
3.97,25,53.668393
3.97,24,53.678552
3.97,24,53.687898
4.01,32,53.700039
3.97,25,53.709822
3.97,24,53.719012
3.97,24,53.728469
4.03,42,53.751312
3.97,24,53.763272
3.97,24,53.772932
3.97,24,53.784423
3.97,24,53.795356
3.97,24,53.804822
3.97,24,53.81497
3.97,24,53.824481
3.97,24,53.833716
3.97,24,53.843294
3.98,26,53.853159
4.01,42,53.868765
3.97,25,53.87891
3.97,24,53.888102
3.97,24,53.897794
3.97,24,53.907128
3.97,24,53.916324
3.97,24,53.925694
3.98,28,53.936211
4.05,53,53.955586
3.97,24,53.964972
3.97,24,53.974244
3.97,24,53.983324
3.98,28,53.994129
3.98,26,54.00401
3.97,24,54.013855
3.97,24,54.023395
3.97,24,54.03257
3.98,26,54.042768
3.97,24,54.051956
3.97,24,54.061325
3.97,24,54.070541
3.97,25,54.080166
3.97,26,54.090117
4.05,40,54.104552
3.97,24,54.739267
3.97,24,54.749483
3.98,27,54.760838
3.97,24,54.770612
3.97,24,54.789519
3.97,24,54.801877
3.97,24,54.813311
3.97,24,54.823621
3.97,25,54.833623
3.97,24,54.843591
3.97,25,54.853829
3.97,24,54.863502
3.97,24,54.873434
3.97,24,54.883001
3.97,24,54.892945
3.97,27,54.903736
3.97,24,54.913818
3.97,24,54.923809
3.97,24,54.933455
3.97,25,54.943756
3.97,26,54.95435
3.97,24,54.964074
3.97,24,54.97373
3.97,24,54.983146
3.97,24,54.992807
3.97,24,55.002196
3.97,24,55.011888
3.97,24,55.021473
4.03,34,55.034341
3.97,25,55.044253
3.97,26,55.054549
3.97,24,55.064168
3.97,24,55.073878
3.97,24,55.08329
3.98,27,55.093966
3.97,24,55.103549
3.97,24,55.113073
3.97,25,55.123381
3.97,24,55.132535
3.97,24,55.142081
3.97,24,55.151253
3.97,24,55.161143
3.97,24,55.170495
3.97,24,55.179843
3.98,26,55.193133
3.97,25,55.207197
3.97,24,55.221453
3.97,24,55.236705
3.97,24,55.252602
3.97,25,55.266847
3.97,24,55.281038
3.98,26,55.292521
3.97,24,55.302425
3.97,24,55.312272
3.97,25,55.322496
3.97,25,55.332733
3.97,24,55.34268
4.03,30,55.354722
3.97,24,55.364338
3.97,25,55.374631
3.98,26,55.384997
3.97,25,55.395569
4.03,31,55.408105
3.97,24,55.417804
3.97,24,55.42753
3.97,24,55.437041
3.97,24,55.446712
3.97,25,55.456716
3.97,24,55.466041
3.97,24,55.475668
3.97,24,55.485058
3.97,24,55.494801
3.97,25,55.504683
3.97,25,55.514474
3.97,24,55.524179
3.97,25,55.533878
3.97,25,55.544523
3.97,24,55.554101
3.97,24,55.563863
3.97,26,55.574209
4.03,30,55.585817
3.97,24,55.5953
3.97,24,55.60465
3.97,25,56.244646
3.97,25,56.258262
3.97,24,56.270474
3.97,24,56.28208
3.97,24,56.29427
3.98,26,56.306039
3.97,25,56.316511
3.97,24,56.326848
3.97,24,56.3366
3.97,24,56.346614
3.97,25,56.356958
3.97,24,56.36662
0.99,80,56.396918
3.97,24,56.408064
3.97,24,56.419579
3.97,26,56.431951
3.97,24,56.442788
3.97,25,56.452882
3.97,24,56.463384
3.97,24,56.473545
3.97,24,56.483226
3.97,24,56.492972
3.97,25,56.502803
3.97,24,56.512476
3.97,24,56.522071
3.97,24,56.531433
3.97,24,56.540981
3.97,24,56.550427
3.97,24,56.560042
3.97,24,56.569474
3.97,24,56.579135
3.97,24,56.588689
3.97,24,56.598616
3.97,24,56.608492
3.97,25,56.61831
3.97,24,56.627982
3.97,24,56.637506
3.97,24,56.647291
3.97,25,56.657085
3.97,24,56.666297
3.99,37,56.683696
3.97,25,56.696829
3.97,25,56.707849
3.97,24,56.718158
3.97,24,56.728479
3.97,26,56.73901
3.97,24,56.748496
3.97,24,56.758307
3.97,24,56.767735
3.97,24,56.777216
3.97,24,56.786442
3.97,24,56.795893
3.97,24,56.805259
3.97,25,56.814883
3.97,24,56.824346
3.97,24,56.833913
3.97,24,56.843439
3.97,25,56.853034
3.97,24,56.86264
3.97,25,56.8724
3.97,25,56.881879
3.97,24,56.891234
3.97,24,56.900431
3.97,24,56.909849
3.97,24,56.919002
3.97,24,56.928421
3.97,24,56.937828
3.97,24,56.947161
3.97,24,56.956596
3.97,24,56.965801
3.97,26,56.97595
3.97,24,56.985129
3.97,26,56.995149
3.97,24,57.004288
3.97,24,57.013289
3.97,24,57.023079
3.97,24,57.032104
3.98,26,57.042024
3.97,24,57.050987
3.97,24,57.06026
3.97,26,57.069916
3.97,24,57.725687
3.97,24,57.735769
3.97,24,57.745597
3.97,24,57.755571
3.97,24,57.765413
3.97,24,57.775441
3.97,24,57.785319
3.97,25,57.795912
3.97,24,57.806142
3.97,24,57.81583
3.97,24,57.825844
3.97,24,57.835701
3.97,24,57.845183
3.97,24,57.854809
3.97,24,57.864327
3.97,25,57.874933
3.97,24,57.884374
3.97,24,57.894262
3.97,24,57.903891
3.97,24,57.913387
3.97,24,57.923092
3.97,24,57.932464
3.97,24,57.94215
3.97,24,57.951645
3.97,24,57.961241
3.97,24,57.97081
3.97,24,57.980308
0.88,80,58.008833
3.98,26,58.020232
3.97,24,58.030625
3.97,24,58.040926
3.97,24,58.051208
3.98,26,58.062731
3.97,24,58.073172
3.97,24,58.082674
3.98,26,58.093131
3.97,24,58.102872
3.97,24,58.112218
3.97,24,58.121818
3.97,24,58.134445
3.97,24,58.146405
3.97,24,58.157637
3.97,24,58.167128
3.97,24,58.17785
3.97,24,58.187945
3.97,25,58.197716
3.97,24,58.207525
4.01,30,58.219294
3.97,25,58.229156
3.97,24,58.238797
3.97,25,58.248365
3.97,24,58.257895
3.97,24,58.267106
3.97,24,58.276958
3.97,24,58.286425
3.97,24,58.295935
3.97,24,58.306418
3.97,24,58.315735
3.97,24,58.325302
3.97,24,58.334553
3.97,24,58.34417
3.97,24,58.353721
3.97,24,58.362936
3.97,24,58.372539
3.97,24,58.381707
3.97,24,58.391569
3.97,24,58.400734
3.97,24,58.410231
3.97,24,58.419592
3.97,24,58.428803
3.97,24,58.438195
3.97,24,58.44739
3.97,25,58.457054
3.97,24,58.466253
3.97,24,58.475603
3.97,24,58.48481
3.97,24,58.494903
3.97,24,58.504483
3.97,24,58.513785
3.97,24,58.523094
3.97,25,58.536252
3.97,24,58.548451
3.97,24,59.323692
3.97,24,59.334074
3.97,24,59.344334
3.97,24,59.354343
3.97,24,59.3645
3.97,24,59.37453
3.97,24,59.384755
3.97,24,59.394841
3.97,24,59.404743
3.97,24,59.414538
3.97,24,59.424292
3.97,24,59.434201
3.97,24,59.443952
3.97,24,59.454557
3.97,24,59.46448
3.97,24,59.474316
3.97,24,59.484171
3.97,26,59.494621
3.97,24,59.504468
3.97,24,59.513956
3.97,24,59.523428
3.97,24,59.532866
3.97,24,59.542375
3.97,24,59.551901
3.97,24,59.561387
3.97,24,59.570821
3.97,24,59.580353
3.97,24,59.589856
3.97,24,59.599338
3.97,24,59.608766
3.97,24,59.618218
3.97,24,59.627712
3.97,24,59.637232
3.97,24,59.646594
3.97,24,59.658514
3.97,24,59.667889
3.97,24,59.678372
3.97,24,59.688127
3.97,24,59.69745
3.97,24,59.7103
3.97,24,59.720016
3.97,24,59.72915
3.98,26,59.739089
3.97,24,59.748614
3.97,24,59.757982
3.97,24,59.767361
3.97,24,59.777811
3.97,24,59.787269
3.97,24,59.796439
3.97,24,59.806069
3.97,24,59.815545
3.97,24,59.824883
3.97,24,59.835404
3.97,24,59.844788
3.97,24,59.854351
3.97,24,59.863641
3.97,24,59.872869
3.97,24,59.884738
3.97,24,59.894283
3.97,24,59.903795
3.97,24,59.913014
3.98,26,59.922919
3.97,24,59.93212
3.97,24,59.9414
3.97,25,59.950913
3.97,24,59.960084
3.97,24,59.96929
3.97,24,59.978455
3.97,24,59.988437
3.97,24,59.99773
3.97,24,60.007284
3.97,24,60.016742
3.97,24,60.025924
3.97,24,60.035323
3.97,24,60.044344
3.98,26,60.054216
3.97,24,60.063173
3.97,24,60.072335
3.97,24,60.081411
3.97,24,60.090852
3.97,24,60.100047
3.97,24,60.11217
3.97,24,60.12141
3.97,24,60.130394
3.97,24,60.139587
3.97,24,60.813275
3.97,24,60.823266
3.97,24,60.834503
3.97,24,60.844676
3.97,24,60.854745
3.97,24,60.864552
3.97,24,60.874563
3.97,24,60.884247
3.97,24,60.894162
3.97,24,60.903995
3.97,24,60.913462
3.97,24,60.923613
3.97,24,60.933442
3.97,24,60.942931
3.97,24,60.952594
3.97,24,60.962065
3.97,24,60.971712
3.97,24,60.981159
3.97,24,60.990731
3.97,24,61.000363
3.97,24,61.009813
3.97,24,61.019337
3.97,24,61.028552
3.97,24,61.037974
3.99,26,61.047881
3.97,24,61.057351
3.97,24,61.066789
3.97,24,61.075994
3.97,24,61.085383
3.97,24,61.094535
3.97,24,61.103987
3.97,24,61.113207
3.97,24,61.123033
3.97,24,61.132431
3.97,24,61.142044
3.97,24,61.151493
3.97,24,61.160813
3.97,24,61.17338
3.97,24,61.182986
3.97,24,61.192152
3.97,24,61.201573
3.97,24,61.210708
3.97,24,61.219906
3.97,25,61.22923
3.97,24,61.238375
3.97,24,61.247405
3.97,24,61.25658
3.97,24,61.265705
3.97,25,61.275182
3.97,24,61.284369
3.97,24,61.293386
3.97,24,61.302585
3.97,24,61.311563
3.97,24,61.320767
3.97,24,61.32979
3.97,24,61.33941
3.97,24,61.348627
3.97,24,61.357809
3.97,24,61.366861
3.97,24,61.375854
3.98,26,61.385745
3.97,24,61.394891
3.97,24,61.404501
3.97,24,61.413732
3.97,24,61.423073
3.97,24,61.432295
3.97,24,61.441583
3.97,24,61.451026
3.97,24,61.460057
3.97,25,61.469516
3.97,24,61.478879
3.97,24,61.488115
3.97,24,61.49722
3.97,24,61.506464
3.97,24,61.515516
3.97,24,61.524658
3.97,24,61.533689
3.97,24,61.543087
3.97,24,61.552338
3.97,24,61.564665
3.97,24,61.573993
3.97,24,61.58335
3.97,24,61.59232
3.97,24,61.60149
3.97,24,61.610486
3.97,24,62.238909
3.97,25,62.249006
3.97,24,62.25892
3.97,25,62.270075
3.97,24,62.280387
3.97,25,62.291095
3.97,24,62.301058
3.97,24,62.310991
3.97,24,62.321451
3.97,24,62.331473
3.97,25,62.341424
3.97,24,62.351074
3.97,24,62.360507
3.97,24,62.370185
3.97,24,62.379646
3.97,24,62.389315
3.97,24,62.398787
3.97,24,62.409129
3.97,24,62.418801
3.97,24,62.428231
3.97,24,62.437799
3.97,25,62.447587
3.97,25,62.457536
3.97,24,62.466921
3.97,24,62.476101
3.97,24,62.485466
3.97,25,62.494951
3.97,24,62.504353
3.97,25,62.513853
3.97,26,62.52393
3.97,24,62.533332
3.97,24,62.542448
3.97,24,62.551856
3.97,24,62.561003
3.97,24,62.570465
3.97,24,62.582949
3.97,24,62.592746
3.97,24,62.602258
3.97,24,62.611485
3.97,25,62.621659
3.97,24,62.630965
3.97,26,62.640983
3.97,25,62.650479
3.97,24,62.659502
3.97,25,62.669041
3.97,24,62.67799
3.97,24,62.687193
3.97,24,62.696224
3.97,24,62.705408
3.97,24,62.714401
3.97,25,62.72393
3.97,27,62.734086
3.97,24,62.743036
3.97,24,62.752291
3.97,24,62.76124
3.97,26,62.771074
3.97,26,62.780674
3.97,24,62.789852
3.97,24,62.7989
3.97,24,62.808147
3.97,24,62.817634
3.97,26,62.828038
3.99,32,62.842264
3.97,26,62.852218
3.97,24,62.861353
3.97,24,62.870439
3.97,24,62.879463
3.97,24,62.888473
3.97,26,62.898147
3.97,25,62.907482
3.97,25,62.91683
3.97,24,62.925802
3.97,24,62.93481
3.97,25,62.944133
3.97,25,62.953481
3.97,25,62.96574
3.97,24,62.974892
3.97,24,62.983932
3.97,24,62.992916
3.98,40,63.007231
3.97,24,63.016251
0.83,80,63.686978
0.84,80,63.718053
3.97,24,63.728961
3.97,24,63.738966
3.97,25,63.750523
3.97,24,63.760783
3.97,24,63.771571
3.97,25,63.781969
3.97,24,63.791707
3.97,24,63.801649
3.97,25,63.811619
3.97,25,63.821943
3.97,24,63.831873
3.97,24,63.844607
3.97,24,63.855233
3.97,24,63.864944
3.97,24,63.874529
3.97,24,63.884224
3.97,25,63.893936
3.97,24,63.90364
3.98,26,63.913971
3.97,24,63.923466
3.97,24,63.933103
3.97,24,63.94252
3.97,24,63.953588
3.97,24,63.963313
3.97,24,63.972992
3.97,24,63.982528
3.97,24,63.991982
3.97,24,64.001601
3.97,24,64.014228
3.97,24,64.02393
3.97,24,64.034151
3.97,24,64.043671
3.97,24,64.053099
3.97,25,64.062653
3.97,24,64.072141
3.97,24,64.081505
3.97,24,64.090685
3.97,24,64.100092
3.97,24,64.109388
3.97,24,64.118825
3.97,24,64.128022
3.97,25,64.138966
3.97,24,64.148204
3.97,24,64.157624
3.97,24,64.166878
3.97,26,64.176827
3.97,24,64.186099
3.97,24,64.195328
3.97,24,64.204579
3.99,26,64.215127
3.97,24,64.224689
3.97,24,64.234118
3.97,24,64.243323
3.97,24,64.252584
3.97,24,64.261717
3.97,24,64.270921
3.97,25,64.280746
3.98,26,64.290463
3.97,24,64.299661
3.97,24,64.308742
3.96,59,64.329536
3.97,24,64.339041
3.97,24,64.348657
3.97,24,64.358059
3.97,24,64.367229
3.98,27,64.377239
3.97,24,64.386359
3.97,24,64.395367
3.97,24,64.407514
3.97,24,64.416862
3.97,24,64.425902
3.97,25,64.435421
3.97,24,64.444442
3.97,24,64.453627
3.97,24,64.462587
3.97,24,64.472193
3.97,24,64.481479
3.97,24,64.490636
3.97,24,64.499763
3.97,24,65.16046
3.97,24,65.17074
3.97,24,65.18065
3.97,24,65.190542
3.97,24,65.200407
3.97,24,65.210171
3.97,24,65.220108
3.97,24,65.22979
3.97,24,65.240034
3.97,24,65.250297
3.97,24,65.260027
3.97,24,65.269737
3.97,24,65.279146
3.97,24,65.288499
3.97,24,65.297958
3.97,24,65.30748
3.97,24,65.317093
3.97,24,65.326534
3.97,24,65.335976
3.97,24,65.345458
3.97,24,65.354966
3.97,24,65.364473
3.97,24,65.374024
3.97,24,65.383493
3.97,24,65.392778
3.97,24,65.402024
3.97,24,65.411284
3.97,24,65.420468
3.97,24,65.429705
3.97,25,65.439316
3.97,24,65.448536
3.97,24,65.461226
3.97,24,65.470426
3.97,24,65.479708
3.97,24,65.489287
3.97,25,65.498905
3.97,24,65.508255
3.97,24,65.517546
3.97,24,65.526786
3.97,24,65.536046
3.97,24,65.545318
3.97,24,65.554579
3.97,24,65.563704
3.97,24,65.57278
3.97,24,65.581758
3.97,24,65.590771
3.97,26,65.600543
3.97,26,65.610255
3.97,24,65.619312
3.97,24,65.62834
3.97,24,65.637393
3.97,24,65.646399
3.97,24,65.655579
3.97,24,65.66449
3.97,24,65.673667
3.97,24,65.682702
3.98,26,65.692413
3.97,24,65.701535
3.97,24,65.710677
3.97,24,65.719646
3.97,24,65.728704
3.97,24,65.737698
3.97,24,65.746927
3.97,24,65.755996
3.97,25,65.765384
3.97,24,65.774438
3.97,24,65.783396
3.97,24,65.792595
3.97,24,65.801674
3.97,24,65.810699
3.97,24,65.819747
3.97,25,65.829108
3.97,24,65.84235
3.97,24,65.852242
3.97,24,65.862275
3.97,24,65.87153
3.97,24,65.880535
3.97,25,65.88993
3.97,25,65.899217
3.97,24,65.908385
3.97,24,65.917427
3.97,24,65.926759
3.97,24,65.935823
3.97,25,65.945233
3.97,24,66.571726
0.93,80,66.602398
3.97,24,66.612468
4.03,64,66.636367
3.97,24,66.645909
4.02,50,66.665298
3.97,24,66.674857
0.91,80,66.704454
4.03,40,66.719887
0.89,80,66.74912
4.02,34,66.762342
3.97,24,66.771766
3.97,24,66.781022
4.01,50,66.799374
4.03,44,66.815655
3.97,24,66.825113
4.05,63,66.853192
4.01,40,66.868171
4.01,30,66.879725
4.01,40,66.89466
4.02,54,66.914571
3.97,24,66.924021
3.98,26,66.93377
0.9,80,66.962343
3.97,24,66.971814
3.97,24,66.980859
3.97,24,66.990013
3.97,24,66.999001
3.97,24,67.008163
4.0,40,67.02278
4.04,62,67.04473
3.97,25,67.054262
3.97,24,67.063293
4.01,66,67.086694
3.97,24,67.095669
3.97,24,67.104741
4.01,28,67.115055
0.9,80,67.143183
3.97,24,67.152594
3.97,24,67.161797
0.91,80,67.191076
4.01,54,67.213655
3.97,24,67.223075
4.01,74,67.248668
4.01,30,67.259693
3.97,24,67.269723
3.97,24,67.281832
3.97,24,67.292864
3.97,24,67.302011
3.99,26,67.31284
4.02,76,67.341518
3.99,28,67.996464
3.97,24,68.006534
3.97,24,68.016294
3.97,24,68.02635
4.02,32,68.03926
3.97,24,68.048954
3.97,25,68.058965
3.97,25,68.068875
3.97,24,68.07875
3.97,24,68.088429
3.97,24,68.097923
3.97,24,68.107718
3.97,24,68.117117
3.97,24,68.126767
3.97,24,68.136221
4.01,44,68.152966
3.97,24,68.162683
4.04,32,68.175007
3.97,24,68.184244
3.99,26,68.194562
3.97,24,68.203815
4.02,50,68.2225
3.97,24,68.231772
3.97,24,68.241195
4.0,32,68.256588
4.01,52,68.276214
4.04,62,68.299829
3.99,26,68.31006
3.97,24,68.319514
3.97,24,68.329149
3.97,24,68.338527
3.97,24,68.347712
3.97,24,68.357182
3.97,24,68.366386
3.97,24,68.376938
3.97,24,68.386134
4.01,40,68.400618
3.97,24,68.409706
3.97,24,68.41874
4.01,34,68.431143
3.97,24,68.440202
4.02,33,68.452235
4.01,28,68.46262
3.97,24,68.472437
3.97,24,68.483285
3.97,25,68.492776
4.02,34,68.505669
3.97,24,68.514842
3.97,24,68.52412
3.97,24,68.533175
3.97,24,68.542221
3.97,24,68.55127
0.79,80,68.578349
4.01,46,68.595594
3.97,24,68.604652
3.97,24,68.614149
3.97,24,68.623928
4.0,28,68.634584
3.98,26,68.647551
3.97,24,68.656811
4.0,28,68.667227
3.98,26,68.676989
4.01,32,68.688739
4.01,36,68.701827
3.97,24,68.711021
3.97,24,68.720114
4.01,40,68.734743
4.01,30,68.745882
3.97,24,68.755831
3.97,25,68.765277
3.99,26,68.775026
3.97,24,68.784033
3.97,24,69.432911
3.97,25,69.443691
3.97,24,69.453693
3.97,24,69.463447
3.97,24,69.473519
3.97,24,69.483462
3.97,25,69.493523
3.97,24,69.503298
3.97,24,69.51334
4.0,34,69.52699
3.97,25,69.537279
4.02,34,69.550513
3.97,24,69.559923
3.97,24,69.569546
3.97,24,69.578963
3.97,24,69.588592
3.97,24,69.598238
3.97,24,69.60766
3.97,24,69.617457
4.01,29,69.628617
3.97,24,69.638771
3.97,24,69.648501
3.97,24,69.657991
3.97,24,69.667756
3.98,26,69.681194
3.97,24,69.690444
3.97,24,69.70021
3.98,26,69.710346
3.97,24,69.719962
3.98,26,69.730038
3.97,24,69.73974
3.97,24,69.749472
3.97,24,69.758867
3.97,24,69.768644
3.97,24,69.77806
3.97,24,69.787617
3.97,24,69.797305
3.97,24,69.806689
3.97,24,69.816329
3.97,24,69.825724
4.04,42,69.841589
3.97,24,69.853298
3.99,26,69.864135
3.98,26,69.874275
3.97,25,69.883998
3.97,24,69.893339
3.97,24,69.902678
3.97,24,69.912344
3.97,24,69.921848
3.97,24,69.931257
3.97,24,69.940856
3.97,26,69.950944
3.97,24,69.960436
3.97,24,69.969788
3.97,24,69.97904
4.01,30,69.990324
3.97,24,69.999387
3.98,26,70.009124
3.97,24,70.018473
3.97,24,70.027608
3.97,24,70.036738
3.97,24,70.045885
3.97,24,70.055142
3.97,25,70.065183
3.97,24,70.078585
3.99,29,70.089758
3.97,24,70.099065
3.97,24,70.108286
3.97,24,70.117856
3.97,24,70.127657
3.97,24,70.137321
3.97,24,70.146941
3.97,24,70.156863
3.98,26,70.167263
3.97,24,70.176645
3.97,25,70.186533
3.98,28,70.197752
3.97,24,70.207305
3.97,24,70.217039
3.98,26,70.227299
3.98,26,70.237761
3.97,24,70.247696
3.97,24,71.080686
3.97,24,71.091452
3.97,24,71.101723
3.98,26,71.113283
3.98,26,71.124362
3.97,24,71.134857
3.97,24,71.145386
3.97,24,71.155777
3.97,24,71.166547
3.99,26,71.177724
3.97,24,71.187971
3.99,26,71.198759
3.97,24,71.208973
3.97,24,71.219076
3.97,24,71.228976
3.97,24,71.238872
3.97,24,71.248727
3.97,24,71.258643
3.97,24,71.268404
3.97,25,71.278768
3.97,24,71.288672
3.97,24,71.298393
3.97,24,71.311318
3.97,24,71.321746
3.97,24,71.331246
3.99,26,71.341411
3.97,24,71.351125
3.97,24,71.362849
3.98,26,71.377774
3.97,24,71.388145
3.97,24,71.397683
3.97,24,71.413817
3.97,24,71.430554
3.97,24,71.452493
3.97,25,71.471493
3.97,24,71.485142
4.01,38,71.504308
3.97,24,71.51518
3.97,24,71.527238
3.97,24,71.539146
3.98,26,71.550848
3.97,24,71.562428
3.97,24,71.574002
4.02,32,71.588003
3.98,26,71.599077
3.97,24,71.609969
3.97,24,71.621099
3.97,24,71.632119
3.97,24,71.643645
3.97,24,71.654199
3.97,24,71.664349
3.97,24,71.674516
3.97,24,71.684458
3.97,25,71.694495
4.01,44,71.711856
3.97,24,71.722105
3.97,24,71.731798
3.98,26,71.742496
3.97,24,71.752311
3.97,24,71.761693
3.97,24,71.77144
3.97,24,71.780915
3.97,24,71.794106
3.97,24,71.806895
3.97,24,71.81647
3.97,24,71.827582
3.97,24,71.837659
3.97,24,71.847139
3.97,24,71.857167
3.97,24,71.866566
3.97,24,71.876492
3.97,24,71.885986
3.97,24,71.895621
3.97,24,71.905397
3.97,24,71.914801
3.97,24,71.924696
3.97,24,71.934141
3.97,24,71.943693
3.97,24,71.953202
3.97,24,71.96261
3.97,24,71.971965
3.97,24,71.981194
3.97,24,71.990588
3.97,24,72.734494
3.97,26,72.747194
3.97,24,72.75875
3.97,25,72.769149
3.97,24,72.78055
3.97,24,72.79149
3.97,24,72.801494
3.97,24,72.812806
3.97,24,72.823999
3.97,24,72.834211
3.97,25,72.845736
3.97,24,72.856761
3.97,24,72.866868
3.97,24,72.877978
3.97,24,72.888951
3.97,24,72.899663
3.98,26,72.911398
3.98,26,72.922665
3.97,24,72.933878
3.97,25,72.944639
3.97,24,72.958626
3.97,25,72.972807
3.97,24,72.985056
3.97,24,72.996611
4.01,28,73.009259
3.97,25,73.019351
3.97,25,73.03048
3.97,25,73.040936
3.97,24,73.050627
3.97,24,73.060627
3.97,24,73.070881
3.97,24,73.080657
3.97,25,73.090934
3.98,26,73.101345
3.97,24,73.110952
3.98,26,73.121362
3.97,24,73.130957
3.97,24,73.140702
3.97,24,73.150287
3.97,24,73.160063
3.97,24,73.169753
3.97,24,73.179245
3.97,25,73.189331
3.97,24,73.198774
3.97,27,73.209256
3.97,25,73.219428
3.97,25,73.229171
3.97,24,73.238653
3.97,24,73.247897
3.97,24,73.257444
3.97,24,73.266774
3.97,24,73.276191
3.97,26,73.286172
3.97,24,73.295504
3.97,24,73.305898
3.98,26,73.316244
3.97,25,73.326312
3.97,24,73.335761
3.98,27,73.346115
3.97,26,73.356273
3.97,24,73.365522
3.97,24,73.37974
3.97,25,73.391798
3.97,24,73.401946
3.97,24,73.412663
3.97,24,73.422456
3.97,24,73.431687
3.97,24,73.441498
3.97,24,73.451033
3.97,24,73.460327
3.97,24,73.469857
3.97,24,73.479096
3.97,24,73.488491
3.97,24,73.497708
3.97,24,73.507009
3.97,24,73.516029
3.97,24,73.525343
3.97,24,73.534491
3.97,25,73.544
3.97,25,73.553576
3.97,24,73.562583
3.97,24,73.572037
3.97,24,73.581054
3.97,24,74.212005
3.97,24,74.222383
3.97,24,74.232174
3.97,25,74.242726
3.97,24,74.25262
3.97,24,74.262166
3.99,26,74.272632
3.99,30,74.284352
3.97,24,74.294301
3.97,24,74.304064
3.97,24,74.313726
3.97,25,74.323843
3.97,24,74.333554
3.97,24,74.343258
3.98,26,74.353685
3.97,24,74.363143
3.97,24,74.372671
3.97,24,74.38183
4.0,29,74.396146
3.98,27,74.408322
3.97,24,74.418373
3.97,24,74.429761
3.97,25,74.441712
3.97,24,74.451419
3.97,24,74.461022
3.97,24,74.470887
3.97,24,74.480056
3.99,26,74.490278
3.97,24,74.499758
3.97,24,74.509011
3.97,24,74.518675
4.0,28,74.52931
3.97,24,74.538875
3.97,24,74.548066
3.97,24,74.557612
3.97,26,74.567852
3.99,26,74.577781
3.97,24,74.587325
3.97,24,74.596774
3.97,24,74.606265
3.97,24,74.615567
3.97,24,74.625122
3.97,24,74.634405
3.97,24,74.643375
3.97,24,74.652693
3.97,24,74.661725
3.97,24,74.670833
3.97,24,74.679836
3.99,28,74.690325
3.97,24,74.6994
3.97,24,74.708499
3.97,25,74.71796
3.97,24,74.727029
3.97,24,74.736132
3.97,24,74.74515
3.97,24,74.754264
3.97,24,74.763292
3.97,24,74.772437
3.97,24,74.781544
3.97,24,74.794296
3.97,24,74.805992
3.97,26,74.816193
3.97,25,74.828006
3.97,24,74.83823
3.97,24,74.847285
3.98,26,74.857308
3.98,26,74.867311
3.97,24,74.87635
3.97,24,74.885749
3.97,24,74.894779
3.97,24,74.904078
3.97,25,74.913493
3.97,24,74.922817
3.97,24,74.931764
3.99,27,74.942057
3.97,24,74.951375
3.97,24,74.960342
3.97,24,74.969603
3.97,24,74.978601
3.97,25,74.988276
3.97,24,74.997293
3.97,24,75.006583
3.97,24,75.015947
3.97,24,75.025239
3.97,24,75.664648
3.97,24,75.67469
3.97,24,75.684729
1.02,80,75.715693
3.97,24,75.726277
3.97,24,75.739255
3.97,24,75.749615
3.97,24,75.761838
3.97,25,75.772894
3.97,24,75.782427
3.98,26,75.793114
3.97,26,75.80564
3.97,25,75.822009
3.97,24,75.831786
3.97,24,75.845124
3.97,24,75.857961
3.97,25,75.868383
3.97,24,75.879666
3.97,24,75.890416
3.97,24,75.899998
3.97,24,75.910272
3.97,24,75.920189
3.97,24,75.929662
3.97,24,75.939437
3.99,27,75.950055
3.97,24,75.959836
3.97,25,75.969945
3.97,24,75.979426
3.97,24,75.989205
3.97,24,75.99869
3.97,24,76.008408
3.97,24,76.017874
3.97,24,76.027114
3.97,24,76.036609
3.97,25,76.046183
3.97,24,76.05559
3.97,24,76.064833
3.97,24,76.074478
3.97,24,76.083838
3.97,25,76.093498
3.97,25,76.103195
3.97,24,76.112412
3.97,24,76.121877
3.97,24,76.131123
3.97,24,76.140474
3.97,26,76.150441
3.97,24,76.160298
3.99,26,76.170495
3.97,24,76.179536
3.97,24,76.188673
3.97,24,76.197716
3.97,24,76.206948
3.97,25,76.216394
3.97,24,76.22593
3.97,25,76.235585
3.97,24,76.248171
3.97,24,76.259869
3.97,25,76.271035
3.97,25,76.280843
3.97,25,76.291624
3.97,24,76.301116
3.97,25,76.311203
3.97,24,76.320626
3.97,24,76.329703
3.99,27,76.340045
3.97,24,76.349101
3.97,24,76.358319
3.97,24,76.367381
3.97,24,76.376786
3.97,24,76.386122
3.97,24,76.395171
3.97,24,76.404503
3.97,24,76.413583
3.97,24,76.422951
3.97,24,76.432012
3.97,25,76.441605
3.97,24,76.450608
3.97,24,76.460051
3.97,25,76.469692
3.97,24,76.47872
3.97,24,76.48783
3.97,24,77.143547
3.97,24,77.153697
0.84,80,77.18354
3.97,25,77.195491
3.97,24,77.207282
3.97,24,77.217358
3.97,24,77.229477
3.97,25,77.240581
3.97,24,77.250549
3.97,24,77.260588
3.97,24,77.27084
3.97,25,77.281616
3.97,24,77.292435
3.97,24,77.306609
3.97,24,77.318265
3.97,24,77.33023
3.97,24,77.341541
3.97,24,77.351335
3.97,24,77.36182
3.97,24,77.371946
3.97,24,77.381475
3.97,24,77.391207
3.97,24,77.4008
3.97,24,77.410535
3.97,24,77.420424
3.97,24,77.429894
3.97,24,77.439671
3.97,24,77.449195
3.97,24,77.458936
3.97,24,77.468601
3.97,24,77.478236
3.97,24,77.487913
3.97,24,77.497185
3.97,24,77.50667
3.97,24,77.515957
3.97,24,77.525438
3.97,24,77.53538
3.97,25,77.545304
3.97,24,77.554788
3.97,24,77.564063
3.97,24,77.573594
3.97,24,77.582835
3.97,24,77.592272
3.97,24,77.601672
3.97,24,77.611164
3.97,24,77.620591
3.97,24,77.629868
3.98,26,77.640201
3.99,26,77.650218
3.97,24,77.65967
3.97,24,77.668929
3.97,24,77.678109
3.97,25,77.687764
3.97,24,77.696901
3.97,24,77.709233
3.97,24,77.7197
3.97,24,77.730577
3.97,24,77.742573
3.97,25,77.753586
3.97,24,77.762956
3.97,24,77.773275
3.99,26,77.783208
3.97,24,77.792952
3.97,24,77.803082
3.97,24,77.812358
3.99,31,77.824486
3.97,24,77.833821
3.97,24,77.843535
3.97,24,77.852882
4.0,31,77.864365
3.97,24,77.87372
3.97,24,77.882712
3.97,24,77.892085
3.97,24,77.901307
3.97,24,77.910542
3.97,24,77.919852
3.97,24,77.928929
3.97,24,77.938269
3.97,24,77.947297
3.97,24,77.9566
3.97,24,77.965721
3.97,25,77.975361
3.97,24,78.600972
3.97,24,78.611274
3.97,24,78.621617
3.97,24,78.631267
3.97,24,78.641143
4.01,30,78.652905
3.97,24,78.662394
3.97,24,78.672192
3.99,26,78.682589
4.01,28,78.693832
4.01,28,78.704983
3.97,25,78.714793
3.97,24,78.727762
3.97,24,78.738921
3.97,24,78.74988
3.97,24,78.761908
3.97,24,78.772882
3.99,26,78.783151
3.97,24,78.793818
3.97,24,78.803528
3.97,24,78.813206
3.97,24,78.823194
3.97,24,78.832678
3.97,24,78.842387
3.97,24,78.851705
3.97,25,78.861564
3.97,24,78.87096
4.01,28,78.881771
3.97,24,78.891285
3.97,24,78.900525
4.0,28,78.911416
3.97,24,78.921025
3.99,26,78.930994
3.97,24,78.940564
3.97,24,78.949861
3.97,24,78.959401
3.99,26,78.969346
3.97,24,78.979041
3.97,24,78.988517
3.97,24,78.997475
3.97,24,79.006726
3.97,24,79.015767
3.97,24,79.025081
3.97,24,79.034094
3.99,26,79.044132
3.97,24,79.053259
3.97,24,79.06259
3.97,24,79.071985
3.97,24,79.081039
3.97,24,79.090351
3.97,24,79.099287
3.97,24,79.108596
3.97,25,79.118055
3.97,24,79.130598
3.97,24,79.142877
3.97,24,79.154
3.97,24,79.165084
3.97,25,79.175217
3.97,24,79.184398
3.97,24,79.195085
4.01,28,79.206576
3.97,24,79.215776
3.99,26,79.22575
3.97,24,79.234845
3.97,24,79.244119
3.97,25,79.25364
3.97,24,79.263035
3.97,24,79.272396
3.97,25,79.281912
3.97,24,79.291283
4.01,28,79.301725
3.97,24,79.310954
3.97,24,79.320109
3.97,24,79.329306
3.97,24,79.338531
3.97,24,79.347568
3.97,24,79.356896
3.97,24,79.366012
4.01,28,79.376692
3.97,24,79.38582
3.97,24,79.395156
3.97,24,79.404382
3.97,24,79.413438
3.97,24,80.034037
3.97,24,80.04409
3.97,24,80.054351
3.97,24,80.06682
3.97,25,80.081965
4.01,28,80.099411
3.97,24,80.114366
3.97,24,80.127423
4.01,36,80.142051
3.97,24,80.152028
3.97,24,80.162067
3.97,24,80.175863
3.97,24,80.187406
4.02,33,80.201753
3.97,24,80.212197
3.97,24,80.222529
3.97,24,80.232019
3.98,26,80.242863
3.97,24,80.252452
3.98,29,80.264102
3.97,24,80.273741
3.97,24,80.283184
3.97,24,80.292984
3.97,25,80.302822
3.97,24,80.312639
3.97,24,80.325499
3.97,24,80.339401
3.97,24,80.350763
3.98,26,80.361989
3.97,24,80.372269
3.99,28,80.383245
3.97,25,80.393266
3.97,24,80.402874
3.97,25,80.4128
3.97,24,80.422637
3.97,24,80.432086
4.01,37,80.446383
3.97,24,80.456146
3.97,24,80.465543
3.97,24,80.475057
4.01,30,80.486645
3.97,24,80.495832
3.97,24,80.505282
3.97,24,80.51448
3.97,24,80.523957
3.97,24,80.533179
3.98,26,80.543275
3.97,24,80.552568
3.97,24,80.562232
3.97,24,80.571801
3.97,24,80.584217
3.98,26,80.595628
3.97,24,80.606103
3.97,24,80.616652
3.97,24,80.627755
3.97,25,80.638674
3.97,25,80.648658
3.97,24,80.658498
3.97,24,80.667767
3.97,24,80.677361
3.97,25,80.687174
3.97,25,80.696754
3.97,24,80.706351
3.99,36,80.719879
3.97,28,80.730534
3.97,24,80.740078
3.97,24,80.749221
3.97,25,80.75882
4.01,28,80.769201
3.97,24,80.778674
3.97,24,80.787961
3.97,24,80.79695
3.97,24,80.806253
3.97,24,80.815343
3.97,25,80.825129
3.97,25,80.834486
3.97,24,80.843742
3.97,24,80.852799
3.97,24,80.862174
3.97,25,80.872004
3.97,24,80.881035
3.97,24,80.890345
3.97,24,81.517088
3.97,24,81.527315
4.01,28,81.538842
3.97,24,81.548384
3.97,24,81.558114
3.97,24,81.567567
3.97,24,81.577364
3.97,24,81.58703
3.97,24,81.59679
3.97,24,81.610386
3.97,24,81.623449
3.97,24,81.634541
4.01,28,81.648146
3.97,24,81.658315
3.97,24,81.667812
3.97,24,81.677735
3.97,24,81.6875
3.97,24,81.697005
3.97,24,81.706765
3.97,24,81.716179
3.97,24,81.726009
3.97,24,81.735515
3.97,24,81.744857
3.97,24,81.754577
3.97,24,81.763776
3.97,24,81.773308
3.97,24,81.782517
3.97,24,81.792081
3.97,24,81.801364
3.97,24,81.810887
3.97,24,81.820424
3.97,24,81.829822
3.97,24,81.839429
3.97,24,81.848683
3.97,24,81.858287
3.97,25,81.867904
3.97,24,81.877601
3.97,24,81.887129
3.97,24,81.896243
3.97,24,81.905788
3.97,24,81.914889
3.97,24,81.924242
3.97,24,81.933273
3.97,24,81.942578
3.97,24,81.951827
3.97,24,81.960946
3.97,24,81.97026
3.97,25,81.979599
3.97,24,81.98893
3.97,25,81.998327
3.97,24,82.011059
3.97,24,82.022795
3.97,24,82.032839
3.97,24,82.043432
3.97,24,82.053054
3.97,25,82.062423
3.98,26,82.072501
3.99,26,82.082192
3.97,24,82.091511
3.97,25,82.101075
3.97,24,82.110539
3.97,24,82.119828
3.97,25,82.129243
3.97,24,82.138553
3.98,26,82.148275
3.97,26,82.158338
3.97,24,82.16739
4.01,28,82.178118
3.97,24,82.187444
3.97,24,82.196389
3.99,28,82.207076
3.97,24,82.216466
3.97,24,82.225915
3.98,26,82.235868
3.97,24,82.2449
3.97,24,82.254154
3.97,24,82.263582
3.97,24,82.273581
3.97,27,82.284265
3.97,24,82.294086
3.97,25,82.303669
3.97,24,82.312753
3.97,25,82.323031
3.97,26,82.333081
