#{"t_start": 1693157483.1162515, "env_id": "GridRoadEnv-v0"}
r,l,t
1.29,33,0.0188
0.53,33,0.036196
1.86,33,0.050538
0.45,33,0.06536
0.7,33,0.082979
0.43,33,0.098065
0.74,33,0.114819
0.69,33,0.131478
0.5,33,0.147671
1.45,33,0.161835
1.15,33,0.176791
0.7,33,0.19275
0.58,33,0.208138
0.54,33,0.224239
0.54,33,0.239785
0.57,33,0.256344
1.25,33,0.271299
0.53,33,0.286555
0.52,33,0.30147
0.53,33,0.315958
1.38,33,0.329685
0.78,33,0.351314
0.55,33,0.373803
1.15,33,0.394778
0.8,33,0.413555
0.99,33,0.431334
0.41,33,0.44648
1.4,33,0.461358
1.06,33,0.476314
1.05,33,0.490487
1.25,33,0.525302
0.76,33,0.540137
1.07,33,0.55454
0.57,33,0.569183
0.29,33,0.583497
0.52,33,0.598286
0.44,33,0.612996
1.07,33,0.627469
0.96,33,0.642172
0.53,33,0.656861
0.65,33,0.671793
0.35,33,0.684973
0.45,33,0.699908
0.77,33,0.714939
1.29,33,0.730059
0.92,33,0.745482
0.79,33,0.760284
0.59,33,0.775462
0.81,33,0.790461
1.2,33,0.804518
0.63,33,0.819048
1.19,33,0.834448
1.2,33,0.849476
1.12,33,0.864574
1.33,33,0.879776
0.98,33,0.895053
1.03,33,0.910258
1.3,33,0.925037
1.42,33,0.940145
0.51,33,0.953012
0.79,33,0.976332
0.49,33,0.989801
1.28,33,1.667958
1.7,33,1.683362
1.03,33,1.697962
0.57,33,1.713747
0.7,33,1.730006
1.37,33,1.744538
1.32,33,1.75971
0.59,33,1.773986
1.13,33,1.788661
0.35,33,1.803614
0.65,33,1.818807
0.95,33,1.834053
1.12,33,1.849429
0.44,33,1.86411
1.37,33,1.879249
1.23,33,1.892797
0.24,33,1.907404
1.13,33,1.921969
0.69,33,1.936889
1.17,33,1.951743
1.23,33,1.966891
0.75,33,1.982053
0.73,33,1.99784
1.4,33,2.012715
0.55,33,2.026947
0.99,33,2.041695
0.6,33,2.056986
1.37,33,2.072047
1.42,33,2.094894
1.96,33,2.109257
0.76,33,2.124552
0.75,33,2.139887
0.49,33,2.154692
1.08,33,2.170064
0.59,33,2.184736
1.15,33,2.200131
0.59,33,2.215307
0.68,33,2.229397
0.75,33,2.24367
0.7,33,2.258785
0.66,33,2.273506
1.41,33,2.288616
1.24,33,2.303496
1.17,33,2.318727
1.15,33,2.333734
0.57,33,2.348426
0.38,33,2.36236
0.67,33,2.377221
0.78,33,2.39256
1.22,33,2.407618
0.99,33,2.423194
1.8,33,2.43837
1.2,33,2.453315
0.6,33,2.467945
0.53,33,2.48271
0.53,33,2.497162
0.66,33,2.51197
1.67,33,2.526448
1.08,33,2.541347
1.09,33,2.563629
0.51,33,2.578278
1.05,33,2.593456
1.28,33,3.243394
1.29,33,3.258265
1.26,33,3.272518
1.24,33,3.287938
1.19,33,3.303258
0.65,33,3.318347
0.97,33,3.33362
1.23,33,3.347627
1.4,33,3.361867
0.51,33,3.377243
1.43,33,3.39241
0.55,33,3.407507
1.28,33,3.422968
0.57,33,3.438217
1.17,33,3.453438
1.29,33,3.468097
1.36,33,3.483064
1.23,33,3.49762
0.9,33,3.512696
0.43,33,3.527006
1.15,33,3.541763
1.26,33,3.557328
1.27,33,3.572539
0.77,33,3.587998
0.98,33,3.603224
1.1,33,3.617874
1.25,33,3.631591
1.2,33,3.655229
1.31,33,3.670903
1.07,33,3.686259
0.71,33,3.700926
1.27,33,3.714585
1.31,33,3.728928
0.77,33,3.744263
1.21,33,3.760132
1.19,33,3.775067
1.1,33,3.790067
0.59,33,3.805298
1.21,33,3.820516
1.09,33,3.835998
0.81,33,3.85056
1.24,33,3.864522
0.92,33,3.8795
0.84,33,3.893724
0.65,33,3.908684
0.59,33,3.923666
0.67,33,3.938751
1.44,33,3.953995
0.48,33,3.969743
0.48,33,3.984631
0.69,33,3.998404
0.74,33,4.012994
1.23,33,4.02762
1.12,33,4.042903
1.83,33,4.057587
0.44,33,4.073373
1.1,33,4.088433
1.18,33,4.111578
2.01,33,4.126572
1.16,33,4.141779
0.61,33,4.156527
0.72,33,4.171799
1.56,33,4.828182
1.31,33,4.842794
0.38,33,4.85727
1.33,33,4.872059
1.09,33,4.887087
1.25,33,4.90206
1.36,33,4.917183
1.29,33,4.931435
1.21,33,4.946492
1.28,33,4.961717
0.73,33,4.976753
1.36,33,4.991727
2.05,33,5.006583
0.56,33,5.022032
1.72,33,5.036685
1.32,33,5.051289
1.41,33,5.066251
1.21,33,5.080144
1.23,33,5.095018
1.15,33,5.109801
1.08,33,5.124728
1.99,33,5.139824
1.26,33,5.154572
1.23,33,5.17047
1.33,33,5.185755
1.27,33,5.200472
1.05,33,5.223195
1.19,33,5.238389
1.4,33,5.25289
1.21,33,5.267845
1.43,33,5.282571
1.88,33,5.299488
1.01,33,5.313357
1.29,33,5.327803
1.08,33,5.342856
0.47,33,5.35791
0.69,33,5.372884
0.46,33,5.38747
1.27,33,5.402309
2.02,33,5.416917
0.75,33,5.431331
0.99,33,5.446002
0.64,33,5.460365
1.09,33,5.475376
1.64,33,5.490376
1.24,33,5.505708
1.26,33,5.520486
0.68,33,5.534875
1.32,33,5.549474
1.63,33,5.563498
0.73,33,5.578007
1.86,33,5.592896
0.93,33,5.607778
1.37,33,5.623085
0.48,33,5.638149
1.4,33,5.65292
1.36,33,5.675392
0.46,33,5.690502
1.86,33,5.705503
1.07,33,5.720219
1.35,33,5.734887
1.4,33,5.749885
1.7,33,6.395437
1.08,33,6.410541
1.3,33,6.425173
1.4,33,6.440503
1.89,33,6.455453
1.36,33,6.470548
1.85,33,6.486059
0.81,33,6.501449
1.64,33,6.516274
1.39,33,6.52975
1.42,33,6.543837
1.33,33,6.558985
1.06,33,6.573882
1.27,33,6.588571
1.29,33,6.603523
1.29,33,6.618638
1.96,33,6.633937
1.33,33,6.648198
1.37,33,6.662749
1.39,33,6.67729
1.36,33,6.692159
1.96,33,6.707254
0.64,33,6.722172
1.13,33,6.736751
1.26,33,6.759457
1.28,33,6.774664
0.51,33,6.78932
1.08,33,6.804355
1.27,33,6.818841
1.37,33,6.833811
1.42,33,6.847813
1.39,33,6.862442
1.16,33,6.876431
1.02,33,6.891076
1.39,33,6.906564
1.0,33,6.921778
1.33,33,6.936797
1.33,33,6.951472
1.14,33,6.96566
1.41,33,6.979888
1.15,33,6.995298
1.01,33,7.010346
0.47,33,7.025666
1.29,33,7.041127
1.34,33,7.056601
2.14,33,7.072026
1.21,33,7.087208
1.95,33,7.101974
1.4,33,7.116335
1.74,33,7.130413
1.28,33,7.144746
1.14,33,7.159096
1.18,33,7.17376
1.35,33,7.188699
1.29,33,7.204173
1.18,33,7.225272
1.26,33,7.240221
1.12,33,7.255355
1.78,33,7.269965
0.61,33,7.285018
1.23,33,7.299981
1.26,33,7.314543
0.98,33,7.960963
1.86,33,7.975316
1.2,33,7.990127
1.19,33,8.005816
1.42,33,8.021262
1.4,33,8.037103
1.04,33,8.052122
1.32,33,8.067543
1.28,33,8.083284
1.12,33,8.097662
1.34,33,8.11267
1.15,33,8.126965
1.25,33,8.14274
1.26,33,8.15762
1.56,33,8.172575
1.37,33,8.187679
1.44,33,8.202561
1.3,33,8.217589
0.66,33,8.232568
1.19,33,8.246073
1.36,33,8.260396
1.28,33,8.275686
1.15,33,8.291273
1.25,33,8.314943
0.65,33,8.328557
1.28,33,8.343107
1.53,33,8.358115
1.19,33,8.37314
0.61,33,8.387971
1.27,33,8.402668
1.39,33,8.418114
1.22,33,8.433089
1.43,33,8.44725
1.33,33,8.461846
1.51,33,8.476551
1.11,33,8.496699
1.87,33,8.517101
0.95,33,8.540755
1.34,33,8.561533
1.41,33,8.582608
1.08,33,8.597784
1.37,33,8.61298
1.51,33,8.627252
1.17,33,8.642472
1.21,33,8.657486
1.26,33,8.672198
1.93,33,8.687433
1.46,33,8.70258
1.14,33,8.717714
1.38,33,8.732721
1.24,33,8.747004
1.4,33,8.760626
1.35,33,8.77591
1.14,33,8.800693
1.38,33,8.815485
1.13,33,8.828569
1.13,33,8.843064
1.35,33,8.858157
1.19,33,8.873331
1.48,33,8.888201
1.3,33,8.903582
1.97,33,8.918538
1.85,33,9.575238
1.4,33,9.590366
1.35,33,9.604716
1.45,33,9.619885
1.42,33,9.634645
2.01,33,9.649784
1.41,33,9.663955
0.68,33,9.678775
1.43,33,9.693572
1.41,33,9.709024
1.22,33,9.72397
1.21,33,9.738798
1.22,33,9.753421
1.19,33,9.768342
1.23,33,9.783023
1.27,33,9.797457
1.3,33,9.812002
1.27,33,9.826374
1.31,33,9.841285
2.09,33,9.856023
1.35,33,9.871037
1.19,33,9.89275
1.3,33,9.90842
1.4,33,9.923753
1.29,33,9.938525
1.19,33,9.954198
1.38,33,9.969621
1.1,33,9.98446
1.27,33,9.998787
1.22,33,10.012911
1.74,33,10.027525
1.33,33,10.042762
1.07,33,10.058517
1.27,33,10.07342
1.4,33,10.088899
1.46,33,10.104445
1.13,33,10.12002
1.39,33,10.135294
1.33,33,10.14934
1.21,33,10.164154
1.04,33,10.179009
1.34,33,10.193101
1.28,33,10.208073
1.28,33,10.22309
1.85,33,10.237926
2.03,33,10.253095
1.26,33,10.268018
0.56,33,10.28283
1.34,33,10.298195
1.26,33,10.313292
1.3,33,10.327258
1.42,33,10.342786
0.47,33,10.360619
1.4,33,10.375696
1.91,33,10.390615
1.22,33,10.405796
1.27,33,10.420712
1.32,33,10.43568
1.38,33,10.450432
1.12,33,10.464881
1.29,33,10.478603
1.1,33,10.493994
1.21,33,11.15418
1.33,33,11.169338
1.38,33,11.18463
1.04,33,11.199444
1.38,33,11.214493
1.31,33,11.229654
1.42,33,11.245027
2.16,33,11.260528
1.34,33,11.27557
1.19,33,11.290937
1.14,33,11.305903
1.44,33,11.320851
1.27,33,11.336169
1.92,33,11.351205
1.31,33,11.366577
1.29,33,11.380226
1.28,33,11.395342
1.18,33,11.410398
1.41,33,11.426245
1.48,33,11.441494
1.44,33,11.465207
1.43,33,11.479574
1.17,33,11.494444
1.99,33,11.509887
1.28,33,11.524962
1.28,33,11.539707
1.28,33,11.554608
1.48,33,11.569748
1.31,33,11.584543
1.79,33,11.599865
1.25,33,11.613531
1.12,33,11.628366
1.35,33,11.64329
1.22,33,11.659061
1.33,33,11.674477
1.3,33,11.689512
1.44,33,11.704444
1.38,33,11.720488
0.88,33,11.738408
1.96,33,11.756134
1.14,33,11.772386
1.38,33,11.789214
1.95,33,11.805802
1.14,33,11.821809
1.0,33,11.839473
1.37,33,11.854757
1.35,33,11.87349
1.44,33,11.888771
1.97,33,11.903594
1.36,33,11.917849
1.41,33,11.939569
1.93,33,11.95386
1.39,33,11.969015
1.35,33,11.983717
1.38,33,11.998431
1.18,33,12.011891
1.46,33,12.026059
1.09,33,12.040764
1.38,33,12.055495
1.42,33,12.069787
1.41,33,12.084357
1.13,33,12.099167
1.08,33,12.746161
1.34,33,12.762066
1.44,33,12.775816
1.31,33,12.790849
1.03,33,12.80601
1.25,33,12.820656
1.44,33,12.837694
1.38,33,12.853031
1.19,33,12.867695
1.02,33,12.88251
1.23,33,12.897349
1.15,33,12.911239
1.17,33,12.926377
1.42,33,12.940843
2.06,33,12.95626
1.49,33,12.971106
1.46,33,12.985723
1.44,33,13.001278
1.53,33,13.016296
0.67,33,13.03877
1.36,33,13.054176
1.42,33,13.069668
1.27,33,13.08513
1.31,33,13.100523
1.38,33,13.115574
1.31,33,13.130206
1.19,33,13.144532
1.27,33,13.159353
1.18,33,13.174459
1.31,33,13.189277
1.33,33,13.204956
1.21,33,13.220173
1.92,33,13.23515
1.19,33,13.250286
1.2,33,13.265134
1.2,33,13.280171
0.81,33,13.294297
1.24,33,13.308982
1.05,33,13.324132
1.41,33,13.339638
1.2,33,13.354476
1.78,33,13.369576
1.97,33,13.385317
1.4,33,13.400873
2.1,33,13.415611
1.2,33,13.430258
1.43,33,13.444248
1.07,33,13.458916
1.22,33,13.473663
0.49,33,13.492026
1.35,33,13.507197
1.44,33,13.52292
1.32,33,13.537504
1.4,33,13.552962
1.34,33,13.568366
1.33,33,13.584313
1.78,33,13.599469
0.65,33,13.614406
1.42,33,13.62855
1.38,33,13.642906
1.87,33,13.657938
1.96,33,13.672921
1.83,33,14.329166
1.42,33,14.344538
1.47,33,14.358698
1.28,33,14.373086
1.35,33,14.387773
2.04,33,14.402118
1.36,33,14.417578
1.34,33,14.433152
1.4,33,14.447593
1.35,33,14.461551
1.04,33,14.475481
1.47,33,14.489704
1.26,33,14.503813
1.42,33,14.518271
1.5,33,14.533268
1.36,33,14.547976
1.36,33,14.562714
2.02,33,14.585294
1.06,33,14.600695
1.29,33,14.615606
1.52,33,14.63115
1.85,33,14.64822
1.91,33,14.663658
1.31,33,14.679343
1.38,33,14.694984
1.96,33,14.710625
1.39,33,14.729495
1.5,33,14.745086
1.41,33,14.76149
1.57,33,14.777548
1.23,33,14.792957
1.5,33,14.808594
1.16,33,14.824007
1.5,33,14.839635
1.35,33,14.854539
1.31,33,14.869529
1.59,33,14.885395
1.34,33,14.900934
2.06,33,14.91679
1.43,33,14.934537
2.0,33,14.950166
1.32,33,14.964974
1.53,33,14.979814
1.43,33,14.993821
1.2,33,15.008823
1.46,33,15.023824
2.14,33,15.038969
1.47,33,15.054012
1.36,33,15.076355
1.47,33,15.091449
1.39,33,15.107153
1.91,33,15.122856
1.44,33,15.139143
1.43,33,15.154971
1.38,33,15.171547
2.0,33,15.187713
2.12,33,15.204295
1.37,33,15.220414
1.46,33,15.237297
1.39,33,15.253385
1.36,33,15.268165
1.5,33,15.283296
1.44,33,15.930259
1.41,33,15.945343
1.19,33,15.959519
1.21,33,15.974754
1.51,33,15.989455
1.45,33,16.004851
1.3,33,16.020671
1.27,33,16.036255
1.43,33,16.052057
1.47,33,16.066808
1.78,33,16.082528
1.47,33,16.096874
1.41,33,16.110493
1.29,33,16.125073
1.49,33,16.14003
1.3,33,16.155115
1.34,33,16.177343
1.37,33,16.191295
1.46,33,16.206198
1.45,33,16.221418
0.9,33,16.236473
1.45,33,16.251959
1.52,33,16.267455
0.62,33,16.281826
1.17,33,16.295117
1.35,33,16.308918
1.26,33,16.323188
1.43,33,16.33759
1.92,33,16.352279
1.35,33,16.36657
1.25,33,16.381299
1.39,33,16.394944
1.56,33,16.409243
1.18,33,16.423903
1.24,33,16.43843
1.52,33,16.453173
1.47,33,16.467503
1.51,33,16.482103
1.94,33,16.49639
1.82,33,16.510596
1.48,33,16.52485
1.34,33,16.539532
1.38,33,16.553886
1.77,33,16.568192
1.46,33,16.582412
1.23,33,16.596327
1.24,33,16.614715
1.8,33,16.628065
1.52,33,16.641485
1.34,33,16.655994
2.18,33,16.670718
1.53,33,16.68532
1.4,33,16.700329
1.86,33,16.714164
1.44,33,16.727527
1.31,33,16.741644
1.18,33,16.756082
1.41,33,16.771491
1.4,33,16.785726
1.41,33,16.800616
1.3,33,16.815052
1.27,33,16.82953
1.34,33,17.483992
1.27,33,17.500114
1.31,33,17.514282
1.24,33,17.528366
1.49,33,17.543447
1.38,33,17.558577
1.24,33,17.573866
1.41,33,17.588848
1.48,33,17.604509
1.33,33,17.619662
1.18,33,17.635051
1.35,33,17.650676
1.23,33,17.665374
1.41,33,17.680097
1.19,33,17.698725
1.38,33,17.71426
1.5,33,17.728052
1.28,33,17.743023
1.4,33,17.757793
1.17,33,17.773319
1.56,33,17.78842
1.25,33,17.804073
1.42,33,17.819649
1.5,33,17.834717
2.13,33,17.850028
1.52,33,17.865271
1.45,33,17.87974
1.56,33,17.894896
1.72,33,17.909549
1.48,33,17.925109
1.42,33,17.939966
1.87,33,17.955432
1.26,33,17.970806
1.4,33,17.985681
1.34,33,18.001262
1.48,33,18.01654
1.22,33,18.031281
1.34,33,18.0465
1.37,33,18.06234
1.4,33,18.077561
1.48,33,18.092945
2.07,33,18.108292
1.42,33,18.123254
1.36,33,18.138587
1.3,33,18.153485
2.0,33,18.172574
1.86,33,18.187479
1.46,33,18.20259
1.47,33,18.217055
1.27,33,18.231694
1.56,33,18.245316
1.48,33,18.259948
1.95,33,18.274074
1.43,33,18.288638
1.46,33,18.303102
1.12,33,18.318004
1.36,33,18.332126
2.07,33,18.346687
1.22,33,18.359861
1.45,33,18.373741
1.43,33,18.387703
1.38,33,18.402241
1.48,33,19.159638
1.54,33,19.175467
1.48,33,19.189271
1.28,33,19.203265
1.36,33,19.21715
1.39,33,19.230668
1.36,33,19.247494
1.89,33,19.264962
1.36,33,19.280637
1.19,33,19.298858
2.05,33,19.31538
1.24,33,19.328276
1.56,33,19.34095
1.53,33,19.360307
1.5,33,19.372383
1.49,33,19.384495
1.54,33,19.396702
1.78,33,19.408632
1.48,33,19.42072
1.16,33,19.432909
1.32,33,19.44522
1.52,33,19.45738
1.45,33,19.469498
1.35,33,19.481709
1.35,33,19.494617
1.36,33,19.506562
1.38,33,19.518708
1.52,33,19.53086
1.46,33,19.542737
1.43,33,19.554621
1.44,33,19.567205
1.54,33,19.58396
1.34,33,19.603689
2.07,33,19.624052
1.55,33,19.643902
1.45,33,19.663339
2.05,33,19.686975
1.32,33,19.707438
1.58,33,19.727113
1.45,33,19.742774
1.3,33,19.75785
1.39,33,19.773169
1.34,33,19.788638
2.05,33,19.811402
1.36,33,19.82835
2.07,33,19.845353
1.37,33,19.860231
1.41,33,19.874171
1.41,33,19.888505
1.21,33,19.90282
1.43,33,19.916625
1.23,33,19.930151
1.33,33,19.944261
1.93,33,19.958973
1.48,33,19.973278
1.33,33,19.986454
2.0,33,20.001
1.37,33,20.015164
1.46,33,20.02949
1.3,33,20.043953
1.33,33,20.057873
1.42,33,20.070857
1.94,33,20.722559
1.95,33,20.737383
1.3,33,20.751709
1.48,33,20.767254
1.95,33,20.783316
1.52,33,20.798555
1.43,33,20.813164
1.32,33,20.827342
1.44,33,20.842066
1.84,33,20.857201
1.17,33,20.872001
1.4,33,20.887018
1.51,33,20.909557
1.36,33,20.923945
1.29,33,20.938398
1.36,33,20.953342
2.12,33,20.966919
1.17,33,20.981278
1.39,33,20.995713
1.51,33,21.01042
2.14,33,21.025902
1.34,33,21.040392
1.43,33,21.055252
1.48,33,21.068011
1.52,33,21.082549
1.43,33,21.097355
1.39,33,21.11248
2.04,33,21.126287
1.49,33,21.140795
2.1,33,21.155081
1.87,33,21.170178
1.6,33,21.184685
1.87,33,21.199305
1.5,33,21.214102
1.53,33,21.229006
1.37,33,21.244301
1.38,33,21.25801
1.27,33,21.271908
1.59,33,21.287028
1.97,33,21.301674
1.4,33,21.316787
1.37,33,21.331623
1.54,33,21.353631
1.39,33,21.368201
1.41,33,21.38294
1.32,33,21.39807
1.36,33,21.412203
1.4,33,21.42645
1.6,33,21.440471
4.55,30,21.45373
1.54,33,21.468119
1.48,33,21.483171
1.28,33,21.497773
1.26,33,21.511792
1.5,33,21.525436
2.1,33,21.540259
1.63,33,21.554705
1.67,33,21.569885
1.97,33,21.584547
1.45,33,21.598632
1.4,33,21.61208
1.5,33,21.625772
1.98,33,22.269043
1.5,33,22.284637
1.48,33,22.299387
1.8,33,22.313636
1.53,33,22.327934
1.57,33,22.342315
1.25,33,22.357478
1.54,33,22.37238
1.47,33,22.385154
1.53,33,22.399814
1.32,33,22.422494
1.32,33,22.437006
1.55,33,22.452251
1.16,33,22.467824
2.1,33,22.483459
1.38,33,22.499075
2.1,33,22.517652
1.9,33,22.532474
1.56,33,22.546936
1.46,33,22.56251
1.38,33,22.577215
2.03,33,22.592679
1.12,33,22.608044
1.85,33,22.623324
1.36,33,22.638808
1.54,33,22.654424
2.13,33,22.670252
1.44,33,22.68661
2.12,33,22.700184
1.5,33,22.715227
1.52,33,22.731099
1.34,33,22.746156
1.5,33,22.761433
1.99,33,22.776957
1.97,33,22.792323
1.38,33,22.807201
1.4,33,22.821189
1.55,33,22.836646
2.12,33,22.852058
1.39,33,22.867973
1.41,33,22.883042
1.38,33,22.908079
1.3,33,22.922594
1.4,33,22.937209
1.53,33,22.95216
2.08,33,22.967432
1.27,33,22.982871
1.98,33,22.99832
1.99,33,23.013313
1.34,33,23.028047
1.54,33,23.042844
1.58,33,23.056384
1.44,33,23.070415
1.5,33,23.084668
1.27,33,23.10126
1.4,33,23.117682
1.26,33,23.132467
1.41,33,23.147782
1.43,33,23.161533
2.12,33,23.177115
1.43,33,23.192518
1.63,33,23.208575
1.32,33,23.224541
1.4,33,23.897085
2.02,33,23.90991
1.54,33,23.924999
1.27,33,23.940432
1.48,33,23.955426
1.35,33,23.968463
2.03,33,23.983963
1.49,33,23.999426
1.53,33,24.017128
2.21,33,24.032814
1.37,33,24.046129
1.55,33,24.060334
2.03,33,24.075718
1.49,33,24.090724
1.56,33,24.103734
1.54,33,24.11996
1.35,33,24.13568
2.16,33,24.152968
2.08,33,24.168106
1.98,33,24.181612
1.43,33,24.19683
1.35,33,24.212154
1.52,33,24.225064
1.45,33,24.239325
1.34,33,24.254565
1.28,33,24.271036
1.31,33,24.287484
1.54,33,24.302073
2.02,33,24.316799
1.4,33,24.331541
2.01,33,24.346573
1.39,33,24.361257
1.48,33,24.375138
1.48,33,24.390041
1.49,33,24.404802
1.24,33,24.420731
1.41,33,24.438033
1.42,33,24.452869
1.31,33,24.471073
1.36,33,24.487023
1.67,33,24.5024
1.33,33,24.517602
1.46,33,24.53293
1.37,33,24.547971
1.34,33,24.562771
1.39,33,24.577901
2.18,33,24.591997
1.43,33,24.607688
1.46,33,24.624585
1.35,33,24.640065
1.29,33,24.655318
1.47,33,24.669956
2.14,33,24.68501
1.5,33,24.700452
1.59,33,24.718212
1.48,33,24.734356
2.09,33,24.750183
2.18,33,24.765204
4.55,30,24.77919
1.45,33,24.794536
1.46,33,24.809608
1.54,33,24.824572
2.11,33,25.505924
1.97,33,25.521013
1.43,33,25.536205
2.08,33,25.551013
1.31,33,25.565684
1.5,33,25.580658
2.16,33,25.595456
1.4,33,25.61784
2.13,33,25.633208
1.61,33,25.648803
2.0,33,25.663912
1.61,33,25.679254
1.48,33,25.695047
1.29,33,25.710723
1.5,33,25.726282
1.39,33,25.741662
1.42,33,25.756309
2.16,33,25.771244
1.37,33,25.786281
1.45,33,25.801864
1.39,33,25.817212
1.41,33,25.832509
1.89,33,25.847958
1.42,33,25.863339
2.16,33,25.8795
2.07,33,25.894689
1.54,33,25.909505
1.98,33,25.924267
1.49,33,25.937973
1.99,33,25.953044
1.46,33,25.968456
1.35,33,25.98373
2.07,33,25.999141
1.43,33,26.015093
2.25,33,26.030529
2.18,33,26.045281
2.17,33,26.06091
2.1,33,26.088078
2.12,33,26.104339
1.28,33,26.119466
1.54,33,26.134349
2.06,33,26.14927
1.46,33,26.164325
1.39,33,26.179389
1.98,33,26.194475
1.96,33,26.210559
1.23,33,26.225096
1.56,33,26.239329
2.1,33,26.254421
1.48,33,26.270214
1.59,33,26.286917
1.48,33,26.301524
2.07,33,26.316558
2.05,33,26.331482
2.15,33,26.346753
1.22,33,26.362309
2.09,33,26.377085
1.59,33,26.391617
2.03,33,26.407692
4.61,32,26.422337
2.16,33,26.43638
2.08,33,26.451076
1.24,33,27.132319
1.45,33,27.147626
1.37,33,27.163674
1.43,33,27.180115
1.13,33,27.194249
1.31,33,27.218306
2.01,33,27.233634
1.48,33,27.246971
1.24,33,27.261678
2.0,33,27.275759
2.11,33,27.28871
2.13,33,27.303831
1.31,33,27.318898
2.01,33,27.3344
1.98,33,27.349109
2.02,33,27.364081
2.09,33,27.379278
2.2,33,27.394082
2.04,33,27.408713
1.5,33,27.423082
1.47,33,27.437803
1.47,33,27.452906
1.51,33,27.468105
1.47,33,27.486645
1.41,33,27.509524
1.4,33,27.5312
1.25,33,27.551917
1.98,33,27.571124
1.89,33,27.587601
1.58,33,27.601897
1.33,33,27.616869
1.58,33,27.631744
1.45,33,27.646276
1.37,33,27.659907
2.16,33,27.675208
2.14,33,27.690408
1.96,33,27.715403
1.45,33,27.730773
1.35,33,27.744969
1.39,33,27.759296
2.16,33,27.774272
1.39,33,27.788904
2.05,33,27.804083
1.2,33,27.818944
1.3,33,27.833983
4.57,30,27.847607
2.08,33,27.861286
1.48,33,27.875061
2.22,33,27.889886
1.96,33,27.90476
2.03,33,27.919689
1.48,33,27.934834
1.38,33,27.949886
2.16,33,27.964478
2.06,33,27.979147
1.56,33,27.992892
4.5,30,28.006406
1.16,33,28.021118
2.03,33,28.035913
2.06,33,28.050853
1.52,33,28.066035
1.27,33,28.080691
1.57,33,28.761099
2.21,33,28.776612
1.57,33,28.790786
2.19,33,28.80697
2.06,33,28.833269
2.25,33,28.84899
2.1,33,28.863849
2.19,33,28.881002
2.25,33,28.901019
2.03,33,28.917556
1.49,33,28.932934
2.18,33,28.947773
1.37,33,28.963243
1.98,33,28.977383
2.01,33,28.993061
1.44,33,29.007483
1.49,33,29.022724
2.11,33,29.038135
1.35,33,29.055223
2.03,33,29.069526
1.53,33,29.086575
1.3,33,29.102611
2.04,33,29.117336
2.19,33,29.132716
2.17,33,29.1502
1.43,33,29.165886
2.15,33,29.181803
1.48,33,29.197464
1.25,33,29.213539
1.48,33,29.228797
1.25,33,29.242938
1.39,33,29.2613
2.0,33,29.28029
2.12,33,29.297762
1.99,33,29.320209
1.41,33,29.336169
4.44,26,29.349736
1.57,33,29.364516
1.42,33,29.379527
1.36,33,29.393719
2.14,33,29.40793
2.16,33,29.423717
2.14,33,29.438953
2.16,33,29.454224
2.14,33,29.469372
1.27,33,29.484801
4.53,28,29.497859
1.99,33,29.511711
2.05,33,29.525857
1.98,33,29.541279
1.34,33,29.556754
1.55,33,29.572564
2.14,33,29.588012
2.01,33,29.603886
1.92,33,29.619035
1.49,33,29.634681
1.99,33,29.650275
1.51,33,29.66592
1.43,33,29.681645
1.52,33,29.696952
2.05,33,29.710895
1.47,33,29.725701
2.02,33,30.37865
1.47,33,30.395312
2.09,33,30.409213
1.22,33,30.43417
2.14,33,30.449179
1.5,33,30.464526
1.3,33,30.478889
1.83,33,30.492734
1.45,33,30.507905
4.5,26,30.520566
4.5,28,30.533837
2.05,33,30.547977
1.49,33,30.563002
1.32,33,30.576809
1.48,33,30.591308
2.1,33,30.606999
1.46,33,30.621684
1.47,33,30.637194
2.08,33,30.652443
1.32,33,30.667234
1.49,33,30.683068
1.52,33,30.698837
4.43,22,30.708122
2.0,33,30.723675
2.06,33,30.741314
1.57,33,30.756754
2.23,33,30.771971
2.05,33,30.787519
1.36,33,30.803136
2.0,33,30.8185
4.59,28,30.831558
1.43,33,30.846327
1.55,33,30.860276
1.52,33,30.875365
2.03,33,30.900554
1.46,33,30.916049
4.48,28,30.929316
1.29,33,30.942762
2.18,33,30.957503
1.91,33,30.973105
2.07,33,30.987969
4.4,30,31.002101
2.11,33,31.01653
1.43,33,31.031524
1.5,33,31.046688
2.05,33,31.061407
2.05,33,31.076549
2.23,33,31.091265
1.2,33,31.106755
1.44,33,31.121944
1.41,33,31.137482
1.52,33,31.152675
2.18,33,31.167965
1.45,33,31.183291
2.23,33,31.198418
2.0,33,31.213113
2.01,33,31.227693
2.21,33,31.242493
1.54,33,31.257264
1.35,33,31.272352
2.09,33,31.287347
4.57,30,31.301647
2.07,33,31.315979
1.97,33,31.331713
1.42,33,32.043149
1.3,33,32.066189
2.03,33,32.081794
1.52,33,32.097061
4.51,30,32.110848
2.03,33,32.125623
1.45,33,32.139801
1.22,33,32.154161
2.0,33,32.169348
1.36,33,32.184533
1.23,33,32.200563
1.48,33,32.215909
2.15,33,32.230827
4.64,32,32.245722
2.05,33,32.259972
4.26,26,32.270643
4.41,32,32.28511
2.09,33,32.299337
1.59,33,32.31431
1.44,33,32.328973
2.01,33,32.343483
2.15,33,32.357492
2.21,33,32.372027
1.38,33,32.386731
4.59,32,32.40222
1.99,33,32.416416
2.16,33,32.431728
2.12,33,32.446265
2.14,33,32.461021
2.14,33,32.475585
1.98,33,32.490028
4.57,30,32.503352
2.11,33,32.528636
2.08,33,32.543539
2.12,33,32.557125
1.32,33,32.572531
1.41,33,32.587746
2.03,33,32.603046
1.45,33,32.620245
2.16,33,32.637733
1.47,33,32.652895
1.36,33,32.667891
4.55,32,32.681849
2.14,33,32.695729
2.04,33,32.709889
1.96,33,32.725241
4.59,32,32.740241
2.05,33,32.756119
2.14,33,32.771851
4.61,32,32.78652
2.14,33,32.801082
2.1,33,32.815157
2.13,33,32.829334
2.03,33,32.844762
2.05,33,32.859876
2.16,33,32.87475
1.27,33,32.889854
2.06,33,32.906966
1.27,33,32.921385
2.26,33,32.936956
2.08,33,32.949785
2.08,33,32.964805
1.98,33,33.661113
1.34,33,33.678023
4.31,22,33.6875
2.16,33,33.702805
1.34,33,33.715557
2.09,33,33.730382
1.14,33,33.746359
2.03,33,33.761258
4.61,32,33.775679
2.05,33,33.790209
1.31,33,33.803781
1.41,33,33.820796
4.39,24,33.830277
1.99,33,33.844852
4.48,32,33.858322
2.03,33,33.873133
1.45,33,33.887977
1.05,33,33.902732
1.39,33,33.916238
1.91,33,33.93113
2.09,33,33.94576
2.18,33,33.960241
4.5,28,33.972239
1.45,33,33.985929
2.16,33,34.000686
2.05,33,34.015233
1.88,33,34.029613
1.54,33,34.044343
4.66,32,34.059119
1.52,33,34.072561
4.7,32,34.085658
1.2,33,34.108795
1.39,33,34.122668
4.32,30,34.135387
4.41,28,34.147617
1.44,33,34.161588
1.41,33,34.176337
1.96,33,34.190391
4.59,32,34.204546
1.5,33,34.219004
1.52,33,34.23349
2.12,33,34.248595
2.22,33,34.263849
4.41,22,34.274959
2.08,33,34.290172
2.16,33,34.304214
2.06,33,34.319233
2.25,33,34.334148
4.36,24,34.345411
2.12,33,34.35878
4.45,26,34.369751
1.58,33,34.384849
1.94,33,34.399499
1.4,33,34.414128
1.54,33,34.42942
1.52,33,34.443307
4.41,26,34.454117
2.1,33,34.468829
4.42,26,34.480712
1.54,33,34.495178
1.83,33,34.5091
2.03,33,34.522917
2.01,33,34.537462
2.09,33,34.561289
1.42,33,34.574801
4.48,32,35.233242
4.59,32,35.244918
2.07,33,35.256591
2.16,33,35.270944
4.5,26,35.283239
2.09,33,35.299551
4.61,32,35.314632
1.85,33,35.328834
2.12,33,35.342291
2.02,33,35.356243
4.41,32,35.371032
2.14,33,35.386082
2.21,33,35.401091
1.96,33,35.415776
4.48,30,35.430312
2.16,33,35.444722
1.5,33,35.458628
2.1,33,35.473492
1.37,33,35.48805
2.1,33,35.503195
4.5,28,35.516264
1.55,33,35.531182
1.14,33,35.546226
2.07,33,35.559489
2.09,33,35.574545
1.5,33,35.589696
2.05,33,35.604597
1.54,33,35.619221
2.11,33,35.633622
4.5,32,35.655535
1.96,33,35.670731
4.59,32,35.685032
2.11,33,35.700337
1.41,33,35.715197
4.44,32,35.729872
2.17,33,35.743476
4.46,26,35.754987
2.08,33,35.769904
1.23,33,35.784549
2.2,33,35.799527
4.5,30,35.813231
1.42,33,35.828021
4.48,26,35.838987
1.39,33,35.853869
1.39,33,35.86869
1.32,33,35.883403
4.57,28,35.895648
1.59,33,35.910362
1.59,33,35.924305
1.45,33,35.939192
1.46,33,35.954427
2.12,33,35.969208
1.43,33,35.983948
1.25,33,35.999012
2.0,33,36.013791
1.41,33,36.028646
4.61,28,36.040712
1.1,33,36.055428
1.16,33,36.070627
4.57,32,36.085843
1.45,33,36.107304
1.04,33,36.122306
4.5,30,36.136264
2.12,33,36.788808
2.19,33,36.803678
2.1,33,36.819166
4.46,28,36.832104
4.48,26,36.842167
2.13,33,36.856739
2.14,33,36.873045
4.46,30,36.886605
4.48,24,36.897974
1.49,33,36.912537
2.11,33,36.928365
4.48,24,36.939735
4.43,24,36.949983
2.14,33,36.964761
4.5,30,36.97856
4.53,30,36.992341
1.18,33,37.005702
4.46,30,37.019407
2.08,33,37.039824
2.13,33,37.052345
1.57,33,37.077893
4.39,26,37.092275
4.5,26,37.102758
1.3,33,37.116963
1.94,33,37.132698
1.54,33,37.149234
4.39,22,37.162216
4.5,26,37.174979
2.09,33,37.189264
1.45,33,37.20543
2.18,33,37.229758
1.99,33,37.245768
4.41,30,37.261689
4.48,30,37.276126
1.43,33,37.289819
2.05,33,37.304068
2.21,33,37.318472
1.27,33,37.333505
4.46,30,37.34778
2.18,33,37.363437
4.55,32,37.378168
2.18,33,37.393081
2.18,33,37.408587
4.61,28,37.42179
2.09,33,37.435152
1.54,33,37.448964
1.55,33,37.463661
1.49,33,37.478475
1.91,33,37.493428
1.52,33,37.5082
4.52,30,37.521246
1.38,33,37.534734
4.44,26,37.546533
2.05,33,37.560868
1.3,33,37.575672
4.3,30,37.589751
4.57,32,37.602666
2.12,33,37.615994
2.16,33,37.631182
4.5,30,37.644507
4.5,32,37.658451
2.15,33,37.679896
4.55,30,37.693215
1.09,33,37.70779
4.61,32,37.721413
4.39,26,37.732513
1.42,33,38.487438
4.5,30,38.502355
2.07,33,38.517826
4.68,32,38.533756
4.41,24,38.546898
4.68,32,38.565777
4.52,26,38.585697
4.5,26,38.599115
4.57,30,38.621176
1.39,33,38.648791
4.57,30,38.672796
4.46,26,38.694744
4.41,24,38.709116
2.02,33,38.724247
1.28,33,38.744877
1.5,33,38.759995
4.5,24,38.770945
2.08,33,38.784687
1.94,33,38.796936
4.48,28,38.807855
4.39,22,38.81639
1.99,33,38.828623
2.08,33,38.845259
4.32,30,38.856811
2.08,33,38.86907
4.5,26,38.880541
4.46,28,38.894663
1.27,33,38.906963
4.39,28,38.917863
4.39,24,38.933947
2.05,33,38.946045
4.66,32,38.958264
2.14,33,38.970483
4.58,28,38.981054
2.1,33,38.993166
2.2,33,39.005857
4.59,32,39.017808
1.43,33,39.029701
2.16,33,39.042756
4.48,28,39.05362
2.14,33,39.066131
2.09,33,39.079326
4.61,32,39.091494
1.36,33,39.10543
4.55,30,39.117999
4.5,28,39.131122
2.07,33,39.145201
4.48,26,39.158352
2.17,33,39.173273
1.07,33,39.189766
2.14,33,39.205978
2.16,33,39.22011
2.0,33,39.234324
4.39,24,39.244405
4.55,30,39.258017
2.15,33,39.277474
4.61,30,39.292275
4.5,28,39.310313
1.25,33,39.334223
4.48,26,39.352508
4.63,32,39.37228
4.37,28,39.394836
4.58,28,39.405243
2.07,33,39.417341
4.5,26,39.427194
4.59,30,39.438323
2.07,33,39.450335
1.98,33,39.462484
4.68,32,40.350641
4.61,32,40.362417
1.9,33,40.374212
1.96,33,40.386247
4.39,26,40.396256
2.12,33,40.408165
4.39,24,40.417378
4.39,26,40.427732
2.11,33,40.440154
2.18,33,40.452415
2.09,33,40.468028
4.5,30,40.479698
4.46,26,40.489233
1.41,33,40.500906
2.1,33,40.512906
2.09,33,40.525052
2.16,33,40.537105
4.5,28,40.547991
2.03,33,40.559935
1.23,33,40.572028
4.39,28,40.582726
4.5,30,40.593505
4.39,22,40.60169
4.48,28,40.611996
4.48,28,40.622235
2.02,33,40.634014
4.56,30,40.666282
4.39,22,40.68137
4.48,28,40.70208
4.39,22,40.716067
2.07,33,40.731949
1.48,33,40.751266
2.04,33,40.768104
4.43,24,40.780894
2.16,33,40.800872
4.48,32,40.818017
1.21,33,40.835805
2.02,33,40.852237
4.39,26,40.865731
4.41,32,40.882455
1.36,33,40.901356
4.5,30,40.923015
1.55,33,40.939187
4.5,28,40.953439
4.59,28,40.965533
2.07,33,40.980142
4.46,26,40.992297
4.41,22,41.002262
2.14,33,41.016593
2.14,33,41.030676
4.41,28,41.042451
1.98,33,41.055352
4.41,26,41.06546
4.48,30,41.077354
4.54,30,41.08853
4.52,26,41.099336
4.51,30,41.111005
4.5,30,41.122407
4.5,30,41.133922
4.55,28,41.144999
2.07,33,41.164773
1.25,33,41.177855
4.46,26,41.188725
4.44,30,41.200294
1.25,33,41.213502
2.13,33,41.226459
4.48,30,41.238556
2.16,33,41.252916
4.43,30,42.010322
1.46,33,42.02246
4.39,24,42.037602
2.19,33,42.058867
4.48,30,42.074432
2.04,33,42.088738
4.39,22,42.098712
4.59,32,42.111618
4.47,26,42.124086
4.37,22,42.139974
1.43,33,42.164168
4.39,24,42.182092
4.59,30,42.205423
2.12,33,42.228827
4.61,32,42.251397
1.55,33,42.277776
4.39,26,42.295473
2.19,33,42.316904
4.46,28,42.33582
4.59,28,42.352159
4.49,28,42.370297
4.48,32,42.39186
4.46,28,42.408716
4.39,24,42.42472
1.48,33,42.446372
1.97,33,42.467022
2.0,33,42.491865
4.3,26,42.507026
4.39,22,42.518272
4.5,28,42.533363
2.05,33,42.548596
4.5,26,42.560706
2.12,33,42.576185
4.39,28,42.593611
4.41,26,42.609455
4.59,28,42.624297
4.52,28,42.637995
4.39,22,42.650333
2.11,33,42.668179
1.39,33,42.682256
1.52,33,42.697499
4.68,32,42.711604
4.48,26,42.72245
1.47,33,42.736366
4.41,26,42.748471
2.12,33,42.76414
4.39,26,42.775063
4.48,26,42.785848
2.05,33,42.799744
4.39,26,42.811594
4.57,30,42.823686
4.5,26,42.835381
2.07,33,42.85078
2.14,33,42.867657
4.39,28,42.879592
4.5,32,42.891983
2.07,33,42.904991
4.53,32,42.918913
2.11,33,42.932334
4.39,28,42.944397
4.59,32,42.973187
4.59,32,42.986912
4.39,24,43.000961
2.16,33,43.019359
4.39,24,43.03269
4.39,22,43.045595
4.39,24,43.057649
4.39,24,43.074009
4.56,32,43.093868
4.22,22,43.109075
2.09,33,44.326781
2.0,33,44.351345
4.46,28,44.371374
4.59,30,44.392475
2.09,33,44.41493
1.87,33,44.439551
4.39,26,44.461703
4.39,26,44.482939
4.5,26,44.500294
4.59,32,44.518585
4.39,22,44.530013
4.5,30,44.550665
4.41,26,44.568904
4.52,30,44.589641
4.41,26,44.608086
4.52,30,44.628978
4.5,26,44.650193
4.28,30,44.670247
2.05,33,44.684988
4.39,30,44.698048
4.48,30,44.712597
4.39,22,44.722152
4.39,22,44.731608
4.48,28,44.745063
2.09,33,44.759965
4.39,22,44.780225
4.5,28,44.79305
4.5,26,44.804749
4.5,26,44.815938
4.39,22,44.826274
2.19,33,44.846426
4.5,26,44.866294
2.01,33,44.889347
4.5,32,44.909151
4.39,24,44.919973
4.39,24,44.935235
4.39,26,44.955942
4.5,26,44.977005
4.39,22,44.99444
4.35,24,45.014922
2.11,33,45.045575
4.39,22,45.057636
4.31,24,45.07174
4.59,32,45.087033
1.48,33,45.0999
4.39,26,45.117134
4.39,26,45.132337
4.39,24,45.149342
4.39,26,45.169125
4.5,28,45.187141
4.41,24,45.204383
2.05,33,45.228298
4.39,24,45.242959
4.52,32,45.261827
2.01,33,45.278321
4.39,28,45.291493
4.39,24,45.302039
4.52,26,45.317578
1.96,33,45.341213
4.61,30,45.361865
4.39,30,45.382567
4.48,28,45.402515
4.52,26,45.424233
2.2,33,45.44072
1.25,33,45.464513
4.39,24,45.48069
4.48,26,45.495619
2.16,33,45.514376
4.5,30,45.528774
4.5,30,45.545846
4.39,24,45.560063
4.5,26,45.578163
4.39,22,45.595057
4.61,30,45.614213
4.5,26,46.682009
4.72,32,46.698724
1.43,33,46.716814
4.39,24,46.733878
4.59,28,46.755199
4.41,28,46.785385
4.7,32,46.813447
4.39,22,46.831289
2.16,33,46.854607
4.48,26,46.874819
4.61,30,46.898427
4.46,26,46.91713
4.39,24,46.933816
4.59,30,46.958624
4.48,28,46.978831
4.59,32,47.002446
4.5,24,47.015551
4.5,30,47.034072
4.39,22,47.050695
4.5,26,47.067502
4.39,22,47.086555
2.01,33,47.112995
4.39,22,47.130346
2.18,33,47.154651
4.5,30,47.193338
4.48,30,47.217852
4.39,22,47.234397
4.39,24,47.251707
4.39,22,47.268139
4.39,24,47.286815
4.39,28,47.310759
4.46,26,47.329798
4.41,24,47.344817
4.46,26,47.362076
1.58,33,47.388484
4.3,24,47.401487
4.5,26,47.422229
1.92,33,47.445803
4.39,22,47.463768
4.5,28,47.483033
4.39,24,47.500213
4.39,22,47.516797
4.39,28,47.538724
4.39,22,47.556227
1.29,33,47.583139
4.48,26,47.603742
4.39,22,47.619481
4.39,24,47.636508
4.5,26,47.656146
4.39,26,47.672879
4.39,24,47.689271
4.39,24,47.702654
4.39,24,47.719692
4.39,22,47.732607
4.59,28,47.752173
4.41,22,47.76603
4.51,28,47.78776
4.39,22,47.804853
4.41,28,47.825369
2.18,33,47.842701
4.41,24,47.855395
4.39,22,47.870568
2.1,33,47.900307
4.41,26,47.913977
4.39,22,47.925855
2.0,33,47.94469
4.41,24,47.958204
4.46,28,47.972439
4.41,30,47.989115
4.37,24,48.001182
4.48,28,48.015553
4.48,28,48.02878
4.39,26,48.041471
4.41,24,48.052552
4.39,24,48.064595
4.48,24,48.076746
4.39,24,48.087164
4.39,22,48.929436
4.39,28,48.940908
4.48,26,48.950986
4.5,26,48.960949
4.48,26,48.971399
4.41,28,48.981664
4.39,26,48.99195
4.63,30,49.003489
4.39,24,49.012786
4.5,30,49.023872
4.48,26,49.033463
4.39,22,49.042017
2.21,33,49.055046
4.39,24,49.064636
4.39,26,49.074433
4.41,30,49.085398
4.48,30,49.09648
2.14,33,49.108581
4.39,24,49.117787
4.46,32,49.129503
4.52,32,49.141363
4.41,26,49.151088
4.39,24,49.168345
4.5,28,49.17911
4.5,30,49.190209
4.5,30,49.200961
4.59,32,49.212817
4.39,24,49.221807
4.39,22,49.229933
4.39,24,49.239181
4.41,26,49.248837
4.39,22,49.257592
4.5,26,49.267918
4.39,22,49.278005
4.41,22,49.28853
1.33,33,49.300442
4.59,28,49.311408
4.5,26,49.321146
4.39,22,49.329464
4.59,30,49.340551
4.3,24,49.349644
4.5,26,49.35921
4.52,28,49.369406
4.39,22,49.377629
4.39,26,49.387513
4.39,22,49.395675
4.39,22,49.403911
4.5,26,49.413437
4.57,30,49.424839
4.39,26,49.434294
4.39,26,49.444124
4.61,32,49.455907
4.52,26,49.465279
4.36,24,49.474252
4.5,28,49.484294
4.5,26,49.493849
4.39,22,49.501913
4.57,32,49.513982
4.5,30,49.525054
4.41,26,49.534844
4.61,32,49.553563
4.3,26,49.563088
4.41,24,49.572179
4.39,24,49.580901
4.37,26,49.590499
4.39,22,49.598712
2.02,33,49.610579
4.5,26,49.620622
4.5,26,49.630107
4.39,22,49.638587
4.5,26,49.648024
4.41,26,49.657788
4.5,28,49.667632
4.39,24,49.676599
4.39,24,49.68544
4.39,26,49.69699
4.39,24,49.706741
2.16,33,50.55072
4.48,28,50.567796
4.46,26,50.579886
4.5,28,50.594621
4.5,28,50.606929
4.39,22,50.617386
4.48,28,50.631719
4.39,22,50.648153
4.39,22,50.658336
4.5,24,50.668182
4.39,22,50.680794
2.07,33,50.694122
4.39,26,50.705071
4.61,30,50.720634
4.39,22,50.731559
4.48,26,50.742477
4.61,32,50.754383
4.39,26,50.763927
4.7,32,50.778688
4.5,24,50.789649
4.61,30,50.800606
4.39,24,50.810219
2.14,33,50.829727
4.52,24,50.838958
4.48,26,50.848415
4.5,26,50.858412
4.41,24,50.867563
4.59,30,50.87896
4.5,26,50.888908
1.45,33,50.900656
4.52,28,50.9114
4.41,28,50.922447
4.39,24,50.931416
4.5,28,50.942293
1.39,33,50.954416
4.39,26,50.964322
4.39,22,50.972612
4.39,24,50.981419
4.41,24,50.990373
4.39,26,50.999745
2.18,33,51.012084
4.46,28,51.022753
4.48,24,51.031341
4.39,22,51.039791
4.39,28,51.050074
2.27,33,51.062164
4.39,22,51.071033
4.39,24,51.079943
4.39,26,51.089787
4.39,22,51.098022
4.39,24,51.106926
4.41,24,51.115739
4.39,22,51.124029
2.18,33,51.135997
2.02,33,51.149069
4.39,26,51.159002
4.59,32,51.170986
4.39,22,51.179152
4.5,28,51.189373
2.11,33,51.205186
4.48,30,51.216421
4.61,30,51.227938
1.63,33,51.240139
4.39,22,51.248696
1.01,33,51.260868
4.39,22,51.269525
4.48,26,51.279567
4.39,22,51.288019
1.46,33,51.299721
1.53,33,51.312548
4.39,30,51.324212
4.39,22,51.332497
4.5,26,51.342099
4.46,26,51.351916
4.49,28,51.362433
4.39,24,51.371757
2.16,33,52.347157
4.39,22,52.369617
4.39,22,52.385949
4.39,28,52.405567
4.39,22,52.417873
4.5,26,52.436026
4.39,24,52.451848
4.46,30,52.471355
4.37,22,52.486332
4.59,30,52.503175
4.48,24,52.520126
4.39,22,52.534878
4.52,28,52.556465
4.39,24,52.571147
4.5,28,52.590667
4.39,22,52.605924
4.39,22,52.620051
4.5,30,52.64242
4.61,32,52.664718
4.36,24,52.680335
4.39,22,52.699259
4.5,28,52.714234
4.39,22,52.725589
4.39,24,52.74353
4.39,24,52.761051
4.39,24,52.781268
4.39,22,52.801354
4.48,28,52.825519
4.41,24,52.843459
4.5,26,52.864769
4.41,24,52.881619
4.48,26,52.902668
4.5,26,52.922728
4.39,24,52.938562
4.5,26,52.958669
4.39,22,52.975362
4.39,22,52.993005
4.5,26,53.00795
4.39,22,53.018861
4.39,26,53.033348
4.5,28,53.046529
4.5,26,53.060887
4.5,26,53.07696
4.39,22,53.093542
4.39,24,53.107492
4.39,24,53.119839
2.2,33,53.138632
4.52,28,53.158593
4.39,22,53.169806
4.39,22,53.182994
4.39,24,53.198158
4.39,24,53.21071
4.39,26,53.223811
4.39,26,53.240847
2.2,33,53.256737
4.59,32,53.274689
4.39,24,53.286576
4.39,22,53.298899
4.39,26,53.313988
4.39,24,53.326732
4.52,30,53.348741
4.39,22,53.362752
4.5,26,53.374763
4.39,26,53.386747
4.39,22,53.397328
2.01,33,53.411358
4.42,28,53.424297
4.57,32,53.437835
4.46,28,53.450714
4.46,30,53.464185
4.5,24,53.476056
4.61,30,53.488814
4.66,32,53.502725
4.39,24,53.513208
4.59,32,53.526238
4.38,26,53.535854
4.5,26,53.545639
4.59,30,53.55828
4.48,28,53.568762
4.41,28,54.42611
4.61,28,54.437353
4.61,30,54.450018
4.55,30,54.463025
4.5,26,54.475075
4.5,28,54.485447
4.39,22,54.495282
2.2,33,54.509708
4.39,24,54.519453
4.39,26,54.530317
4.33,24,54.540277
4.5,26,54.551309
4.46,26,54.561985
4.39,22,54.572102
4.39,22,54.581074
4.39,22,54.592268
4.41,30,54.604264
4.5,26,54.614933
4.5,26,54.634271
4.41,22,54.643926
4.39,22,54.653266
4.52,32,54.667523
4.52,26,54.678574
4.39,24,54.688842
4.39,26,54.699499
4.59,30,54.712904
4.39,24,54.723429
4.5,26,54.734214
4.39,26,54.746285
4.55,32,54.762144
4.39,22,54.772266
4.39,24,54.781966
4.5,30,54.797449
4.46,26,54.80817
4.48,26,54.818753
4.41,24,54.830995
4.39,22,54.842378
4.52,24,54.85275
4.5,30,54.865359
4.39,22,54.877072
4.61,30,54.891471
4.5,28,54.903118
4.61,28,54.916659
4.39,22,54.926836
4.5,26,54.938467
4.46,30,54.951007
4.5,26,54.961864
4.39,22,54.971028
4.48,28,54.983217
4.39,22,54.993217
4.5,28,55.004484
2.07,33,55.018493
4.39,26,55.032776
4.39,22,55.042566
4.5,26,55.053297
4.5,24,55.063271
4.39,24,55.076573
4.5,26,55.096248
4.48,28,55.110186
4.41,22,55.119901
1.54,33,55.1357
4.46,26,55.148377
4.5,30,55.161312
2.08,33,55.176361
4.46,30,55.191009
4.39,22,55.200341
4.39,22,55.211358
4.39,22,55.220834
4.57,30,55.234695
1.49,33,55.250699
4.61,30,55.267497
4.39,22,55.280188
4.5,28,55.294512
4.52,32,55.313667
4.39,24,55.324721
4.39,22,55.335121
4.39,22,55.345675
4.5,32,55.361108
4.52,26,56.185539
4.61,30,56.198482
4.5,24,56.209172
4.39,22,56.217607
1.5,33,56.231661
4.39,22,56.242908
4.46,28,56.254795
4.5,28,56.270791
4.39,26,56.284415
4.5,26,56.296918
4.39,22,56.308085
4.52,30,56.321786
4.39,22,56.334092
4.39,24,56.348949
4.39,22,56.364402
4.39,24,56.378851
4.41,24,56.398143
4.39,22,56.424765
4.39,24,56.445772
4.39,24,56.467233
4.39,24,56.486543
4.5,26,56.506041
4.39,26,56.528197
4.5,26,56.548184
4.39,24,56.566966
4.48,26,56.585634
4.39,22,56.604322
4.5,26,56.62817
4.39,22,56.644569
4.39,22,56.663944
4.39,24,56.683081
4.39,22,56.698009
4.48,26,56.717707
4.39,22,56.735952
4.39,22,56.7531
4.61,28,56.769726
2.05,33,56.791608
4.39,24,56.810122
4.39,24,56.826391
4.39,24,56.841773
4.39,22,56.856718
4.5,26,56.877235
4.39,22,56.894837
4.39,22,56.910885
4.39,26,56.926627
4.39,22,56.94265
4.36,26,56.962163
4.41,28,56.983428
4.5,26,57.005073
4.61,32,57.036999
4.5,28,57.056326
4.39,24,57.076122
4.5,26,57.098601
4.5,26,57.116656
4.46,26,57.136137
4.39,22,57.154325
4.39,22,57.168546
4.5,26,57.192591
4.5,26,57.210194
4.41,22,57.22794
4.39,22,57.244014
4.39,22,57.264556
4.46,28,57.285814
4.39,24,57.305843
4.46,26,57.325295
4.39,22,57.343509
4.5,26,57.364435
4.39,24,57.376646
4.39,26,57.395193
4.55,30,57.419796
2.07,33,57.449997
4.39,22,57.467966
4.39,22,57.480754
4.5,26,57.50045
4.39,24,57.516342
4.46,26,57.531958
4.5,24,57.544033
4.39,24,57.561506
4.39,26,57.578229
4.37,22,57.596616
4.39,26,57.612793
4.46,28,57.633205
4.39,22,58.793397
4.39,22,58.804658
4.39,24,58.814038
4.39,22,58.822508
4.41,22,58.831212
4.39,22,58.839512
4.39,24,58.849315
4.48,26,58.859446
4.52,28,58.87025
4.39,22,58.879035
4.39,22,58.887623
4.39,22,58.896317
4.39,22,58.905408
4.39,22,58.91451
4.39,24,58.924286
4.39,26,58.934565
4.39,24,58.952465
4.39,22,58.962183
4.5,26,58.974137
2.22,33,58.988423
4.39,24,59.001495
4.39,22,59.016245
4.39,24,59.032872
4.5,26,59.051847
4.39,24,59.068
4.39,24,59.084274
4.39,22,59.099667
4.39,22,59.113451
1.56,33,59.140648
4.39,26,59.16028
4.48,28,59.181898
4.5,26,59.200298
4.39,22,59.216397
4.5,26,59.238307
4.5,28,59.258704
4.41,28,59.276267
4.57,32,59.299678
4.39,26,59.316049
4.39,22,59.327286
4.39,22,59.336813
2.18,33,59.350866
4.46,26,59.362792
4.39,24,59.372497
4.48,28,59.386944
4.5,26,59.399265
4.5,28,59.412222
4.5,26,59.42325
4.39,24,59.433544
4.39,24,59.442719
4.39,24,59.455569
4.5,24,59.465709
4.39,24,59.474368
4.52,26,59.484408
4.39,22,59.492891
4.52,28,59.503253
4.46,26,59.516557
4.39,24,59.525938
4.5,24,59.534846
4.39,24,59.544231
4.48,26,59.553629
4.5,26,59.563868
4.48,26,59.573072
4.39,22,59.581577
4.39,22,59.589897
4.39,22,59.598438
4.39,26,59.607838
4.5,24,59.617165
4.39,22,59.625244
4.5,24,59.634619
4.5,26,59.644621
4.39,28,59.654609
4.39,24,59.663737
4.3,24,59.672456
4.5,26,59.682544
4.39,24,59.691688
4.52,28,59.702604
4.41,28,59.71411
4.39,22,59.722673
4.39,22,59.732247
4.39,22,59.741237
4.39,26,59.751843
4.39,22,59.760839
4.39,24,59.770635
4.5,26,60.438704
4.39,24,60.448096
4.39,22,60.457211
4.61,28,60.468593
4.59,30,60.480648
4.61,30,60.491811
4.39,22,60.500958
4.59,30,60.51237
4.39,26,60.522481
4.48,30,60.535027
4.61,30,60.547756
4.59,32,60.559761
4.57,32,60.581148
4.39,26,60.591307
4.48,30,60.604146
4.39,22,60.613539
4.5,26,60.623701
4.39,22,60.6327
4.39,22,60.64121
4.36,26,60.651761
4.39,22,60.660639
4.46,26,60.671367
4.39,24,60.681302
4.41,22,60.689934
2.09,33,60.703181
4.5,24,60.713331
4.39,22,60.722871
4.39,22,60.732171
4.39,24,60.741626
4.39,22,60.750572
4.39,22,60.759319
4.48,30,60.771654
4.39,22,60.781019
4.39,22,60.789583
4.39,24,60.802295
4.5,30,60.814789
4.5,28,60.826085
4.5,26,60.836737
4.39,24,60.846487
4.57,30,60.862923
4.41,22,60.872178
4.39,26,60.884332
4.39,22,60.899818
4.5,28,60.918351
4.41,32,60.935269
4.39,24,60.947245
4.5,28,60.966348
4.39,22,60.980762
4.39,24,60.996015
4.39,22,61.011939
4.39,22,61.027701
4.39,22,61.045204
4.39,22,61.069138
4.5,28,61.084093
4.39,22,61.096267
4.46,26,61.112605
4.39,22,61.124804
4.61,32,61.142778
4.52,26,61.168369
4.39,22,61.185323
4.39,22,61.198371
4.39,22,61.209414
4.39,22,61.225371
4.5,28,61.245139
4.5,26,61.264343
4.39,22,61.280726
4.46,26,61.297408
4.5,26,61.317136
4.59,32,61.339475
4.39,28,61.356274
4.39,24,61.367943
4.5,28,61.379726
4.61,30,61.391958
4.39,22,61.401887
4.39,22,61.412184
4.39,22,61.423412
4.52,32,61.435997
4.5,26,61.446189
4.39,22,61.454497
4.46,26,61.464176
4.39,24,62.386776
4.5,26,62.402481
4.5,24,62.416279
4.39,22,62.428604
4.39,24,62.445034
4.55,32,62.479423
4.39,22,62.499071
4.61,30,62.522637
4.41,24,62.538597
4.39,22,62.554793
4.39,22,62.568543
4.39,22,62.587215
4.39,22,62.612019
4.39,24,62.627941
4.39,22,62.646033
4.39,24,62.658875
4.39,22,62.673775
4.39,22,62.688244
2.22,33,62.703819
4.39,22,62.716511
4.5,26,62.729759
4.5,28,62.743094
4.39,22,62.755727
4.39,22,62.767423
4.39,22,62.777258
4.5,26,62.791994
4.61,28,62.807613
4.39,22,62.81896
4.57,30,62.834806
4.5,28,62.849469
4.52,26,62.862894
4.39,24,62.875766
4.39,22,62.896171
4.5,28,62.918101
4.39,22,62.935381
4.39,22,62.955198
4.39,22,62.974068
4.39,22,62.991717
4.47,24,63.008088
4.39,22,63.024774
4.5,26,63.044067
4.39,22,63.058403
4.5,26,63.071072
4.5,28,63.087837
4.5,26,63.099634
4.39,22,63.108938
4.41,26,63.121511
4.39,22,63.131249
4.39,22,63.140396
4.39,22,63.153515
4.39,22,63.168187
4.39,22,63.182183
4.5,26,63.199176
4.39,22,63.220268
4.39,22,63.235264
4.39,24,63.251635
4.5,26,63.27031
4.39,24,63.289197
4.5,26,63.307409
4.39,22,63.323308
4.61,28,63.341823
4.39,22,63.357216
4.5,26,63.369781
4.39,22,63.381259
4.41,22,63.395484
4.5,26,63.408596
4.41,22,63.421203
4.5,24,63.43557
4.39,22,63.447979
4.39,22,63.458559
4.35,24,63.474638
2.16,33,63.499601
4.39,22,63.512894
4.61,30,63.532234
4.39,22,63.543853
4.39,24,63.561977
4.39,24,63.581817
4.39,24,63.598777
4.39,22,63.618643
4.39,24,63.635506
4.39,22,63.652276
4.39,22,63.668572
4.39,24,63.688427
4.39,22,63.703981
4.39,22,63.722912
4.61,30,64.989669
4.39,24,65.003274
4.39,22,65.018779
4.5,28,65.040476
4.39,22,65.061865
4.39,22,65.081156
4.5,26,65.099277
4.39,22,65.116578
4.39,22,65.12872
4.5,26,65.145628
4.5,26,65.170624
4.5,28,65.187809
4.39,22,65.201945
4.39,22,65.221604
4.53,30,65.242806
4.39,24,65.257344
4.48,28,65.275882
4.39,24,65.290879
4.39,22,65.305961
4.39,22,65.321656
4.39,22,65.33635
4.5,26,65.35686
4.39,22,65.372968
4.39,24,65.384158
4.39,24,65.397147
4.5,28,65.413671
4.39,24,65.424987
4.57,30,65.442855
4.39,22,65.458393
4.39,24,65.471751
4.39,22,65.482935
4.39,22,65.495491
4.39,22,65.507037
4.39,22,65.516355
4.39,22,65.530588
4.39,22,65.54247
4.39,22,65.557352
4.5,26,65.57234
4.39,22,65.582536
4.39,22,65.594791
4.5,26,65.607355
4.5,24,65.620155
4.39,22,65.631987
4.39,22,65.646861
4.39,22,65.662671
4.39,22,65.676594
4.39,22,65.686604
4.39,24,65.701581
4.39,22,65.716173
4.39,24,65.732149
4.39,22,65.746096
4.41,22,65.760742
4.39,24,65.783376
4.39,24,65.797384
4.39,22,65.81084
4.39,22,65.826611
4.39,22,65.838506
4.3,26,65.854835
4.39,22,65.865363
4.39,22,65.881562
4.48,26,65.898551
4.39,22,65.910491
4.63,30,65.929156
4.39,22,65.941823
4.39,22,65.954723
4.39,22,65.966219
4.5,26,65.982232
4.39,22,65.992885
4.5,28,66.009735
4.39,22,66.023521
4.39,24,66.039258
4.39,22,66.053806
4.39,22,66.069306
4.39,22,66.084023
4.39,22,66.099418
4.39,22,66.113673
4.59,30,66.132566
4.39,22,66.147466
4.39,22,66.165114
4.5,24,66.1814
4.5,26,66.199696
4.39,22,66.216452
4.39,22,66.230372
4.48,28,66.24841
4.39,22,66.26405
4.39,22,66.278802
4.48,26,66.295846
4.39,22,67.48159
4.39,22,67.496459
4.39,22,67.509049
4.39,22,67.520254
4.39,22,67.533408
4.39,24,67.545745
4.5,28,67.562656
4.39,22,67.57519
4.5,26,67.59399
4.39,22,67.606286
4.5,28,67.622482
4.39,22,67.631565
4.39,22,67.643152
2.22,33,67.660841
4.39,22,67.672836
4.39,22,67.682631
4.5,24,67.694848
4.39,22,67.705603
4.39,22,67.714183
4.39,24,67.726218
4.5,28,67.73929
4.39,22,67.748576
4.39,22,67.758641
4.39,22,67.768197
4.39,22,67.77864
4.39,24,67.789703
4.39,22,67.800902
4.39,22,67.811947
4.39,22,67.822885
4.39,22,67.832037
4.5,24,67.843288
4.39,22,67.854296
4.61,30,67.868022
4.39,22,67.877045
4.5,26,67.890071
4.5,28,67.902557
4.39,22,67.911517
4.39,24,67.92186
4.5,26,67.932236
4.39,22,67.942778
4.39,22,67.952915
4.39,22,67.962828
4.5,26,67.975715
4.39,24,67.987772
4.39,22,67.996202
4.39,22,68.007375
4.61,30,68.022132
4.39,22,68.032565
4.39,22,68.042099
4.39,24,68.05153
4.5,28,68.068798
4.39,22,68.077619
4.39,22,68.08787
4.5,26,68.097545
4.39,22,68.108365
4.39,22,68.11711
4.39,22,68.126388
4.39,22,68.137502
4.39,22,68.14678
4.39,22,68.157664
4.39,22,68.166643
4.39,22,68.177586
4.39,22,68.188307
4.5,26,68.198663
4.39,22,68.208641
4.39,22,68.217749
4.39,24,68.228261
4.39,24,68.239812
4.39,22,68.248677
4.39,22,68.258994
4.39,22,68.268729
4.39,22,68.27752
4.61,30,68.292548
4.39,22,68.302188
4.61,30,68.31357
4.5,26,68.323953
4.39,24,68.334514
4.5,26,68.348102
4.48,26,68.360261
4.39,24,68.371315
4.39,22,68.380666
4.46,28,68.393334
4.39,22,68.403312
4.39,24,68.413013
4.39,22,68.424299
4.39,22,68.433891
4.46,26,69.534908
4.33,24,69.547279
4.39,24,69.558259
4.39,22,69.566998
4.39,22,69.576412
4.39,22,69.588736
4.39,22,69.602187
4.39,22,69.615554
4.39,22,69.626835
4.39,22,69.636275
4.5,26,69.648251
4.5,26,69.664355
4.5,26,69.680316
4.39,22,69.69306
4.5,24,69.707372
4.39,22,69.720608
2.18,33,69.737936
4.39,22,69.751278
4.39,22,69.767717
4.39,22,69.783406
4.39,24,69.797701
4.5,26,69.813542
4.39,22,69.827079
4.39,22,69.839116
4.39,22,69.851643
4.39,22,69.863315
4.39,22,69.876395
4.39,22,69.887605
4.39,22,69.900545
4.39,22,69.911535
4.39,22,69.923691
4.5,24,69.936758
4.39,22,69.946733
4.5,26,69.962148
4.39,22,69.973849
4.39,22,69.987235
4.39,22,69.999338
2.18,33,70.024365
4.39,22,70.044916
4.39,22,70.062033
4.39,22,70.079376
4.39,22,70.098034
1.46,33,70.123182
4.39,22,70.140744
4.39,22,70.158804
4.5,26,70.181307
4.39,22,70.202901
4.5,24,70.22317
4.39,22,70.234946
4.39,22,70.251646
4.39,22,70.264182
4.39,22,70.276224
4.52,26,70.288613
4.39,22,70.298948
4.61,28,70.310735
4.39,22,70.323126
4.39,22,70.334288
4.39,22,70.343683
4.39,22,70.357334
4.39,22,70.36722
4.39,22,70.376268
4.59,30,70.392412
4.39,22,70.403296
4.5,24,70.417871
4.39,22,70.426671
4.39,24,70.437515
4.39,22,70.447697
4.61,28,70.460099
4.48,26,70.471812
4.39,22,70.481349
4.39,22,70.493013
4.5,28,70.505961
4.39,22,70.517176
4.5,28,70.532659
4.39,22,70.542941
4.39,22,70.5535
4.39,22,70.56259
4.5,26,70.574025
4.39,24,70.585474
4.39,22,70.594591
4.39,22,70.604042
4.39,22,70.613567
4.39,22,70.623236
4.39,22,70.632626
4.39,22,70.641302
4.5,26,70.658098
4.39,24,70.670019
4.39,22,70.67944
4.5,26,71.555844
4.39,22,71.565454
4.39,24,71.575
4.39,22,71.590533
4.39,22,71.604665
4.39,22,71.617299
4.39,22,71.626792
4.5,26,71.637842
4.5,26,71.647862
4.39,22,71.65708
4.5,26,71.667178
4.39,22,71.675642
4.39,22,71.685714
4.39,22,71.694447
4.39,22,71.703664
4.5,24,71.71245
4.61,30,71.725534
4.39,22,71.734728
4.61,32,71.746323
4.39,22,71.757049
4.39,22,71.766124
4.39,22,71.774617
4.39,22,71.78356
4.39,24,71.793544
4.39,22,71.803207
4.39,26,71.813323
4.5,26,71.824853
4.39,22,71.833676
4.39,22,71.8422
4.39,22,71.852743
4.39,22,71.861976
4.5,26,71.871989
4.39,22,71.880815
4.46,26,71.892633
4.39,22,71.901802
4.39,24,71.9105
4.39,24,71.920668
4.48,26,71.930741
4.39,22,71.939193
4.39,22,71.947882
4.39,24,71.957713
4.39,22,71.966343
4.5,26,71.977474
4.39,22,71.988532
4.61,28,72.003229
4.39,22,72.019113
4.39,22,72.032984
4.39,22,72.046626
4.48,26,72.060904
4.39,24,72.072456
4.39,22,72.082204
4.39,22,72.092787
4.46,26,72.104439
4.39,22,72.114326
4.39,22,72.125265
4.5,26,72.136437
4.39,22,72.145894
4.5,26,72.157579
4.39,22,72.16722
4.39,22,72.176379
4.39,22,72.187874
4.53,30,72.203771
4.39,22,72.213627
4.39,22,72.225176
4.39,22,72.234502
4.5,26,72.245165
4.39,22,72.257949
4.39,22,72.268131
4.39,22,72.277107
2.22,33,72.292881
4.5,24,72.306953
4.39,22,72.318502
4.39,22,72.329089
4.5,26,72.340061
4.39,22,72.349191
4.57,30,72.362722
4.39,22,72.371949
4.5,26,72.382942
4.39,22,72.392956
4.39,22,72.402901
4.5,24,72.412667
4.39,22,72.423211
4.39,22,72.432919
4.39,22,72.442146
4.39,22,72.452733
4.39,22,72.462464
4.5,26,73.235983
4.39,22,73.244902
4.5,26,73.260928
4.39,22,73.272445
4.39,22,73.283157
4.39,22,73.292979
4.39,22,73.301623
4.39,22,73.309856
4.5,26,73.321378
4.5,26,73.331903
4.39,22,73.340476
4.39,24,73.351133
4.39,22,73.360107
4.5,26,73.370441
2.18,33,73.38284
4.39,22,73.395007
4.39,22,73.406122
4.39,22,73.416065
4.39,22,73.425691
4.39,22,73.434992
4.39,22,73.443722
4.39,22,73.453582
4.39,24,73.463096
4.39,22,73.472159
4.39,24,73.481442
4.39,22,73.491797
4.39,24,73.501896
4.39,22,73.511204
4.5,28,73.525948
4.39,24,73.535454
4.5,24,73.544728
4.39,22,73.554743
4.39,22,73.564069
4.5,28,73.574699
4.39,22,73.583253
4.39,24,73.593526
4.39,22,73.602404
4.39,22,73.610657
4.39,22,73.621577
4.39,22,73.630111
4.41,22,73.638759
4.5,26,73.649135
4.39,22,73.658976
4.39,22,73.667684
4.39,22,73.676815
4.39,24,73.692307
4.39,22,73.704377
4.39,22,73.713822
4.39,22,73.724278
4.39,22,73.733193
4.39,22,73.741685
4.61,30,73.755501
4.61,28,73.766225
4.39,22,73.77513
4.39,22,73.783936
4.39,22,73.794188
4.39,22,73.802927
4.39,22,73.811282
4.39,22,73.822675
4.5,24,73.832301
4.39,22,73.840735
4.39,22,73.84989
4.39,22,73.859376
4.5,24,73.868952
4.46,26,73.878593
4.39,22,73.890075
4.61,30,73.902179
4.39,22,73.911019
4.39,22,73.922343
2.22,33,73.935236
4.39,22,73.945916
4.39,22,73.956947
4.39,24,73.967994
4.39,22,73.976849
4.39,22,73.986882
4.61,32,73.998778
4.5,24,74.009055
4.5,26,74.022415
4.39,22,74.03168
4.57,30,74.043841
4.5,26,74.055259
4.39,24,74.064494
4.39,24,74.074184
4.39,26,74.08563
4.39,24,74.095187
4.5,26,74.105406
4.39,22,74.117382
4.39,22,74.87519
4.5,24,74.88696
4.39,22,74.895877
4.39,22,74.904977
4.39,22,74.913928
4.39,24,74.924636
4.39,22,74.932847
4.39,22,74.942025
4.5,28,74.95616
4.57,28,74.967369
4.39,22,74.97577
4.39,22,74.98452
4.39,22,74.993829
4.39,22,75.005078
4.39,22,75.015458
4.5,26,75.028259
4.5,24,75.038266
4.39,22,75.047239
4.5,26,75.058371
4.46,26,75.068144
4.39,22,75.077632
4.39,22,75.087182
4.5,26,75.098655
4.39,22,75.109676
4.5,24,75.121362
4.39,22,75.131999
4.39,22,75.141598
4.39,22,75.150161
4.5,24,75.160331
4.5,24,75.17016
4.39,22,75.178637
4.39,22,75.189261
4.39,22,75.197627
4.39,22,75.206467
4.5,28,75.217124
4.39,22,75.228915
4.39,22,75.239829
4.39,22,75.250103
4.5,26,75.261861
4.41,26,75.272747
4.39,22,75.281282
4.39,22,75.292373
4.5,26,75.307498
4.39,24,75.322339
4.46,26,75.333083
4.5,28,75.345182
4.39,22,75.358412
4.5,26,75.368025
4.39,22,75.376517
4.39,22,75.387917
4.39,22,75.400254
4.46,26,75.411834
4.46,26,75.42544
4.39,22,75.436484
4.39,22,75.445895
4.39,22,75.457443
4.5,26,75.468206
4.57,28,75.480186
4.39,22,75.490907
4.39,22,75.500278
4.39,22,75.510444
4.39,22,75.523918
4.39,22,75.533023
4.5,24,75.542414
4.39,22,75.552071
4.5,24,75.562337
4.39,22,75.57092
4.39,22,75.579146
4.39,22,75.589602
4.46,26,75.599126
4.39,22,75.607737
4.5,24,75.618128
4.39,22,75.627775
4.39,22,75.636662
4.39,22,75.64569
4.39,22,75.655467
4.5,24,75.664748
4.48,26,75.67499
4.41,30,75.686805
4.46,26,75.700119
4.39,22,75.710167
4.39,22,75.721221
4.5,26,75.73098
4.39,22,75.740091
4.39,24,75.7583
4.39,22,75.771241
4.5,26,75.782956
4.39,22,76.559333
4.39,22,76.570613
4.39,24,76.580684
4.39,22,76.591509
4.5,24,76.601594
4.39,22,76.61103
4.5,24,76.621992
4.39,26,76.632619
4.39,22,76.641952
4.39,24,76.652534
4.39,22,76.662836
4.48,28,76.674856
4.5,24,76.685606
4.39,22,76.695817
4.46,26,76.70657
4.39,22,76.715687
4.39,22,76.726279
4.39,22,76.735833
4.5,26,76.746697
4.39,22,76.757255
4.5,24,76.767037
4.39,22,76.777261
4.39,22,76.786483
4.46,26,76.798172
4.39,22,76.807
4.39,24,76.816673
4.5,24,76.827365
2.22,33,76.841666
4.39,22,76.856781
4.39,22,76.86881
4.39,22,76.879021
4.39,22,76.891266
4.39,22,76.901312
4.46,26,76.911967
4.5,26,76.924851
4.39,22,76.934471
4.39,22,76.944201
4.66,32,76.959617
4.61,28,76.973025
4.39,22,76.98877
4.39,22,77.000358
4.39,24,77.014844
2.1,33,77.033103
4.46,26,77.047755
4.39,24,77.060623
4.39,22,77.070397
4.39,22,77.080578
4.39,22,77.092671
4.39,22,77.102106
4.35,24,77.11185
4.39,22,77.12122
4.39,22,77.131022
4.5,24,77.141963
2.1,33,77.156788
4.5,26,77.170545
4.39,24,77.183136
4.39,22,77.194246
4.46,26,77.205316
4.39,22,77.214275
4.39,22,77.225111
4.39,22,77.235042
4.5,24,77.245105
4.39,22,77.255813
4.39,22,77.264892
4.39,22,77.274099
4.39,22,77.283142
4.39,22,77.294096
4.39,22,77.305019
4.39,22,77.316172
4.39,22,77.328863
4.48,26,77.341433
4.5,26,77.35208
4.5,24,77.364863
4.39,22,77.378167
4.39,22,77.389094
4.39,22,77.400379
4.39,22,77.411413
4.39,22,77.423195
4.39,22,77.432396
4.39,22,77.442428
4.39,22,77.45144
4.39,22,77.461321
4.39,22,77.474225
4.39,22,77.486142
4.39,22,77.499094
4.39,24,77.51211
4.39,22,77.525577
4.39,22,78.279193
4.48,26,78.291371
4.39,22,78.302497
4.39,22,78.311765
4.39,22,78.321564
4.39,22,78.330769
4.39,22,78.339259
4.5,24,78.348984
4.39,24,78.359656
4.39,22,78.367662
4.39,22,78.377235
4.39,22,78.387047
4.39,22,78.396402
4.39,22,78.405438
4.5,26,78.416278
4.39,22,78.426869
4.39,22,78.435644
4.39,22,78.443947
4.39,22,78.453654
4.39,22,78.463602
4.39,22,78.472447
4.39,22,78.481611
4.39,22,78.491229
4.39,22,78.500896
4.39,22,78.51064
4.39,22,78.522683
4.39,22,78.532083
4.39,22,78.54208
4.39,22,78.551972
4.5,26,78.562827
4.39,22,78.57232
4.39,22,78.581197
4.39,24,78.591504
4.39,22,78.599805
4.39,22,78.608946
4.39,22,78.617846
4.5,26,78.628451
4.39,22,78.637608
4.59,28,78.648467
4.5,24,78.66219
4.5,26,78.676148
4.39,22,78.689668
4.39,24,78.700904
4.39,22,78.710392
4.39,22,78.7192
4.61,28,78.730364
4.39,24,78.740056
4.39,22,78.748837
4.39,24,78.759492
4.39,22,78.768232
4.39,22,78.777282
4.39,24,78.788117
4.39,22,78.797115
4.39,26,78.807736
4.39,22,78.816602
4.39,24,78.826903
4.39,22,78.835567
4.39,22,78.843978
4.39,22,78.852668
4.39,22,78.862365
4.39,22,78.871727
4.48,26,78.881996
4.39,24,78.892021
4.39,22,78.900159
4.5,24,78.909568
4.39,24,78.920307
4.46,26,78.931095
4.39,22,78.939707
4.39,22,78.94842
4.39,22,78.958213
4.39,22,78.966605
4.39,24,78.97664
4.39,22,78.98534
4.5,24,78.99585
4.5,24,79.004742
4.39,22,79.016573
4.39,22,79.026848
4.39,22,79.036413
4.39,22,79.045353
4.5,26,79.056774
4.39,22,79.065007
4.39,22,79.074398
4.39,24,79.084053
4.39,22,79.098907
4.39,24,79.1109
4.39,22,79.12131
4.46,26,79.133101
4.39,22,79.141955
4.39,22,79.153193
4.39,22,79.162972
4.5,24,79.912019
4.39,22,79.921406
4.5,24,79.932058
4.39,22,79.941564
4.39,22,79.951513
4.5,26,79.963174
4.46,26,79.974119
4.57,28,79.985367
4.39,22,79.996423
4.39,22,80.006768
4.39,22,80.017066
4.5,24,80.031088
4.39,22,80.041293
4.5,28,80.054236
4.39,22,80.063989
4.39,22,80.073852
4.39,22,80.082695
4.5,26,80.094936
4.5,24,80.104711
4.5,24,80.116194
4.39,22,80.126828
4.46,24,80.136727
4.39,22,80.146147
4.39,22,80.156294
4.5,24,80.166408
4.41,24,80.176748
4.39,22,80.185843
4.39,22,80.196151
4.39,22,80.205681
4.5,24,80.216725
4.5,24,80.230572
4.5,24,80.241814
4.5,26,80.254401
4.5,24,80.265379
4.39,22,80.275294
4.39,26,80.291694
4.48,26,80.30231
4.39,24,80.316664
4.39,22,80.329235
4.39,22,80.338815
4.39,22,80.348398
4.39,22,80.358455
4.39,24,80.367822
4.5,26,80.379188
4.39,24,80.389848
4.39,22,80.398965
4.39,22,80.408203
4.39,22,80.417938
4.39,22,80.427507
4.5,24,80.437917
4.39,22,80.448355
4.39,22,80.457728
4.39,22,80.466386
4.39,22,80.47502
4.5,24,80.485623
4.5,24,80.496363
4.5,26,80.506367
4.39,22,80.518827
4.39,22,80.528456
4.39,22,80.537157
4.39,22,80.54586
4.39,22,80.555055
4.39,22,80.56455
4.39,22,80.573757
2.11,33,80.58668
4.39,22,80.597811
4.39,22,80.60895
4.5,24,80.620064
4.39,22,80.62987
4.39,22,80.638621
4.5,26,80.648827
4.5,26,80.659542
4.39,22,80.668494
4.5,26,80.678957
4.46,26,80.688739
4.39,22,80.698171
4.39,22,80.706547
4.5,24,80.716415
4.41,22,80.729426
4.39,22,80.740606
4.39,22,80.752189
4.39,22,80.762124
4.41,22,80.773139
4.39,22,80.783172
4.39,22,80.792388
4.48,24,80.801183
4.39,22,80.809865
4.39,22,81.561512
4.39,22,81.571978
4.5,24,81.582798
4.5,24,81.593077
4.39,22,81.601378
4.39,22,81.610445
4.39,22,81.619305
4.5,24,81.62957
4.39,22,81.638478
4.39,22,81.647387
4.5,24,81.657129
4.5,26,81.669045
4.39,22,81.678237
4.39,22,81.687329
4.39,22,81.697409
4.39,22,81.70725
4.39,22,81.716981
4.5,24,81.727279
4.39,22,81.735856
4.39,22,81.744803
4.39,22,81.753644
4.5,26,81.764848
4.39,22,81.774066
4.39,22,81.782751
4.5,26,81.793487
4.39,22,81.801966
4.39,22,81.810679
4.39,22,81.819726
4.5,24,81.83004
4.39,24,81.839195
4.39,22,81.848002
4.39,24,81.857877
4.39,22,81.866253
4.39,22,81.875345
4.39,22,81.884518
4.5,24,81.898429
4.5,24,81.910424
4.39,22,81.921223
4.39,22,81.93141
4.5,24,81.942117
4.39,22,81.951426
4.5,24,81.961447
4.39,22,81.969667
4.39,24,81.97946
4.5,24,81.989164
4.39,22,81.998623
4.5,24,82.008204
4.39,22,82.019726
4.37,28,82.031392
4.39,22,82.040206
4.39,22,82.049315
4.5,24,82.059403
4.39,22,82.067436
4.5,26,82.077599
4.46,26,82.088021
4.39,22,82.097673
4.5,24,82.107661
4.39,24,82.116961
4.5,28,82.128657
4.5,24,82.138278
4.39,22,82.147994
4.39,22,82.156364
4.5,24,82.169241
4.39,22,82.177821
4.41,22,82.187451
4.36,22,82.198
4.5,24,82.210015
4.39,22,82.219396
4.5,24,82.229836
4.57,28,82.242061
4.39,22,82.252581
4.39,22,82.262576
4.5,24,82.273936
4.39,22,82.283393
4.5,24,82.293799
4.39,22,82.30281
4.39,22,82.312077
4.5,26,82.323829
4.5,24,82.339902
4.5,24,82.354054
4.5,24,82.365582
4.39,22,82.376032
4.39,22,82.38638
4.39,22,82.396626
4.5,24,82.406497
4.5,24,82.417042
4.39,24,82.427727
4.39,22,82.436695
4.39,22,82.449472
4.39,22,83.224511
4.5,26,83.235753
4.48,26,83.247042
4.39,22,83.256551
4.39,22,83.266914
4.5,24,83.277005
4.39,22,83.286227
4.5,24,83.297314
4.39,22,83.307538
4.5,24,83.317626
4.5,24,83.328804
4.39,22,83.338128
4.5,26,83.349136
4.39,22,83.358786
4.39,22,83.367708
4.39,22,83.377601
4.39,22,83.387111
4.48,26,83.398856
4.5,24,83.40915
4.39,22,83.419421
4.46,26,83.430773
4.39,22,83.440728
4.39,22,83.450812
4.39,22,83.460811
4.5,24,83.470671
4.46,26,83.481785
4.61,30,83.495482
4.5,24,83.506044
4.39,22,83.518089
4.5,24,83.530023
4.39,22,83.539276
4.39,22,83.550683
4.39,22,83.574969
4.39,22,83.587438
4.39,22,83.596952
4.39,22,83.605857
4.5,24,83.616074
4.5,24,83.626073
4.5,24,83.635491
4.5,26,83.646119
4.59,28,83.656952
2.18,33,83.67066
4.5,26,83.683715
4.48,26,83.696398
4.48,26,83.707337
4.39,22,83.716146
4.39,22,83.726877
4.39,22,83.735875
4.39,22,83.744457
1.18,33,83.757871
4.5,26,83.773204
4.39,22,83.782227
4.61,28,83.795592
4.39,22,83.805408
4.39,24,83.815996
4.39,22,83.82518
4.39,22,83.83444
4.48,26,83.844561
4.5,24,83.854356
4.5,24,83.864467
1.2,33,83.876739
4.39,22,83.887571
4.5,26,83.899331
4.48,24,83.911071
4.39,22,83.92218
4.5,24,83.932716
4.39,24,83.942701
4.5,26,83.953254
4.39,24,83.963463
4.5,24,83.972866
4.61,28,83.984689
4.5,24,83.995131
4.59,28,84.010291
4.39,22,84.023451
4.5,24,84.03381
4.39,22,84.044874
4.5,24,84.055136
4.48,26,84.066427
4.5,24,84.075939
4.48,24,84.085401
4.39,22,84.095167
4.48,26,84.105083
4.59,30,84.1177
4.48,26,84.129072
4.5,26,84.894611
4.5,24,84.904148
4.48,28,84.916257
4.39,22,84.926019
4.5,26,84.935881
4.39,22,84.94482
4.61,28,84.955797
4.5,24,84.965875
4.39,22,84.975117
4.5,24,84.985011
4.5,24,84.995457
4.39,22,85.003815
4.5,24,85.015523
4.5,24,85.02702
4.39,22,85.037071
4.5,24,85.047253
4.48,26,85.057396
4.39,22,85.0672
4.39,22,85.07588
4.57,30,85.087459
4.39,22,85.097386
4.39,22,85.106002
4.5,24,85.117841
4.46,26,85.128622
4.48,26,85.138647
4.39,22,85.149071
4.39,22,85.15765
4.39,22,85.167278
4.5,24,85.176821
4.66,32,85.193252
4.39,22,85.206549
4.39,22,85.216885
4.39,22,85.226529
4.39,22,85.235341
4.39,22,85.244761
4.5,24,85.255831
4.39,22,85.265576
2.16,33,85.278245
4.48,24,85.290686
4.48,26,85.304856
4.5,24,85.317631
4.39,22,85.327663
4.39,22,85.336298
4.48,26,85.346628
4.48,26,85.356475
4.39,22,85.365968
4.39,22,85.374529
4.5,24,85.385914
4.39,22,85.395462
4.39,22,85.403776
4.39,22,85.41378
4.5,24,85.423224
4.5,24,85.433502
4.5,26,85.443388
4.5,26,85.453461
4.39,22,85.463109
4.5,28,85.474734
4.5,24,85.485441
4.39,22,85.49548
4.37,26,85.505204
4.5,26,85.517979
4.39,22,85.527648
4.55,32,85.540562
4.39,22,85.553056
4.48,26,85.563973
4.5,24,85.574771
4.39,22,85.584462
4.48,26,85.595989
4.39,22,85.60602
4.39,22,85.617942
4.39,22,85.628357
2.14,33,85.648868
4.55,28,85.665368
4.5,24,85.677907
4.39,22,85.690613
4.5,24,85.703728
4.5,24,85.714712
4.5,26,85.727911
4.5,24,85.739241
4.5,24,85.751413
4.39,22,85.761474
4.39,22,85.771455
4.39,22,85.782299
4.5,24,85.792145
4.36,22,85.803055
4.39,22,86.577805
4.48,26,86.589611
4.5,24,86.600257
4.39,22,86.609833
4.39,22,86.618715
4.48,26,86.629484
4.5,24,86.638495
4.39,22,86.648169
4.5,24,86.657723
4.5,26,86.668959
4.46,26,86.679523
4.39,22,86.688234
4.39,22,86.697978
4.39,22,86.706119
4.5,24,86.71699
4.39,22,86.725984
4.48,28,86.737765
4.59,28,86.748928
4.39,22,86.757335
4.5,24,86.767698
4.5,26,86.780293
4.5,24,86.789523
4.5,24,86.800003
4.39,22,86.808277
4.39,24,86.818351
4.39,22,86.827897
4.39,22,86.836918
4.39,22,86.845679
4.48,26,86.862406
4.39,22,86.872722
4.5,24,86.883569
4.5,24,86.894583
4.5,24,86.904154
4.39,22,86.913992
4.48,26,86.923557
4.39,22,86.933169
4.39,22,86.941703
4.36,22,86.951193
4.39,22,86.959614
4.39,22,86.969069
4.39,22,86.97794
4.39,22,86.986978
4.5,24,86.996991
4.39,22,87.005653
4.39,22,87.016868
4.5,24,87.026494
4.39,22,87.036577
4.55,30,87.049546
4.39,22,87.058551
4.39,22,87.068112
4.39,22,87.076486
4.39,24,87.086852
4.39,22,87.096549
4.39,22,87.104862
4.39,24,87.116058
4.39,22,87.125096
4.39,22,87.135409
4.39,22,87.144407
4.48,28,87.156688
4.5,24,87.167684
4.5,28,87.178694
4.5,24,87.188038
4.39,22,87.197753
4.39,22,87.205824
4.39,22,87.215533
4.39,22,87.223946
4.39,22,87.233646
4.39,22,87.241929
4.48,26,87.253102
4.39,22,87.262657
4.39,22,87.271353
4.5,24,87.287566
4.39,22,87.2995
4.5,24,87.309377
4.39,22,87.32035
4.5,24,87.331489
4.39,22,87.339751
4.39,22,87.349951
4.57,28,87.360824
4.39,22,87.369904
4.39,22,87.379792
4.48,26,87.390213
4.39,22,87.39967
4.5,26,87.409478
4.36,22,87.418896
4.39,22,87.428066
4.5,26,87.43801
4.39,22,87.447458
4.61,28,88.249609
4.5,24,88.259828
4.5,24,88.271473
4.5,24,88.283523
4.5,24,88.294692
4.5,24,88.305275
4.5,24,88.317155
4.39,22,88.326632
4.39,22,88.33721
4.5,26,88.348691
4.5,24,88.358465
4.5,26,88.370232
4.5,24,88.381552
4.5,24,88.391794
4.39,22,88.402833
4.39,22,88.413442
4.5,26,88.42471
4.39,22,88.435439
4.59,30,88.449073
4.5,26,88.461971
4.55,30,88.47355
4.5,24,88.483551
4.39,22,88.491873
4.5,24,88.502186
4.5,24,88.52394
4.39,22,88.536151
4.5,26,88.546763
4.5,24,88.557224
4.5,24,88.568022
4.5,24,88.577738
4.5,24,88.587285
4.5,26,88.598287
4.61,30,88.610204
4.39,22,88.619524
4.5,24,88.630118
4.39,22,88.638559
4.5,24,88.649076
4.39,22,88.657417
4.5,24,88.667564
4.5,24,88.677148
4.5,26,88.688155
4.39,22,88.697778
4.5,26,88.707833
4.39,22,88.716727
4.39,22,88.725089
4.61,30,88.737922
4.39,22,88.746505
4.5,26,88.756685
4.5,24,88.767014
4.5,26,88.777149
4.5,24,88.786767
4.5,24,88.79722
4.39,22,88.80558
4.5,24,88.815149
4.39,22,88.823483
4.39,22,88.833156
4.5,26,88.843148
4.5,26,88.854781
4.5,24,88.864833
4.61,30,88.875897
4.5,24,88.88649
4.39,22,88.895749
4.61,30,88.907287
4.39,22,88.91647
4.39,24,88.925651
4.39,22,88.935091
4.5,24,88.955849
2.22,33,88.97121
4.39,22,88.982288
4.5,24,88.99312
4.7,32,89.0069
4.5,26,89.021531
4.5,24,89.031787
4.61,28,89.042808
1.44,33,89.056382
4.39,22,89.068127
4.39,22,89.085471
4.5,24,89.101537
4.61,28,89.118694
4.5,24,89.133016
4.5,26,89.146119
4.61,30,89.163718
4.5,26,89.173564
4.5,24,89.916126
4.61,28,89.927118
4.39,22,89.93709
4.5,24,89.946936
4.39,22,89.955303
4.5,24,89.965336
4.61,30,89.976517
4.5,24,89.987277
4.5,24,89.997636
4.5,24,90.006768
4.39,22,90.019667
4.61,28,90.032173
4.46,24,90.041897
4.5,24,90.052233
4.61,28,90.06353
4.5,24,90.072757
4.39,22,90.081882
4.5,24,90.091107
4.5,24,90.101583
4.5,28,90.113886
4.39,22,90.12223
4.5,24,90.132202
4.57,28,90.147818
4.39,24,90.161491
4.5,24,90.172848
4.5,24,90.183775
4.5,24,90.192973
4.39,22,90.202339
4.39,22,90.211121
4.39,22,90.220779
4.59,28,90.232291
4.5,24,90.241235
4.61,28,90.253523
4.5,24,90.262809
4.5,26,90.273615
4.5,24,90.283249
4.39,22,90.291656
4.61,28,90.303125
4.5,24,90.313779
4.5,26,90.323804
4.61,28,90.335757
4.5,26,90.346099
4.5,24,90.355206
4.72,32,90.368025
4.5,24,90.377684
4.5,24,90.387844
4.5,24,90.398057
4.61,30,90.409259
4.5,24,90.419472
4.39,22,90.428088
4.5,24,90.438552
4.5,24,90.44974
4.5,24,90.458981
4.5,24,90.468216
4.5,24,90.477161
4.5,24,90.488111
4.5,24,90.498879
4.5,24,90.507736
4.39,22,90.52137
4.5,26,90.532465
4.5,26,90.542465
4.61,28,90.554654
4.5,24,90.56808
2.27,33,90.58488
4.5,24,90.598166
4.5,26,90.610449
4.61,30,90.623722
4.39,22,90.634913
4.5,26,90.6457
4.39,22,90.656871
4.61,28,90.668577
4.5,24,90.677503
4.61,28,90.688398
4.5,24,90.698822
4.61,30,90.710233
4.5,24,90.720237
4.5,26,90.730922
4.5,28,90.741138
4.39,22,90.750622
4.39,24,90.759328
4.55,30,90.772258
4.5,24,91.508522
4.5,24,91.522606
4.5,24,91.532196
4.5,24,91.541307
4.39,22,91.551526
4.5,26,91.561443
4.5,24,91.571032
4.5,24,91.58288
4.5,24,91.592513
4.39,22,91.601462
4.39,22,91.609974
4.5,24,91.621374
4.5,24,91.630596
4.61,28,91.641221
4.5,24,91.652652
4.41,22,91.661503
4.5,24,91.670872
4.5,24,91.681846
4.5,24,91.690974
4.61,30,91.702112
4.5,24,91.710999
4.61,28,91.733865
4.61,28,91.748092
4.61,28,91.75917
4.5,24,91.769552
4.61,28,91.782786
4.39,22,91.792633
4.59,28,91.8032
4.5,24,91.812591
4.72,32,91.825989
4.5,24,91.835285
4.46,26,91.845073
4.5,24,91.855952
4.5,24,91.865346
4.5,26,91.875134
4.39,22,91.88464
4.72,32,91.897101
4.5,24,91.90664
4.39,22,91.916322
4.5,24,91.925652
4.39,22,91.933985
2.22,33,91.946588
4.61,28,91.960534
4.5,24,91.970957
4.39,22,91.98237
4.66,32,91.996533
4.5,24,92.006076
4.5,24,92.017485
4.5,24,92.029134
4.5,24,92.039496
4.5,24,92.050946
4.5,24,92.060072
4.5,24,92.069658
4.61,28,92.081493
4.61,28,92.092901
4.61,28,92.104183
4.39,22,92.112602
4.5,24,92.123672
4.39,22,92.132937
4.5,24,92.142025
4.5,26,92.157076
4.5,24,92.170305
4.5,24,92.181255
4.39,22,92.191121
4.39,22,92.200804
4.72,32,92.214306
4.72,32,92.228516
4.5,24,92.238293
4.5,24,92.250219
4.5,24,92.259514
4.61,30,92.27096
4.72,32,92.285214
4.5,24,92.294074
2.27,33,92.307266
4.5,24,92.320341
4.5,24,92.330246
4.5,24,92.341361
4.39,24,92.353494
4.5,24,92.363864
4.5,24,92.37327
4.5,24,92.383828
4.61,28,93.131407
4.5,24,93.141003
4.5,24,93.152573
4.5,24,93.162252
4.5,24,93.171705
4.5,24,93.182547
4.5,26,93.192341
4.5,24,93.20198
4.39,22,93.2111
4.5,24,93.223226
4.5,24,93.232444
4.5,24,93.241317
4.5,26,93.252653
4.39,24,93.2619
4.61,28,93.273118
4.5,24,93.28372
4.5,24,93.295181
4.5,24,93.305294
4.5,24,93.317298
4.5,24,93.332248
4.5,24,93.344739
4.5,24,93.358128
4.5,26,93.369776
4.5,24,93.379914
4.39,22,93.390755
4.61,28,93.402468
4.5,24,93.412808
4.61,28,93.427024
4.5,24,93.437278
4.5,24,93.448596
4.72,32,93.462441
4.5,24,93.472725
4.5,24,93.484364
4.61,28,93.4959
4.5,24,93.506464
4.5,24,93.519794
4.39,24,93.530269
4.39,22,93.54064
4.5,24,93.553539
4.5,24,93.563371
4.5,24,93.573463
4.5,24,93.585578
4.5,24,93.59569
4.5,24,93.60613
4.5,24,93.616965
4.5,24,93.626631
4.39,22,93.635567
4.36,24,93.644905
4.5,24,93.656843
4.5,24,93.667165
4.5,24,93.676681
4.5,24,93.68847
4.5,24,93.698312
4.5,26,93.708698
4.5,24,93.719946
4.39,22,93.728524
4.72,32,93.740549
4.5,24,93.751136
4.5,24,93.760604
4.5,24,93.770757
4.5,24,93.787099
4.5,24,93.797859
4.39,22,93.808401
4.39,22,93.820219
4.39,22,93.829384
4.72,32,93.842041
4.5,24,93.852641
4.5,24,93.861794
4.5,24,93.872532
4.5,24,93.883673
4.5,24,93.893957
4.39,22,93.902649
4.5,24,93.911596
4.5,24,93.922947
4.61,28,93.934494
4.39,24,93.943993
4.5,24,93.955393
4.5,24,93.966602
4.5,24,93.976241
4.5,24,93.987392
4.5,24,93.997932
4.5,24,94.007761
4.57,28,94.022169
4.5,24,94.032094
4.5,24,94.789954
4.7,32,94.803015
4.72,32,94.816542
4.5,24,94.825887
4.5,24,94.835736
4.5,24,94.844491
4.5,24,94.856163
4.61,28,94.86756
4.66,32,94.879468
4.66,32,94.893854
4.5,24,94.90311
4.5,24,94.912388
4.5,24,94.923847
4.5,24,94.933401
4.5,24,94.942415
4.5,24,94.960598
4.5,24,94.973338
4.68,32,94.988903
4.46,24,94.999449
4.5,24,95.008446
4.61,28,95.024419
4.5,24,95.034464
4.5,24,95.043484
4.5,24,95.05453
4.61,28,95.065537
4.61,28,95.075843
4.5,24,95.086911
4.5,26,95.096534
4.72,32,95.10854
4.59,28,95.120277
4.5,26,95.130672
4.5,26,95.140974
4.48,24,95.15141
2.27,33,95.164057
4.61,28,95.176831
4.5,24,95.192362
4.61,28,95.204463
4.5,24,95.214475
4.5,24,95.225242
4.5,26,95.235332
4.5,24,95.244443
4.5,24,95.254969
4.5,24,95.264098
4.5,24,95.273565
4.5,24,95.284565
4.5,24,95.293436
4.72,32,95.3077
4.5,24,95.318766
4.5,24,95.328014
4.61,28,95.338547
4.66,32,95.352179
4.5,24,95.361342
4.5,24,95.372007
4.5,24,95.384148
4.57,28,95.399793
4.61,28,95.412118
4.72,32,95.428403
4.61,28,95.44039
4.5,24,95.451532
4.5,24,95.460569
2.14,33,95.474135
4.5,24,95.48636
4.5,24,95.49576
4.39,22,95.506557
4.5,24,95.518745
4.5,24,95.529775
4.5,24,95.540154
4.5,24,95.550865
4.5,24,95.560007
4.66,32,95.572176
4.5,24,95.582053
4.72,32,95.595305
4.5,24,95.604941
4.5,24,95.614527
4.5,24,95.624835
4.5,24,95.635151
4.5,24,95.64455
4.61,28,95.657239
4.72,32,96.407028
4.5,24,96.419038
4.5,24,96.42777
4.39,22,96.437509
4.5,24,96.446378
4.61,28,96.458547
4.5,24,96.468477
4.5,24,96.4771
4.5,24,96.488014
4.5,24,96.49801
4.5,24,96.507366
4.5,24,96.520342
4.61,28,96.531265
4.57,28,96.542304
4.5,24,96.553253
4.46,26,96.567837
4.5,24,96.578278
4.5,24,96.592141
4.5,24,96.603208
4.5,24,96.613275
4.5,24,96.624088
4.61,28,96.635142
4.5,24,96.644048
4.61,28,96.656472
4.5,24,96.666248
4.5,24,96.675041
4.5,24,96.685704
4.5,24,96.69486
4.39,22,96.703471
4.5,24,96.712896
4.5,24,96.724102
4.5,24,96.733833
4.72,32,96.745336
4.5,24,96.75577
4.5,24,96.765168
4.5,24,96.77524
4.61,28,96.787796
4.5,24,96.796857
4.61,28,96.807323
4.5,24,96.817768
4.5,24,96.827093
4.5,24,96.837037
4.5,24,96.846376
4.5,24,96.857279
4.5,24,96.867071
4.5,24,96.875837
4.5,24,96.886887
4.5,24,96.896094
4.5,26,96.906807
4.39,22,96.915483
4.5,24,96.92609
4.5,24,96.935904
4.5,24,96.945597
4.5,24,96.955784
4.5,26,96.965668
4.39,22,96.97427
4.5,24,96.990585
4.61,28,97.004352
4.5,24,97.01428
4.5,24,97.027715
4.5,24,97.038356
4.5,24,97.04756
4.5,24,97.058232
4.5,26,97.068784
4.39,22,97.07695
4.61,28,97.088965
4.5,24,97.098137
4.5,24,97.10746
4.61,28,97.120456
4.5,24,97.129608
4.5,24,97.138896
4.47,26,97.148762
4.5,24,97.159125
4.5,24,97.168952
4.5,24,97.178027
4.5,24,97.190949
4.61,28,97.202632
4.5,24,97.211351
4.61,28,97.223223
4.5,24,97.233401
4.61,28,97.243857
4.5,24,97.254524
4.5,24,97.263735
4.5,24,98.028418
4.72,32,98.042528
4.5,24,98.054046
4.5,24,98.064385
4.5,24,98.074071
2.18,33,98.089134
4.5,26,98.103501
4.5,24,98.113542
4.72,32,98.130015
4.5,24,98.140907
4.5,24,98.152093
4.5,24,98.162372
4.5,24,98.17621
4.5,24,98.192025
4.72,32,98.206891
4.72,32,98.221059
4.5,24,98.230511
4.61,28,98.241736
2.22,33,98.256777
4.72,32,98.27454
4.5,24,98.287363
4.5,24,98.298888
4.72,32,98.316941
4.72,32,98.331907
4.61,28,98.34421
4.5,24,98.356218
4.5,24,98.36743
4.61,30,98.380665
4.5,24,98.392439
4.5,24,98.402645
4.5,24,98.412534
4.61,28,98.426504
4.61,28,98.438578
4.61,28,98.450109
4.72,32,98.464033
4.5,24,98.474552
4.61,28,98.487956
4.61,28,98.498818
2.27,33,98.511844
4.61,28,98.526313
4.5,24,98.53873
2.27,33,98.554534
4.5,24,98.566746
4.5,24,98.578563
4.5,24,98.591769
4.5,24,98.601852
4.5,24,98.611701
4.61,28,98.624982
2.27,33,98.643077
4.61,28,98.659173
4.5,24,98.672818
4.61,28,98.687024
4.5,24,98.697988
4.5,26,98.70981
4.61,28,98.723633
2.27,33,98.738522
4.5,24,98.748848
4.61,28,98.764868
4.72,32,98.781119
2.27,33,98.796771
4.5,24,98.807537
4.72,32,98.823204
4.72,32,98.838423
4.72,32,98.85274
4.61,28,98.864672
4.61,28,98.877532
4.5,24,98.889106
4.5,24,98.89901
4.61,30,98.911542
4.5,24,98.924016
4.5,24,98.934168
4.61,28,98.94437
4.61,28,98.956419
4.5,24,98.965382
4.5,26,98.975349
4.61,28,99.825906
4.5,24,99.83606
4.5,24,99.845425
4.39,22,99.855632
4.5,24,99.864956
4.5,24,99.874629
4.61,28,99.887937
4.61,28,99.89992
4.5,24,99.911906
4.5,24,99.924042
4.61,28,99.935697
4.5,24,99.957911
4.5,24,99.97403
4.5,26,99.98809
4.55,32,100.004385
4.5,24,100.015936
4.5,24,100.027049
4.5,24,100.037483
4.5,24,100.047191
4.5,24,100.059157
4.5,24,100.069819
4.61,28,100.081375
4.5,24,100.092544
4.5,24,100.102812
4.5,24,100.112674
4.5,24,100.122882
4.61,28,100.133648
4.39,22,100.142335
4.5,24,100.152189
4.5,24,100.162097
4.5,24,100.171646
4.5,24,100.181665
4.61,28,100.193878
4.5,24,100.203126
4.5,26,100.213087
4.5,24,100.223141
4.5,24,100.232912
4.5,24,100.242314
4.5,24,100.25234
4.5,24,100.262205
4.5,24,100.271534
4.5,26,100.281703
4.5,24,100.292885
4.5,24,100.302935
4.66,32,100.316247
4.5,24,100.327152
4.5,24,100.336785
4.61,28,100.348285
4.5,24,100.358472
4.61,28,100.369307
4.5,24,100.378279
4.5,24,100.394275
4.5,24,100.4047
4.39,22,100.417773
4.5,24,100.435629
4.72,32,100.460362
4.5,24,100.47885
4.5,24,100.49884
4.39,22,100.51456
4.48,26,100.533364
4.5,24,100.548318
4.48,26,100.563753
4.61,28,100.579506
4.5,24,100.592991
2.27,33,100.612029
4.5,24,100.626041
4.5,24,100.639657
2.27,33,100.662074
4.5,24,100.676785
4.5,24,100.694043
4.61,28,100.712536
4.5,24,100.725781
4.5,24,100.735415
4.61,30,100.747913
4.61,28,100.759635
4.61,30,100.771401
4.5,24,100.781726
4.5,24,100.792185
4.5,24,100.801561
4.5,24,100.813011
4.61,28,100.82468
4.39,22,101.833317
4.61,28,101.847619
4.5,24,101.860043
4.5,24,101.870239
4.5,24,101.880378
4.5,24,101.893059
4.5,24,101.904106
4.5,24,101.91451
4.5,24,101.925422
4.5,24,101.941881
4.5,24,101.953343
4.5,24,101.96472
4.5,24,101.975512
4.5,26,101.988783
4.5,24,101.999247
4.5,24,102.009787
4.5,24,102.021244
4.5,24,102.032289
4.5,24,102.052038
4.5,24,102.068023
4.5,24,102.081053
4.5,24,102.094628
4.39,22,102.105307
4.5,24,102.119122
4.5,24,102.131683
4.5,24,102.144131
4.5,24,102.156575
4.5,24,102.168247
4.5,24,102.180315
4.5,24,102.192334
4.61,28,102.209463
4.5,24,102.225099
4.5,24,102.242838
4.5,24,102.257927
4.5,24,102.271311
4.5,24,102.280936
4.5,24,102.295398
4.5,24,102.305399
4.5,24,102.31578
4.5,24,102.327966
4.5,24,102.342642
4.5,24,102.356079
4.5,24,102.365899
4.5,24,102.377805
4.5,24,102.389195
4.5,24,102.39957
4.5,24,102.40881
4.5,24,102.420166
4.5,24,102.430275
4.5,24,102.43954
4.5,24,102.449902
4.5,24,102.46605
4.5,24,102.47554
4.5,24,102.488488
4.61,28,102.499958
4.5,24,102.51085
4.5,24,102.522437
4.61,28,102.53303
4.5,24,102.542256
4.5,24,102.551717
4.5,24,102.562281
4.5,24,102.574997
4.5,24,102.589485
4.5,24,102.598921
4.5,24,102.609416
4.5,24,102.621264
4.5,24,102.630898
4.5,24,102.639973
4.5,24,102.64959
4.5,24,102.66041
4.5,24,102.670209
4.5,24,102.679723
4.5,24,102.690007
4.39,22,102.699126
4.5,24,102.709267
4.5,24,102.719981
4.5,24,102.730611
4.5,24,102.741262
4.5,24,102.751984
4.5,24,102.762606
4.5,24,102.772627
4.61,28,102.783787
4.5,24,102.79409
4.5,24,102.804116
4.5,24,102.813775
