#{"t_start": 1693261801.5226903, "env_id": "GridRoadEnv-v0"}
r,l,t
0.43,33,0.017302
0.53,33,0.031147
1.06,33,0.044039
0.57,33,0.057809
0.46,33,0.070867
1.67,33,0.083776
1.12,33,0.10024
1.16,33,0.113763
0.51,33,0.126177
1.09,33,0.140223
1.05,33,0.154808
0.54,33,0.168243
1.19,33,0.18233
0.46,33,0.195867
1.21,33,0.209048
0.39,33,0.223569
0.61,33,0.238054
0.59,33,0.252214
0.52,33,0.265389
1.16,33,0.278536
0.49,33,0.290466
1.08,33,0.303686
0.56,33,0.317232
1.12,33,0.330583
0.6,33,0.342667
1.13,33,0.356001
1.08,33,0.369581
1.09,33,0.382746
0.44,33,0.395646
0.57,33,0.407314
1.19,33,0.457225
0.53,33,0.470806
0.51,33,0.483787
0.59,33,0.49646
1.14,33,0.509385
1.07,33,0.521922
0.49,33,0.534128
0.41,33,0.547112
0.42,33,0.559211
0.56,33,0.5718
1.05,33,0.584519
0.42,33,0.598251
1.07,33,0.611372
0.43,33,0.623191
0.47,33,0.636029
1.08,33,0.64868
1.06,33,0.662023
0.55,33,0.674245
1.18,33,0.687378
1.09,33,0.700685
1.14,33,0.714062
1.78,33,0.726118
0.55,33,0.738721
0.4,33,0.751935
0.53,33,0.764814
0.56,33,0.77746
0.36,33,0.789242
1.13,33,0.802053
0.47,33,0.814909
1.05,33,0.826864
0.47,33,0.843626
0.45,33,0.856379
1.06,33,1.418744
1.14,33,1.432423
1.8,33,1.459363
1.12,33,1.4729
0.54,33,1.487977
0.48,33,1.502445
1.18,33,1.517134
1.09,33,1.530833
1.12,33,1.545337
0.31,33,1.56265
0.42,33,1.580426
0.48,33,1.596954
1.13,33,1.61278
1.17,33,1.628873
0.36,33,1.642299
1.07,33,1.6553
0.46,33,1.668573
1.81,33,1.681494
0.43,33,1.69343
0.51,33,1.706738
1.17,33,1.719877
0.5,33,1.732845
1.16,33,1.745861
0.99,33,1.759348
1.17,33,1.771177
0.49,33,1.784725
1.19,33,1.798317
0.55,33,1.811814
1.17,33,1.832824
0.56,33,1.844894
1.18,33,1.857656
1.2,33,1.87099
1.04,33,1.884629
1.17,33,1.898567
0.51,33,1.910654
0.56,33,1.923836
1.19,33,1.937602
0.38,33,1.95106
1.73,33,1.964492
1.23,33,1.976295
0.46,33,1.989442
0.47,33,2.002861
0.51,33,2.015855
1.09,33,2.027814
0.45,33,2.040305
1.11,33,2.05344
0.54,33,2.066889
1.13,33,2.079467
1.2,33,2.09244
0.44,33,2.107515
1.74,33,2.120441
0.49,33,2.134153
0.55,33,2.146799
1.16,33,2.158463
0.53,33,2.171874
1.14,33,2.185289
1.08,33,2.198152
0.47,33,2.210388
0.54,33,2.223161
0.49,33,2.24356
1.16,33,2.256805
1.1,33,2.270525
1.13,33,2.956183
0.49,33,2.9717
1.17,33,2.986163
1.19,33,2.999593
1.78,33,3.011848
1.08,33,3.026747
1.03,33,3.041531
0.46,33,3.054882
0.5,33,3.068413
0.55,33,3.080506
0.52,33,3.094757
0.63,33,3.108646
0.43,33,3.122401
1.18,33,3.135841
1.08,33,3.148259
1.15,33,3.162315
1.75,33,3.175734
1.13,33,3.19557
0.4,33,3.219092
1.13,33,3.240728
1.16,33,3.258165
1.1,33,3.271241
1.05,33,3.287166
1.17,33,3.300222
0.54,33,3.3122
0.53,33,3.326405
1.18,33,3.341178
0.55,33,3.364646
0.51,33,3.377074
1.67,33,3.390983
1.12,33,3.4042
1.72,33,3.417252
1.03,33,3.430694
1.16,33,3.443682
1.06,33,3.456668
0.39,33,3.470564
1.08,33,3.484306
1.02,33,3.496843
0.55,33,3.510004
1.12,33,3.523712
1.19,33,3.537931
0.58,33,3.551132
1.12,33,3.563462
1.18,33,3.57645
1.08,33,3.589852
1.05,33,3.602919
1.16,33,3.615934
1.1,33,3.629005
1.15,33,3.643208
1.75,33,3.658028
1.16,33,3.671026
0.5,33,3.68536
0.59,33,3.698844
1.16,33,3.713793
1.8,33,3.728548
1.03,33,3.742352
0.6,33,3.75635
1.19,33,3.778454
1.13,33,3.793831
0.51,33,3.808255
1.19,33,3.823027
0.53,33,3.83782
0.4,33,4.517853
1.19,33,4.532084
1.05,33,4.544804
1.7,33,4.558341
0.52,33,4.571229
1.82,33,4.58447
0.49,33,4.597218
1.18,33,4.611007
1.06,33,4.626367
0.52,33,4.640181
0.56,33,4.652813
1.07,33,4.66586
1.14,33,4.680351
1.04,33,4.693877
1.08,33,4.706687
0.6,33,4.719858
0.54,33,4.732491
1.12,33,4.746051
1.17,33,4.759316
1.18,33,4.771225
0.95,33,4.784694
1.16,33,4.797853
1.24,33,4.811096
1.02,33,4.823175
1.15,33,4.836653
1.81,33,4.849533
1.8,33,4.869915
1.14,33,4.882813
1.15,33,4.897501
1.05,33,4.913137
1.78,33,4.927871
1.07,33,4.94219
1.19,33,4.956784
1.2,33,4.972034
0.5,33,4.98586
0.49,33,5.000678
0.54,33,5.015556
0.45,33,5.03026
1.67,33,5.04422
0.96,33,5.058763
0.42,33,5.073266
0.47,33,5.087536
0.41,33,5.100782
1.08,33,5.115865
1.08,33,5.130449
0.42,33,5.145006
1.82,33,5.159204
1.84,33,5.172112
1.01,33,5.186814
0.56,33,5.204857
0.56,33,5.221557
1.71,33,5.237754
0.54,33,5.250802
1.09,33,5.265194
1.03,33,5.280016
1.18,33,5.293542
1.73,33,5.312547
0.48,33,5.324318
1.12,33,5.336296
1.11,33,5.347879
1.11,33,5.359425
1.1,33,5.371316
1.0,33,6.028528
1.03,33,6.042343
1.12,33,6.058259
1.14,33,6.070815
0.49,33,6.083174
1.18,33,6.095745
0.59,33,6.108614
1.02,33,6.121362
1.13,33,6.134065
1.12,33,6.146714
1.17,33,6.159845
1.84,33,6.171676
1.13,33,6.183436
1.11,33,6.195268
1.14,33,6.206894
1.11,33,6.219136
0.57,33,6.230901
1.11,33,6.24265
0.59,33,6.25611
1.2,33,6.268107
1.73,33,6.279833
1.18,33,6.291682
1.19,33,6.303489
1.15,33,6.315056
1.15,33,6.333585
1.12,33,6.34532
1.17,33,6.357091
1.17,33,6.368724
0.62,33,6.38018
1.11,33,6.391886
1.76,33,6.408457
1.13,33,6.430389
1.09,33,6.441949
1.1,33,6.453637
1.82,33,6.465681
1.21,33,6.477603
1.8,33,6.490338
1.2,33,6.503507
1.17,33,6.516806
1.8,33,6.52885
1.17,33,6.540639
1.19,33,6.552397
1.16,33,6.564189
1.76,33,6.575973
1.11,33,6.587748
1.79,33,6.599492
1.8,33,6.611705
1.22,33,6.623442
1.01,33,6.635029
1.21,33,6.646695
1.11,33,6.659165
1.1,33,6.671415
1.17,33,6.683154
1.2,33,6.694961
1.06,33,6.707065
1.17,33,6.725633
1.15,33,6.737424
1.76,33,6.749343
1.18,33,6.761418
1.68,33,6.773583
1.79,33,6.785492
1.14,33,6.797546
1.21,33,7.467149
1.78,33,7.478979
1.14,33,7.490709
1.0,33,7.502386
1.75,33,7.514038
1.17,33,7.525954
1.18,33,7.537596
1.11,33,7.549231
1.16,33,7.560787
1.18,33,7.57244
1.19,33,7.584177
1.18,33,7.59609
1.18,33,7.607987
1.12,33,7.620387
1.18,33,7.632836
1.11,33,7.644644
1.15,33,7.657196
1.06,33,7.66975
1.23,33,7.683504
1.8,33,7.695413
1.12,33,7.707152
1.15,33,7.719206
1.2,33,7.731003
1.67,33,7.749561
1.16,33,7.761177
1.17,33,7.772885
1.82,33,7.784483
1.77,33,7.796352
1.11,33,7.807957
1.16,33,7.819522
1.19,33,7.831111
1.05,33,7.850055
1.76,33,7.870989
1.09,33,7.889316
1.05,33,7.905464
1.82,33,7.92078
1.15,33,7.93538
0.51,33,7.950062
0.61,33,7.96832
1.79,33,7.983873
1.79,33,8.000166
1.11,33,8.016816
0.59,33,8.032344
0.42,33,8.046947
1.12,33,8.061204
1.09,33,8.075698
1.76,33,8.089774
1.17,33,8.109019
1.17,33,8.123028
1.8,33,8.136924
1.23,33,8.150551
1.06,33,8.163959
1.15,33,8.176591
0.47,33,8.198436
1.13,33,8.212343
1.16,33,8.224105
1.65,33,8.235751
1.15,33,8.248843
1.24,33,8.261438
1.15,33,8.273285
1.04,33,8.284931
1.2,33,8.296943
1.16,33,8.865839
1.81,33,8.877763
1.03,33,8.891858
1.11,33,8.906104
1.66,33,8.918224
1.18,33,8.929912
1.79,33,8.941681
0.46,33,8.953476
1.19,33,8.965732
1.22,33,8.977516
1.16,33,8.989285
1.21,33,9.000804
1.14,33,9.012526
1.15,33,9.024199
1.1,33,9.035917
1.76,33,9.048143
1.71,33,9.061223
1.07,33,9.072869
1.14,33,9.084679
1.1,33,9.096457
1.18,33,9.108138
1.85,33,9.122586
1.13,33,9.134169
1.2,33,9.145911
1.21,33,9.157556
1.79,33,9.169038
1.13,33,9.180709
1.68,33,9.19248
1.14,33,9.206533
0.46,33,9.223389
1.72,33,9.236979
1.14,33,9.256121
1.8,33,9.274678
1.79,33,9.289542
1.2,33,9.304912
1.21,33,9.319578
0.57,33,9.335069
1.22,33,9.349433
1.81,33,9.365003
1.22,33,9.377744
1.07,33,9.395635
1.13,33,9.41988
1.79,33,9.445627
1.79,33,9.460415
1.8,33,9.475616
1.06,33,9.48852
0.5,33,9.502529
1.13,33,9.516137
1.17,33,9.533707
1.05,33,9.546836
4.34,31,9.5584
1.12,33,9.570017
1.16,33,9.588541
1.16,33,9.601127
1.04,33,9.614851
1.16,33,9.626668
1.17,33,9.638489
1.21,33,9.650159
1.24,33,9.661646
1.21,33,9.673423
1.07,33,9.685029
1.14,33,9.696768
1.21,33,10.339065
1.16,33,10.350909
1.8,33,10.36246
1.15,33,10.374118
1.78,33,10.385834
1.18,33,10.397397
1.18,33,10.417496
1.16,33,10.433926
1.14,33,10.445688
1.8,33,10.457703
1.25,33,10.470005
1.11,33,10.481564
1.09,33,10.493068
1.25,33,10.504772
1.2,33,10.516428
1.83,33,10.528219
1.78,33,10.53994
1.76,33,10.551698
1.83,33,10.563408
1.2,33,10.575112
1.21,33,10.593348
1.15,33,10.605136
1.16,33,10.617086
1.12,33,10.628901
1.22,33,10.640688
1.08,33,10.652425
1.22,33,10.664182
1.71,33,10.676094
1.15,33,10.68778
1.21,33,10.699755
1.66,33,10.712063
1.15,33,10.728086
1.79,33,10.739944
1.76,33,10.75205
1.26,33,10.765662
1.19,33,10.777861
1.74,33,10.792826
1.07,33,10.804606
1.2,33,10.818082
1.17,33,10.831928
1.8,33,10.847791
1.12,33,10.860572
1.11,33,10.872749
1.21,33,10.884578
1.06,33,10.896394
1.76,33,10.908207
1.8,33,10.920175
1.84,33,10.932404
0.6,33,10.946754
1.79,33,10.963439
1.14,33,10.989692
1.06,33,11.007451
1.21,33,11.019835
1.18,33,11.031515
1.18,33,11.04339
1.21,33,11.055373
1.87,33,11.067136
1.2,33,11.078849
1.14,33,11.090376
1.18,33,11.102065
1.11,33,11.113551
1.75,33,11.125072
1.17,33,11.779837
1.77,33,11.792659
1.12,33,11.80455
1.75,33,11.816388
1.2,33,11.828262
1.84,33,11.840178
1.19,33,11.852055
1.23,33,11.864142
1.2,33,11.876811
1.2,33,11.892143
1.23,33,11.911059
1.15,33,11.932245
1.79,33,11.952639
1.15,33,11.966215
1.78,33,11.978605
1.06,33,11.991054
1.64,33,12.004787
1.13,33,12.017558
4.1,19,12.025463
1.16,33,12.053903
1.17,33,12.078667
1.78,33,12.102411
1.21,33,12.120234
1.18,33,12.139971
1.21,33,12.164222
1.76,33,12.18355
1.19,33,12.204398
0.59,33,12.223608
1.19,33,12.246596
1.14,33,12.27033
1.75,33,12.289327
1.14,33,12.315945
1.87,33,12.338332
1.64,33,12.362636
1.85,33,12.380706
1.13,33,12.393515
1.8,33,12.408908
1.78,33,12.438593
0.49,33,12.452024
1.09,33,12.464974
1.69,33,12.478571
1.83,33,12.491034
0.59,33,12.503489
1.19,33,12.518676
1.13,33,12.53109
1.14,33,12.544349
1.15,33,12.557264
1.08,33,12.574121
1.76,33,12.588262
1.83,33,12.604123
0.52,33,12.620036
1.24,33,12.633933
1.77,33,12.647102
1.79,33,12.662335
1.04,33,12.675303
1.06,33,12.68925
1.74,33,12.704766
1.79,33,12.718004
1.17,33,12.735156
1.13,33,12.752713
1.83,33,12.767116
1.85,33,12.778964
1.07,33,12.792142
1.83,33,13.911599
1.25,33,13.9341
1.15,33,13.952823
1.84,33,13.970378
1.19,33,13.986379
1.07,33,14.003454
1.03,33,14.017687
1.14,33,14.033311
1.8,33,14.0474
1.84,33,14.061276
1.09,33,14.076118
1.19,33,14.090911
1.18,33,14.110445
1.1,33,14.130024
1.12,33,14.148073
1.16,33,14.166511
1.06,33,14.184455
1.82,33,14.208132
1.78,33,14.232012
1.03,33,14.256335
1.1,33,14.278717
1.14,33,14.301456
1.12,33,14.322442
1.78,33,14.342738
1.74,33,14.365351
1.7,33,14.385247
1.77,33,14.405744
1.08,33,14.423732
1.69,33,14.447391
1.83,33,14.472727
1.14,33,14.492235
1.14,33,14.51304
1.1,33,14.531768
1.77,33,14.554228
1.81,33,14.575849
1.11,33,14.598925
1.16,33,14.621064
1.76,33,14.640152
1.19,33,14.658935
1.83,33,14.677179
1.05,33,14.695076
1.07,33,14.713507
1.82,33,14.733015
1.87,33,14.755435
1.79,33,14.781065
1.8,33,14.805394
1.83,33,14.820383
1.81,33,14.849469
1.76,33,14.862827
1.22,33,14.874786
1.14,33,14.88656
1.77,33,14.89943
1.76,33,14.913896
1.82,33,14.928338
1.78,33,14.940819
1.17,33,14.953093
1.74,33,14.966565
1.75,33,14.979842
1.75,33,14.99763
1.77,33,15.013781
1.25,33,15.03233
1.78,33,15.050736
1.1,33,16.179229
1.77,33,16.197464
1.17,33,16.214266
1.78,33,16.234917
1.23,33,16.24948
1.02,33,16.264156
1.76,33,16.276506
1.83,33,16.289233
1.84,33,16.306669
1.82,33,16.318759
1.19,33,16.333926
1.75,33,16.347088
1.69,33,16.362565
1.67,33,16.380053
1.62,33,16.39854
1.75,33,16.431381
1.72,33,16.457533
1.73,33,16.47419
1.78,33,16.487665
0.55,33,16.500444
1.78,33,16.513376
1.8,33,16.528845
1.09,33,16.545291
1.22,33,16.558793
1.2,33,16.571038
1.14,33,16.582963
1.76,33,16.594741
1.15,33,16.606534
1.8,33,16.618672
1.85,33,16.630533
1.8,33,16.644462
1.76,33,16.658854
1.86,33,16.675005
1.74,33,16.688387
1.22,33,16.701303
1.8,33,16.713746
1.84,33,16.726145
1.8,33,16.738208
1.73,33,16.751177
1.76,33,16.763288
1.75,33,16.775241
1.7,33,16.787404
1.21,33,16.799198
1.8,33,16.811136
1.77,33,16.82287
1.78,33,16.835654
1.81,33,16.85559
1.14,33,16.87059
1.26,33,16.883544
1.71,33,16.899129
1.05,33,16.9173
1.79,33,16.934975
1.21,33,16.951871
1.15,33,16.970223
1.18,33,16.990581
1.83,33,17.00985
1.16,33,17.028866
1.81,33,17.049581
1.79,33,17.07017
1.79,33,17.089645
1.82,33,17.108655
1.15,33,17.127334
1.78,33,17.877739
1.82,33,17.88943
1.82,33,17.901524
1.11,33,17.918417
1.74,33,17.93803
1.78,33,17.958031
1.13,33,17.977555
1.85,33,17.994014
1.74,33,18.011211
1.16,33,18.030704
1.19,33,18.049961
1.17,33,18.062287
1.71,33,18.074342
1.79,33,18.086596
1.81,33,18.107952
1.81,33,18.124287
1.83,33,18.140241
1.2,33,18.153925
1.77,33,18.171276
1.2,33,18.186527
1.87,33,18.202518
1.14,33,18.217611
1.78,33,18.234873
1.73,33,18.251671
1.68,33,18.27005
1.06,33,18.286064
1.18,33,18.299138
1.75,33,18.315
1.74,33,18.332321
1.71,33,18.345635
1.67,33,18.358887
1.69,33,18.371797
1.79,33,18.387746
1.68,33,18.401469
1.86,33,18.417206
1.16,33,18.435802
1.18,33,18.459916
1.82,33,18.477219
1.09,33,18.491387
1.18,33,18.503703
1.13,33,18.515736
1.2,33,18.528393
1.09,33,18.540889
1.21,33,18.553261
1.77,33,18.572077
1.17,33,18.587885
1.25,33,18.601166
1.1,33,18.617347
1.8,33,18.63069
1.87,33,18.643597
1.17,33,18.6594
1.19,33,18.671558
1.82,33,18.684053
1.16,33,18.696162
1.79,33,18.708082
1.83,33,18.721121
1.65,33,18.733134
1.88,33,18.745173
1.8,33,18.756946
1.74,33,18.768715
1.05,33,18.780813
1.76,33,18.792731
1.68,33,19.909631
1.69,33,19.933913
1.71,33,19.961961
1.22,33,19.987639
1.79,33,20.010984
1.12,33,20.035378
1.69,33,20.069479
1.19,33,20.098744
1.82,33,20.126693
1.08,33,20.153465
1.87,33,20.17296
1.83,33,20.19162
1.83,33,20.20966
1.83,33,20.236651
1.7,33,20.254884
1.15,33,20.272958
1.76,33,20.295982
1.77,33,20.320354
1.83,33,20.349439
1.08,33,20.379463
1.14,33,20.408397
1.77,33,20.432196
1.79,33,20.459543
1.73,33,20.486696
1.84,33,20.515438
1.83,33,20.545431
1.72,33,20.572109
1.74,33,20.59546
1.72,33,20.616077
1.11,33,20.637339
1.84,33,20.661568
1.01,33,20.684267
1.76,33,20.70469
1.75,33,20.734047
1.75,33,20.769322
1.79,33,20.787804
1.76,33,20.80312
1.19,33,20.819437
1.79,33,20.836044
1.7,33,20.852018
1.09,33,20.86827
1.25,33,20.885326
1.87,33,20.903461
1.78,33,20.924929
1.81,33,20.940831
1.11,33,20.95529
1.81,33,20.97379
1.79,33,20.99703
1.82,33,21.026427
1.68,33,21.049647
1.69,33,21.07294
1.17,33,21.097526
1.12,33,21.117077
1.16,33,21.133243
1.82,33,21.147156
1.77,33,21.160716
1.76,33,21.173979
1.83,33,21.187394
1.01,33,21.201445
1.8,33,21.220178
1.85,33,21.243321
1.73,33,21.26336
1.8,33,22.258739
1.78,33,22.272453
1.83,33,22.286196
1.82,33,22.301226
1.05,33,22.314585
1.79,33,22.327821
1.87,33,22.34266
1.82,33,22.355351
1.7,33,22.368036
1.78,33,22.380668
1.15,33,22.393145
1.67,33,22.408594
1.22,33,22.422508
1.77,33,22.440238
0.54,33,22.459559
1.77,33,22.472647
1.08,33,22.485448
1.77,33,22.498537
1.81,33,22.511161
1.77,33,22.524066
1.06,33,22.537238
1.77,33,22.553117
1.1,33,22.56637
1.82,33,22.579599
1.78,33,22.592233
1.84,33,22.605716
1.68,33,22.621675
1.79,33,22.636373
1.7,33,22.650257
1.73,33,22.664471
4.2,23,22.677194
1.79,33,22.692791
1.75,33,22.707958
1.7,33,22.725854
1.13,33,22.740083
1.86,33,22.755021
1.13,33,22.769675
1.82,33,22.786879
1.76,33,22.80265
1.81,33,22.818569
1.76,33,22.832066
1.79,33,22.848019
1.06,33,22.872092
1.71,33,22.886472
1.76,33,22.90251
1.77,33,22.916086
1.7,33,22.932525
1.78,33,22.945612
1.74,33,22.958781
1.81,33,22.972236
1.05,33,22.985916
1.81,33,22.999428
1.09,33,23.012758
1.12,33,23.025594
1.2,33,23.038508
1.69,33,23.051283
1.22,33,23.064122
1.16,33,23.077165
1.85,33,23.090424
1.86,33,23.104358
1.83,33,23.118346
1.74,33,23.134978
1.66,33,24.041204
1.82,33,24.054419
1.74,33,24.067
1.15,33,24.079603
1.83,33,24.092259
1.25,33,24.105328
1.71,33,24.118375
1.06,33,24.131077
1.82,33,24.143892
1.82,33,24.156645
1.76,33,24.172514
1.19,33,24.184801
1.82,33,24.20406
1.81,33,24.221426
1.86,33,24.243202
1.66,33,24.263471
1.75,33,24.284544
1.81,33,24.307808
4.22,27,24.322395
1.82,33,24.339014
1.87,33,24.355947
1.72,33,24.372896
1.73,33,24.386573
1.8,33,24.400298
1.75,33,24.413523
1.84,33,24.426368
1.07,33,24.44959
1.82,33,24.465896
1.76,33,24.479091
1.15,33,24.492419
1.19,33,24.505644
1.77,33,24.518482
1.8,33,24.531216
1.1,33,24.544347
1.03,33,24.557395
1.71,33,24.570643
1.76,33,24.583953
1.75,33,24.597855
1.75,33,24.611733
1.82,33,24.626067
1.12,33,24.639874
1.85,33,24.661539
1.81,33,24.674911
1.15,33,24.688113
1.84,33,24.70164
1.82,33,24.715595
1.77,33,24.728657
1.82,33,24.741271
1.78,33,24.753963
1.76,33,24.766603
1.8,33,24.779126
1.78,33,24.791601
1.85,33,24.804223
1.78,33,24.816813
1.7,33,24.829443
1.78,33,24.841991
1.8,33,24.854451
1.68,33,24.866714
1.69,33,24.87886
1.78,33,24.891198
1.77,33,24.904548
1.76,33,24.916782
1.75,33,25.607214
1.01,33,25.621124
1.83,33,25.634218
1.65,33,25.647075
1.79,33,25.659647
1.75,33,25.672174
1.75,33,25.684927
1.83,33,25.697636
1.71,33,25.710255
1.77,33,25.730269
1.78,33,25.742884
1.76,33,25.755493
1.82,33,25.768065
1.78,33,25.780497
1.85,33,25.793098
1.02,33,25.805518
1.78,33,25.817776
1.78,33,25.830101
1.11,33,25.842245
1.84,33,25.854763
1.01,33,25.867435
1.7,33,25.880531
1.83,33,25.896761
1.7,33,25.909111
1.13,33,25.921389
1.75,33,25.933758
1.79,33,25.94618
1.17,33,25.959386
1.84,33,25.972353
1.79,33,25.98475
1.81,33,25.997009
1.71,33,26.009129
1.1,33,26.021312
1.17,33,26.03371
1.78,33,26.045955
1.73,33,26.058517
1.17,33,26.071555
1.86,33,26.084314
1.81,33,26.09783
1.19,33,26.117818
1.87,33,26.130192
1.79,33,26.142744
1.71,33,26.15504
1.71,33,26.167395
1.77,33,26.179666
1.12,33,26.192922
1.84,33,26.205989
1.67,33,26.219449
1.84,33,26.232933
1.72,33,26.245347
1.75,33,26.261636
1.75,33,26.276876
1.85,33,26.292737
1.83,33,26.313302
1.81,33,26.333038
1.75,33,26.354666
1.69,33,26.374476
1.77,33,26.394158
1.84,33,26.411657
1.79,33,26.42917
1.07,33,26.454231
1.76,33,26.478749
1.2,33,27.221407
1.82,33,27.2341
1.75,33,27.24653
1.19,33,27.258936
1.71,33,27.271274
1.85,33,27.283776
1.73,33,27.296527
1.78,33,27.313258
1.09,33,27.325562
4.29,29,27.336673
1.82,33,27.348955
1.12,33,27.363776
1.68,33,27.375999
1.82,33,27.389964
1.11,33,27.403195
4.31,29,27.414308
1.71,33,27.429205
1.22,33,27.4557
1.11,33,27.475803
1.79,33,27.490709
1.77,33,27.50625
1.83,33,27.518831
1.79,33,27.531652
1.81,33,27.544137
1.05,33,27.55668
1.79,33,27.569941
4.3,29,27.590338
1.81,33,27.608923
1.07,33,27.624351
1.78,33,27.637217
1.69,33,27.650269
1.75,33,27.663223
1.08,33,27.676018
1.72,33,27.688725
0.44,33,27.701144
1.88,33,27.714733
1.72,33,27.72726
1.8,33,27.739769
1.8,33,27.759772
1.72,33,27.772263
1.19,33,27.784621
1.78,33,27.796967
1.78,33,27.8098
1.8,33,27.82249
0.6,33,27.834972
1.85,33,27.847368
1.76,33,27.864526
1.68,33,27.880347
1.81,33,27.896463
1.79,33,27.91253
1.06,33,27.927753
1.84,33,27.942908
1.75,33,27.958094
1.72,33,27.973947
1.71,33,27.991456
1.12,33,28.006897
1.75,33,28.023606
1.83,33,28.038603
1.07,33,28.054255
1.82,33,28.069702
1.83,33,28.086422
1.83,33,28.102705
1.08,33,28.119772
1.76,33,28.883435
1.85,33,28.897588
4.21,23,28.906703
1.01,33,28.91914
1.72,33,28.931873
1.84,33,28.944804
1.73,33,28.965281
1.77,33,28.977847
1.83,33,28.990528
1.69,33,29.003055
1.81,33,29.015455
1.15,33,29.028076
1.81,33,29.040726
1.78,33,29.053357
1.76,33,29.065977
1.76,33,29.078196
1.87,33,29.090515
4.34,31,29.10207
1.75,33,29.114035
1.84,33,29.126508
1.85,33,29.139231
1.89,33,29.151623
1.8,33,29.164053
1.76,33,29.17636
0.95,33,29.188712
1.71,33,29.201143
1.84,33,29.214157
1.25,33,29.226607
1.83,33,29.239101
1.75,33,29.252838
1.78,33,29.265324
1.87,33,29.277709
1.83,33,29.289995
1.79,33,29.304216
1.83,33,29.316517
1.21,33,29.328859
1.71,33,29.348332
1.71,33,29.360566
1.77,33,29.372917
1.77,33,29.385064
4.21,23,29.394187
1.74,33,29.406041
1.75,33,29.418268
1.72,33,29.431009
1.84,33,29.458837
1.21,33,29.474617
1.77,33,29.490623
1.76,33,29.507666
1.85,33,29.521224
1.75,33,29.534933
4.21,23,29.545403
1.76,33,29.559769
1.71,33,29.574564
1.67,33,29.587927
1.81,33,29.602634
1.81,33,29.618186
1.2,33,29.635215
0.64,33,29.650326
1.84,33,29.665128
1.76,33,29.680274
1.9,33,29.69589
1.05,33,29.711468
4.25,31,29.726437
1.78,33,30.365971
1.2,33,30.37854
1.82,33,30.390975
1.82,33,30.403286
1.76,33,30.422411
1.77,33,30.437533
1.87,33,30.459683
1.82,33,30.473051
1.81,33,30.485739
1.79,33,30.498156
1.85,33,30.51074
1.82,33,30.523163
4.17,21,30.531671
1.11,33,30.543953
1.2,33,30.556601
1.72,33,30.569295
1.78,33,30.581774
1.05,33,30.594202
1.86,33,30.606591
4.23,31,30.61804
1.82,33,30.630184
1.79,33,30.642525
1.86,33,30.654792
1.78,33,30.667236
1.87,33,30.679627
1.76,33,30.691831
1.75,33,30.704218
1.84,33,30.717731
1.09,33,30.72996
1.76,33,30.742099
1.16,33,30.754399
1.18,33,30.766808
4.2,27,30.777004
1.86,33,30.789119
1.09,33,30.801229
1.78,33,30.819896
1.78,33,30.831806
1.74,33,30.843626
1.89,33,30.855714
1.83,33,30.867976
1.73,33,30.879762
1.76,33,30.891732
1.75,33,30.903776
1.78,33,30.91573
1.76,33,30.927819
1.72,33,30.939812
1.81,33,30.951939
1.73,33,30.964164
1.83,33,30.976214
1.87,33,30.988201
1.82,33,31.000138
1.86,33,31.012082
1.78,33,31.023991
1.82,33,31.035909
1.76,33,31.048355
1.86,33,31.060637
1.78,33,31.072716
1.74,33,31.08478
4.23,23,31.093472
1.25,33,31.105205
1.88,33,31.11713
1.77,33,31.129143
4.18,23,31.137555
1.79,33,31.852437
1.79,33,31.866938
1.84,33,31.880596
1.07,33,31.903521
1.81,33,31.916587
1.72,33,31.930744
1.8,33,31.943284
1.82,33,31.955778
1.81,33,31.969155
4.22,23,31.978394
1.74,33,31.990774
1.84,33,32.003489
1.77,33,32.016138
1.82,33,32.028837
1.88,33,32.042451
4.15,19,32.050199
1.85,33,32.063795
1.83,33,32.077675
1.75,33,32.089806
4.21,27,32.100161
1.84,33,32.11194
4.22,23,32.120857
1.71,33,32.132946
1.21,33,32.145296
4.22,23,32.154459
1.83,33,32.174731
1.84,33,32.196393
4.21,23,32.210887
1.84,33,32.234065
1.78,33,32.25487
1.81,33,32.268646
1.74,33,32.282423
1.91,33,32.29546
1.85,33,32.30965
4.22,25,32.319965
1.76,33,32.339722
1.84,33,32.35287
4.22,27,32.363553
1.07,33,32.37592
1.88,33,32.388525
4.35,33,32.40112
4.36,33,32.415419
1.83,33,32.428017
1.81,33,32.448048
1.89,33,32.469799
1.81,33,32.483366
1.82,33,32.496281
0.95,33,32.509071
1.79,33,32.521897
1.84,33,32.534989
4.29,31,32.547064
1.14,33,32.559658
1.89,33,32.572903
1.86,33,32.586553
4.37,31,32.601046
1.86,33,32.614045
1.76,33,32.627439
1.09,33,32.641521
1.11,33,32.656105
4.23,25,32.668257
4.33,33,32.681526
1.86,33,32.694978
4.36,33,32.708535
4.3,31,32.722223
4.37,33,32.735802
4.23,27,33.330951
1.87,33,33.351271
1.84,33,33.364134
1.72,33,33.376614
1.78,33,33.389391
1.87,33,33.404187
1.77,33,33.417128
1.78,33,33.429276
1.82,33,33.447326
1.75,33,33.469023
1.77,33,33.482433
4.29,33,33.494951
4.35,33,33.507587
1.04,33,33.520117
4.3,33,33.532663
1.79,33,33.545099
1.83,33,33.557368
1.18,33,33.569749
1.75,33,33.581898
1.82,33,33.594267
1.77,33,33.606534
1.78,33,33.618815
1.9,33,33.63107
4.23,25,33.640735
1.82,33,33.652781
1.78,33,33.665276
1.26,33,33.677557
1.85,33,33.689941
1.82,33,33.702302
1.0,33,33.714611
1.18,33,33.727024
1.82,33,33.739081
4.14,19,33.75349
4.15,19,33.760584
4.21,29,33.771062
4.2,29,33.781374
1.72,33,33.793064
4.14,23,33.80163
1.9,33,33.813291
1.75,33,33.825407
1.75,33,33.837707
1.86,33,33.84985
4.27,27,33.859721
4.13,19,33.866871
4.24,31,33.877767
1.17,33,33.889444
1.83,33,33.901519
1.84,33,33.913819
4.36,33,33.925789
1.19,33,33.937788
1.89,33,33.950296
1.2,33,33.964343
1.85,33,33.981132
4.28,27,34.000732
1.74,33,34.019227
4.21,23,34.032703
1.76,33,34.051093
1.83,33,34.069808
4.34,31,34.083674
1.16,33,34.096205
1.77,33,34.109502
0.99,33,34.12342
1.84,33,34.136137
4.28,27,34.147336
1.88,33,34.159918
4.28,33,34.933965
1.77,33,34.946561
1.85,33,34.959117
1.81,33,34.972123
1.86,33,34.984686
1.82,33,34.997185
1.75,33,35.009867
4.29,29,35.022024
4.22,23,35.030769
1.67,33,35.042988
1.08,33,35.055424
1.75,33,35.067863
1.76,33,35.08002
1.24,33,35.092294
1.87,33,35.104558
1.83,33,35.116782
4.16,25,35.126343
1.84,33,35.139723
4.22,29,35.153271
4.35,33,35.1748
0.93,33,35.190727
1.79,33,35.20344
4.29,33,35.216323
1.83,33,35.22874
1.83,33,35.241317
1.87,33,35.25369
4.21,29,35.264587
1.25,33,35.276535
4.28,29,35.287739
4.15,19,35.295113
1.82,33,35.308906
1.85,33,35.322938
1.75,33,35.348077
1.84,33,35.360248
4.14,19,35.367628
4.28,33,35.379594
4.21,27,35.389744
1.84,33,35.40171
4.15,21,35.409989
1.75,33,35.421839
4.22,25,35.431127
4.23,27,35.446968
1.22,33,35.467185
4.22,23,35.476197
4.33,29,35.487031
1.86,33,35.499286
1.78,33,35.513981
4.21,25,35.527106
1.15,33,35.539618
1.85,33,35.552184
4.29,27,35.563557
4.29,31,35.57507
4.22,23,35.583759
4.21,25,35.593003
4.14,23,35.601618
4.29,31,35.612774
1.9,33,35.624831
1.82,33,35.637068
1.71,33,35.649499
1.8,33,35.663347
1.83,33,35.676237
1.78,33,35.690181
4.29,29,35.703661
1.78,33,35.719185
1.16,33,35.734003
4.21,25,35.743941
1.82,33,35.771728
4.22,23,35.790998
4.28,33,36.447554
1.79,33,36.470111
4.34,31,36.482438
4.21,25,36.492156
4.14,21,36.500472
4.21,25,36.509996
4.26,31,36.521452
4.22,27,36.53233
4.22,25,36.542905
4.27,29,36.554135
4.22,27,36.564967
1.73,33,36.578163
4.16,19,36.586553
4.28,27,36.597239
4.22,23,36.610358
1.86,33,36.626704
1.8,33,36.639998
4.23,25,36.650399
4.23,23,36.663283
1.89,33,36.676589
1.23,33,36.68966
4.22,23,36.698994
4.22,25,36.708771
1.83,33,36.721523
1.0,33,36.73432
1.1,33,36.74735
4.15,19,36.755311
4.22,27,36.765884
4.29,27,36.776618
4.22,27,36.786894
1.87,33,36.799175
1.76,33,36.811613
4.3,29,36.822634
1.03,33,36.842427
4.28,29,36.853739
4.22,25,36.863305
1.79,33,36.875457
4.23,25,36.885263
1.85,33,36.897521
1.2,33,36.909724
4.21,25,36.919367
1.89,33,36.931321
1.78,33,36.943619
1.14,33,36.957394
1.79,33,36.970072
4.22,29,36.980968
1.09,33,36.99281
4.23,25,37.002665
1.17,33,37.014626
1.89,33,37.027061
4.3,29,37.038095
1.11,33,37.050096
4.23,27,37.060306
1.78,33,37.072208
0.92,33,37.084348
4.14,23,37.092964
4.22,23,37.101479
4.22,29,37.111856
1.81,33,37.12352
1.67,33,37.135579
4.22,29,37.146212
1.74,33,37.157867
4.14,21,37.165919
1.87,33,37.177632
1.9,33,37.189477
4.23,25,37.199005
1.23,33,37.218251
4.22,23,37.226886
4.29,29,37.237203
4.21,23,37.245722
4.22,23,37.858269
1.02,33,37.870166
4.29,29,37.881015
4.15,19,37.887989
4.29,29,37.898564
4.23,27,37.908128
4.29,33,37.919831
1.02,33,37.931874
4.16,25,37.941637
1.84,33,37.953452
1.21,33,37.966107
4.21,23,37.974634
4.29,29,37.985075
4.26,31,37.996101
4.29,31,38.007179
4.36,33,38.018853
4.23,25,38.028254
1.82,33,38.04003
1.15,33,38.051885
4.22,27,38.061817
1.56,33,38.073324
4.2,23,38.081774
4.22,25,38.090747
1.8,33,38.10236
4.29,27,38.112786
1.86,33,38.124706
4.28,27,38.134982
4.2,25,38.144581
1.12,33,38.158029
4.16,19,38.165457
4.16,21,38.173317
1.81,33,38.185318
4.22,25,38.202032
4.2,27,38.213433
1.07,33,38.226828
4.22,27,38.239489
1.78,33,38.25252
4.35,33,38.265109
1.82,33,38.27782
1.75,33,38.290468
1.11,33,38.30309
1.04,33,38.317304
4.22,25,38.327209
4.16,19,38.335542
1.8,33,38.348382
1.14,33,38.360512
4.29,33,38.373549
4.28,27,38.384705
4.23,25,38.394139
4.31,29,38.405522
4.37,31,38.417312
4.29,27,38.427267
4.22,23,38.436492
4.14,19,38.454357
1.91,33,38.473902
1.74,33,38.487989
4.26,31,38.502452
4.15,19,38.510679
4.23,23,38.523864
1.85,33,38.536858
4.15,19,38.545681
1.12,33,38.558941
1.79,33,38.572786
4.22,23,38.582586
4.14,19,38.58993
4.35,31,38.601615
4.23,23,38.610968
4.23,27,38.62557
4.23,27,38.636614
4.21,23,38.645792
4.2,31,38.658025
4.22,27,38.668617
4.21,27,38.679554
4.28,33,39.297299
1.12,33,39.309897
1.87,33,39.323755
4.23,23,39.33292
4.21,23,39.341664
4.22,25,39.352863
4.23,25,39.363089
4.22,23,39.372729
4.29,27,39.386193
4.22,25,39.395813
4.16,27,39.405928
4.23,23,39.414646
1.09,33,39.42685
1.15,33,39.440821
4.21,27,39.465108
4.23,25,39.474933
4.23,29,39.486043
4.23,29,39.497409
4.22,25,39.507004
4.23,27,39.517337
4.21,23,39.526065
4.22,27,39.536256
4.29,29,39.547138
1.23,33,39.559294
4.22,29,39.570379
4.23,25,39.579888
4.21,25,39.589407
4.22,27,39.600205
4.3,29,39.611141
4.23,23,39.619898
1.87,33,39.632761
1.18,33,39.653212
4.14,21,39.661671
4.28,31,39.673621
4.23,25,39.683197
4.14,19,39.69068
4.38,31,39.70265
4.23,25,39.712866
4.22,25,39.722378
1.8,33,39.737343
1.18,33,39.750071
4.29,31,39.761701
4.21,25,39.771605
4.22,25,39.780959
4.29,27,39.791298
4.23,31,39.802935
4.23,29,39.814421
4.28,29,39.825257
4.22,23,39.834211
4.14,19,39.841596
1.82,33,39.85376
4.16,25,39.863622
4.22,23,39.87243
1.83,33,39.884936
1.78,33,39.897426
4.23,23,39.906392
4.23,29,39.917517
4.21,23,39.926243
1.08,33,39.938792
1.78,33,39.953293
4.27,27,39.966066
4.22,25,39.975741
4.22,29,39.986929
4.27,33,39.999784
4.22,23,40.0092
4.23,29,40.020179
4.21,25,40.029948
1.17,33,40.050362
4.27,29,40.062153
4.26,31,40.074094
1.79,33,40.086426
4.23,23,40.095606
4.37,33,40.108068
1.8,33,40.778885
4.21,23,40.788473
4.23,23,40.797845
4.21,23,40.807648
4.36,31,40.819333
4.23,27,40.830074
1.78,33,40.844639
4.22,23,40.85374
4.14,19,40.861598
4.3,27,40.87162
4.22,25,40.880924
4.14,21,40.888855
4.33,31,40.901331
1.77,33,40.915101
4.22,25,40.926247
4.29,31,40.937569
4.22,25,40.946972
4.24,25,40.956347
4.29,29,40.967579
4.27,27,40.977589
4.23,25,40.988645
4.23,31,41.003367
4.23,31,41.017035
4.21,25,41.027497
4.22,23,41.036189
4.29,29,41.049782
4.22,27,41.059693
4.21,23,41.069888
4.17,29,41.080733
4.23,25,41.090226
4.34,31,41.109455
4.22,25,41.118842
4.22,23,41.127473
4.22,23,41.136086
4.16,23,41.144678
4.23,27,41.154603
4.22,25,41.163933
4.16,25,41.173024
4.15,19,41.180192
4.16,21,41.187953
1.09,33,41.199937
1.87,33,41.212255
4.23,29,41.222778
4.29,27,41.232739
1.03,33,41.244249
4.22,23,41.252899
1.11,33,41.265493
4.2,23,41.27474
4.21,27,41.286355
4.37,33,41.299665
1.04,33,41.312098
4.27,27,41.326147
4.22,23,41.337016
1.1,33,41.352103
4.3,29,41.363943
4.22,23,41.374546
4.35,33,41.388716
4.15,19,41.396805
4.22,23,41.407114
4.22,23,41.417612
4.27,31,41.429288
4.22,29,41.445023
4.23,27,41.467976
4.23,25,41.480495
0.99,33,41.49429
4.3,29,41.507092
4.16,23,41.517876
4.23,23,41.5268
4.23,27,41.542329
4.27,29,41.554959
4.29,33,41.569276
4.28,27,41.580493
4.23,27,41.592078
4.27,27,41.604122
4.23,31,41.617971
4.27,33,41.633651
4.28,27,42.222327
4.28,29,42.236129
4.33,33,42.248455
4.27,27,42.258559
4.2,25,42.267954
4.23,23,42.276569
4.14,21,42.284468
4.22,23,42.293221
4.36,33,42.305826
4.16,19,42.313351
4.22,23,42.323565
4.26,29,42.334525
4.22,23,42.343132
4.22,25,42.352931
4.23,23,42.361589
4.16,21,42.369592
1.88,33,42.381249
4.14,19,42.38874
4.15,19,42.395772
4.22,23,42.404258
4.36,31,42.415452
4.23,23,42.423737
4.22,23,42.432398
4.23,25,42.443646
4.22,33,42.468857
4.23,25,42.47836
4.15,21,42.486355
4.15,19,42.493567
4.21,25,42.502836
4.22,29,42.513588
4.23,33,42.53225
1.86,33,42.5448
4.15,31,42.556222
4.21,25,42.565614
4.22,25,42.574739
4.22,25,42.584
4.29,29,42.594611
4.22,25,42.603899
4.14,21,42.611835
4.21,23,42.620499
4.3,27,42.630352
4.22,23,42.638772
4.22,27,42.648622
4.23,27,42.658248
4.2,25,42.667512
4.22,25,42.676397
4.14,19,42.683538
1.85,33,42.69515
4.22,27,42.705051
4.14,19,42.713048
4.16,19,42.720265
4.23,29,42.730682
4.22,23,42.739032
4.22,25,42.748362
4.21,27,42.758027
4.17,25,42.767133
4.14,19,42.774139
4.23,23,42.782538
4.23,23,42.790808
4.2,25,42.799858
4.29,27,42.809968
4.23,23,42.819475
4.29,29,42.83005
4.22,23,42.838551
4.22,25,42.847759
4.15,21,42.855446
1.87,33,42.867306
4.14,19,42.874491
4.22,23,42.882892
4.28,29,42.893137
4.22,25,42.909084
4.25,27,42.918979
4.22,23,42.927298
4.14,21,42.935062
4.28,27,42.944907
4.15,19,42.952237
4.23,25,42.961521
1.24,33,42.973308
4.27,27,42.983289
1.88,33,42.994756
4.23,25,43.004058
4.14,21,43.587605
4.22,27,43.59775
4.22,23,43.606311
4.15,19,43.613542
0.95,33,43.625516
4.15,19,43.633126
4.22,29,43.643833
4.23,27,43.653805
1.01,33,43.666326
4.14,19,43.673643
4.15,21,43.681596
4.21,29,43.691935
4.14,19,43.698981
4.15,21,43.706709
4.23,23,43.715404
4.21,25,43.724395
4.22,27,43.734179
4.14,19,43.741351
4.14,19,43.748508
4.28,29,43.758866
4.23,23,43.767398
4.28,33,43.779092
4.23,27,43.789047
4.21,25,43.798136
4.14,19,43.805202
4.21,23,43.813588
4.22,23,43.822054
4.16,21,43.829775
4.21,23,43.838294
4.33,31,43.852605
4.23,23,43.86122
4.29,33,43.873086
4.27,33,43.885018
4.14,19,43.892491
4.3,31,43.903563
4.15,19,43.910597
4.21,23,43.919289
1.74,33,43.930976
1.03,33,43.942949
4.23,29,43.953798
1.78,33,43.966039
4.23,23,43.974743
4.15,19,43.982009
4.22,25,43.990987
4.13,21,43.998821
4.15,19,44.005724
4.23,31,44.01744
4.28,27,44.026973
4.22,25,44.035872
4.22,27,44.045374
1.85,33,44.056818
1.14,33,44.068618
4.14,19,44.07586
1.75,33,44.087929
4.22,25,44.097314
4.22,27,44.107904
4.22,23,44.116363
4.21,25,44.125378
4.16,25,44.134433
4.22,23,44.142923
4.15,19,44.150089
4.23,27,44.159818
4.28,29,44.170569
4.21,23,44.179114
4.14,25,44.187972
4.15,19,44.19496
1.03,33,44.206439
4.15,19,44.213966
4.37,31,44.227895
4.22,27,44.237574
4.22,23,44.245914
4.22,23,44.255756
4.21,25,44.265047
4.29,31,44.276283
4.28,27,44.286239
4.14,21,44.293958
4.14,21,44.301845
4.22,27,44.311444
4.22,29,44.323112
4.21,23,44.331633
1.0,33,44.343359
4.23,23,45.121974
4.24,29,45.13407
4.14,19,45.141462
1.76,33,45.154313
4.23,27,45.166648
4.15,19,45.174619
4.17,19,45.183884
4.23,27,45.19556
4.22,25,45.205475
4.17,21,45.215216
4.22,23,45.225277
4.15,19,45.234244
4.3,29,45.245837
4.15,19,45.253411
4.15,19,45.262581
4.22,23,45.279356
4.27,27,45.305505
4.21,23,45.324144
4.23,25,45.343746
4.14,19,45.363227
4.22,23,45.383911
4.14,19,45.400187
4.23,27,45.422639
4.21,23,45.438813
4.21,25,45.455467
1.86,33,45.474209
4.2,25,45.494705
4.14,19,45.508529
4.28,27,45.532646
4.14,23,45.546092
4.2,23,45.557288
4.3,27,45.569649
4.22,23,45.580146
4.23,25,45.590941
4.22,25,45.601619
4.31,29,45.613823
4.22,25,45.62411
4.22,23,45.637515
4.12,19,45.64631
4.16,19,45.654409
4.14,19,45.662528
4.15,19,45.670724
4.22,23,45.680206
4.14,19,45.688845
4.14,21,45.697445
4.23,25,45.709836
4.22,25,45.720892
4.13,19,45.728988
4.23,25,45.739135
4.16,19,45.747057
4.23,23,45.756587
4.2,23,45.765964
4.22,23,45.775439
4.27,27,45.786936
4.21,25,45.796819
4.15,19,45.804405
4.14,19,45.812265
4.22,23,45.821443
4.14,19,45.829198
4.22,25,45.838994
4.2,27,45.849566
4.14,19,45.857065
4.15,19,45.864748
4.23,27,45.875024
4.29,27,45.885616
4.21,25,45.895211
4.2,23,45.903935
4.22,25,45.913697
4.27,31,45.925413
4.22,23,45.936773
4.22,23,45.948823
4.22,25,45.967042
4.33,33,45.979472
4.22,25,45.990707
4.15,19,45.998149
4.14,21,46.007952
4.22,23,46.01692
4.28,31,46.029667
4.23,27,46.040123
4.14,21,46.048221
4.21,23,46.057132
4.29,31,46.068644
4.22,23,46.077448
4.22,27,46.087713
4.21,23,46.096357
4.16,21,46.104298
4.14,21,46.112481
4.2,25,46.716858
4.14,19,46.72429
4.22,27,46.734371
4.14,19,46.742059
4.21,25,46.751283
4.27,27,46.761439
4.34,31,46.772658
4.14,19,46.779998
4.23,23,46.788616
4.22,27,46.799088
4.15,19,46.806347
1.07,33,46.818258
4.14,23,46.828006
4.3,27,46.839456
4.13,19,46.848056
1.82,33,46.86026
4.15,19,46.868056
4.23,23,46.877492
4.22,29,46.889283
4.15,19,46.896799
4.15,19,46.904196
4.22,27,46.914123
4.22,23,46.922714
4.22,23,46.931221
4.15,19,46.938503
4.15,19,46.952916
4.22,23,46.964078
4.22,29,46.975407
4.27,27,46.985328
4.19,33,46.997234
4.22,23,47.006605
4.14,19,47.014625
4.23,27,47.025425
4.22,23,47.034164
4.29,31,47.046197
4.22,27,47.056175
4.14,23,47.064847
4.22,25,47.073993
4.14,21,47.081821
4.22,23,47.090562
4.14,21,47.098428
4.22,25,47.107644
4.22,25,47.116735
4.14,21,47.124552
4.14,19,47.131563
4.14,19,47.13859
4.23,23,47.146987
4.22,27,47.156862
4.2,23,47.165305
4.21,23,47.173692
4.21,25,47.182584
4.22,25,47.191694
4.15,21,47.199349
4.15,19,47.206573
4.22,23,47.215811
4.21,23,47.224212
4.23,23,47.23263
4.21,23,47.240944
4.22,23,47.249435
4.28,33,47.261034
4.14,19,47.268879
4.23,23,47.278539
4.21,23,47.287901
4.15,19,47.295207
4.14,19,47.302639
1.1,33,47.314381
4.14,19,47.321765
4.22,23,47.333026
4.23,25,47.343521
4.22,23,47.352542
4.14,19,47.360989
4.14,19,47.368482
4.14,19,47.376591
4.27,27,47.386511
4.28,29,47.396921
4.14,19,47.404047
4.2,23,47.412401
4.22,23,47.420735
1.18,33,47.43235
4.15,19,47.439815
4.15,19,47.447878
1.17,33,47.461359
4.23,25,47.472378
4.15,19,47.479652
4.3,29,47.491001
4.22,27,47.500864
4.14,19,48.079252
4.22,25,48.088505
4.3,27,48.098176
4.17,21,48.105862
4.23,23,48.114149
4.22,25,48.12319
4.15,21,48.130795
4.23,29,48.141168
4.3,29,48.151279
4.21,27,48.161118
4.21,23,48.169557
4.36,33,48.181201
4.15,19,48.188909
4.14,21,48.197629
1.03,33,48.210049
4.28,27,48.22115
4.22,23,48.230841
4.28,27,48.241386
4.23,27,48.251164
4.22,23,48.259892
4.14,19,48.266925
4.23,25,48.276143
4.14,19,48.28313
4.22,23,48.295153
1.08,33,48.307715
4.14,19,48.315102
4.23,27,48.3264
4.28,27,48.336356
4.15,23,48.346311
4.14,21,48.354588
4.23,25,48.363801
4.23,23,48.372429
4.22,23,48.381065
4.21,23,48.38971
4.16,25,48.398953
4.14,19,48.406309
4.35,31,48.41754
4.15,19,48.42456
4.16,21,48.432213
4.22,23,48.440647
4.15,19,48.44764
4.23,27,48.457313
4.22,25,48.467048
4.22,23,48.475439
4.15,19,48.482509
4.14,19,48.489723
4.15,19,48.496791
4.24,23,48.505254
4.23,23,48.522372
1.77,33,48.536958
4.23,23,48.547457
4.22,23,48.557261
4.22,23,48.566245
4.27,29,48.577119
4.23,23,48.585754
4.23,27,48.595713
4.22,25,48.605213
4.22,23,48.613663
4.22,25,48.622998
4.23,23,48.631509
4.22,23,48.640235
4.23,25,48.649312
4.16,19,48.656784
4.22,23,48.6663
4.22,25,48.676498
4.15,19,48.686881
4.22,25,48.69739
4.22,23,48.707033
4.22,23,48.716449
4.22,23,48.725357
4.15,19,48.732664
4.14,23,48.741338
4.21,33,48.753187
1.04,33,48.76625
4.22,23,48.775836
4.14,19,48.783216
4.22,23,48.793204
4.22,25,48.802576
4.23,27,48.813523
4.16,21,48.822069
4.15,19,48.829381
4.22,23,48.838164
4.23,25,48.847375
4.29,27,48.857352
4.23,27,48.867113
4.23,25,49.440247
4.27,27,49.449964
4.2,23,49.458484
4.22,23,49.467572
4.21,23,49.476082
4.22,23,49.484857
4.15,19,49.492296
4.23,25,49.501301
4.23,23,49.512514
4.27,29,49.534605
4.15,19,49.541952
4.22,23,49.550455
4.23,25,49.559793
4.22,23,49.568311
4.23,25,49.577627
4.22,25,49.586714
4.14,21,49.59461
4.15,19,49.601924
4.22,25,49.611365
4.15,19,49.618656
4.22,23,49.627183
4.21,23,49.635686
4.15,19,49.643064
4.15,19,49.653947
4.15,23,49.6643
4.21,31,49.675869
4.23,23,49.684621
4.14,19,49.692023
4.14,19,49.699275
4.22,23,49.707826
4.21,25,49.717826
4.22,23,49.726463
4.23,23,49.735056
4.15,19,49.742293
4.15,19,49.749402
4.14,19,49.756539
4.23,25,49.765511
4.3,29,49.77594
4.23,23,49.784289
4.22,23,49.79267
4.22,25,49.801582
4.15,23,49.809937
4.23,25,49.818981
4.22,25,49.827993
4.22,25,49.836986
4.22,23,49.845349
4.17,21,49.852916
4.29,29,49.86323
4.22,25,49.872253
4.29,27,49.881938
4.14,19,49.888972
4.22,23,49.897286
4.22,25,49.90627
4.29,27,49.916084
4.14,19,49.923157
4.2,23,49.93144
4.14,19,49.938476
4.15,19,49.945591
4.15,19,49.9526
4.21,23,49.961568
4.15,19,49.968835
4.22,23,49.977221
4.23,25,49.986189
4.23,27,49.995819
4.22,23,50.00404
1.26,33,50.015454
4.22,27,50.033185
4.21,25,50.043287
4.22,25,50.052292
4.15,19,50.059714
4.14,19,50.066705
4.28,27,50.076365
4.22,25,50.085525
4.29,27,50.095421
4.14,19,50.102422
4.14,19,50.10955
4.14,19,50.116579
4.21,23,50.125154
4.14,19,50.132177
4.29,27,50.141914
4.23,23,50.150193
4.15,19,50.157147
1.1,33,50.168475
4.14,21,50.177148
4.28,29,50.188269
4.23,23,50.197578
4.21,23,50.206179
4.36,31,50.218028
4.22,23,50.82589
4.2,23,50.834749
4.15,19,50.842174
4.14,19,50.84935
4.14,19,50.856734
4.22,23,50.865271
4.14,19,50.872532
4.22,23,50.881178
4.14,19,50.888441
4.14,19,50.895635
4.14,19,50.903136
4.16,19,50.910457
4.23,23,50.919018
4.15,19,50.926288
1.77,33,50.938544
4.22,23,50.948586
4.28,29,50.960708
4.23,23,50.969787
4.29,27,50.980088
4.13,19,50.987556
4.23,23,50.99838
4.15,19,51.009109
4.14,19,51.017615
4.22,23,51.027418
4.22,23,51.036059
4.15,19,51.043847
4.23,23,51.05236
4.22,23,51.061046
4.27,27,51.071205
4.15,19,51.078401
4.27,27,51.088346
4.22,23,51.096817
4.28,27,51.106539
4.21,27,51.116149
4.22,25,51.125161
4.28,27,51.134811
4.23,25,51.143955
4.22,23,51.152364
4.29,29,51.162852
4.22,23,51.171315
4.15,19,51.178286
4.29,27,51.187864
4.14,19,51.194975
4.21,23,51.203254
4.14,19,51.210665
4.15,19,51.218239
4.29,27,51.228027
4.22,25,51.236975
4.15,19,51.24406
4.15,19,51.251078
4.22,23,51.259467
4.22,23,51.267843
4.16,23,51.276155
4.21,23,51.284521
4.28,27,51.294553
4.14,19,51.301586
4.14,19,51.308661
4.15,19,51.315764
4.14,19,51.322831
4.22,23,51.331161
4.14,19,51.338236
4.15,19,51.345264
4.14,19,51.352339
4.15,19,51.359439
4.22,23,51.367735
4.23,23,51.375904
4.22,25,51.387929
4.15,19,51.396109
4.14,19,51.40324
4.13,19,51.411837
4.14,19,51.419
4.22,25,51.428309
4.22,25,51.437346
4.22,23,51.445666
4.14,19,51.45284
4.29,27,51.463277
4.14,19,51.470371
4.14,19,51.477386
4.14,19,51.48439
4.14,19,51.491433
4.14,19,51.498389
4.14,21,51.506084
4.15,19,51.516245
4.22,23,51.535736
4.23,23,51.544403
4.22,23,51.553044
1.82,33,51.564944
4.15,19,51.573323
4.14,19,51.581587
4.29,27,51.592528
4.37,31,51.603815
4.15,19,51.611083
4.22,23,52.164134
4.15,19,52.171551
4.15,19,52.178606
1.02,33,52.19034
4.15,19,52.198312
4.14,19,52.207357
4.15,19,52.215304
4.23,25,52.224723
4.23,23,52.233226
4.22,23,52.24215
4.15,19,52.249199
4.14,19,52.25631
4.29,29,52.266763
4.22,23,52.275199
4.15,19,52.28221
4.14,19,52.289439
4.14,19,52.296365
4.14,19,52.303385
4.15,21,52.311157
4.14,19,52.318152
4.14,19,52.32868
4.22,23,52.338975
4.14,19,52.346687
4.15,19,52.353987
4.21,25,52.363542
4.22,23,52.372407
4.22,23,52.380724
4.29,29,52.391238
4.16,21,52.398912
4.14,19,52.405961
4.21,23,52.414287
4.15,19,52.42129
4.14,19,52.428499
0.83,33,52.440024
4.22,23,52.449527
4.14,19,52.457724
4.14,19,52.465703
4.28,27,52.47567
4.14,19,52.482821
4.14,19,52.490064
4.22,23,52.49857
4.3,29,52.509015
4.2,23,52.523371
4.22,23,52.538992
4.22,23,52.547771
4.22,23,52.556249
4.3,27,52.566286
4.14,19,52.573611
4.22,23,52.582071
4.15,19,52.589339
4.13,19,52.596613
4.23,23,52.605143
4.15,19,52.612329
4.21,23,52.620827
4.36,31,52.632175
4.14,19,52.63945
4.3,29,52.650135
4.22,23,52.658666
4.23,23,52.667212
4.14,19,52.674842
4.23,23,52.683493
4.23,23,52.692002
4.14,19,52.699111
4.22,25,52.708176
4.14,19,52.716009
4.22,23,52.728604
4.23,23,52.737457
4.14,19,52.746091
4.21,25,52.755467
4.14,19,52.762617
4.14,19,52.76966
4.15,19,52.776703
4.14,19,52.783776
4.14,19,52.790908
4.21,23,52.799265
4.21,25,52.80835
4.21,23,52.81668
4.14,21,52.82442
4.22,23,52.832817
4.22,23,52.841277
4.23,23,52.849782
4.14,21,52.857545
4.22,23,52.865897
4.14,19,52.872957
4.21,23,52.88135
4.22,23,52.88985
4.22,23,52.898162
4.21,23,52.90648
4.14,19,52.91352
4.22,23,52.921859
4.14,19,52.928906
4.15,19,52.935931
4.14,19,52.94302
4.22,23,52.951397
4.23,23,53.508667
4.15,19,53.520589
4.22,23,53.536286
4.14,19,53.545789
4.15,19,53.552981
4.22,23,53.561802
4.23,23,53.570454
4.22,25,53.57968
4.21,23,53.588786
4.21,23,53.597567
4.15,19,53.604938
4.23,23,53.613573
4.14,19,53.620838
4.29,27,53.630858
4.22,23,53.639487
4.14,19,53.646656
4.14,19,53.653866
4.22,23,53.670663
4.22,23,53.68044
4.14,19,53.687759
4.22,25,53.697636
4.14,19,53.704822
4.14,19,53.712907
4.14,19,53.720197
4.21,23,53.728859
4.14,19,53.736103
4.22,23,53.744671
4.15,19,53.751897
4.22,23,53.760586
4.21,23,53.769018
4.22,23,53.777522
4.28,27,53.787194
4.14,19,53.794268
4.28,27,53.803992
4.22,23,53.812511
4.15,19,53.819561
4.21,23,53.828011
4.21,23,53.836459
4.23,25,53.845534
4.13,19,53.852567
4.22,23,53.861025
4.15,19,53.868114
4.14,19,53.875316
4.13,19,53.882391
4.14,19,53.889478
4.14,23,53.897933
4.22,23,53.906526
4.14,21,53.914259
4.22,23,53.922777
4.22,23,53.931143
4.22,23,53.939611
4.22,23,53.948021
4.14,19,53.955069
4.14,19,53.962867
4.15,19,53.970003
4.14,21,53.977869
4.14,19,53.984939
4.3,27,53.994673
4.14,19,54.001796
4.13,19,54.00895
4.23,23,54.017327
4.14,19,54.024268
4.15,19,54.031135
4.14,19,54.038031
4.14,19,54.052963
4.15,19,54.061546
4.22,23,54.070142
4.14,19,54.077418
4.22,25,54.0868
4.23,27,54.096579
4.15,19,54.103675
4.13,19,54.110807
4.23,25,54.119945
4.21,23,54.12843
4.22,23,54.136787
4.2,23,54.145198
4.14,21,54.152869
1.28,33,54.16442
4.14,21,54.172563
4.22,27,54.182722
4.2,23,54.192372
4.21,25,54.201459
4.14,19,54.209287
4.21,23,54.218543
4.28,27,54.228347
4.14,19,54.235507
4.15,19,54.242743
4.14,21,54.251032
4.29,27,54.261198
4.15,19,54.268453
4.22,23,54.277039
4.14,19,54.284308
4.22,23,54.293137
4.22,23,54.301516
4.37,31,54.888532
4.21,23,54.897365
4.22,23,54.906067
4.14,19,54.913207
4.14,19,54.920124
4.14,21,54.928006
4.22,25,54.937295
4.14,19,54.944294
4.15,19,54.951254
4.14,19,54.958418
4.22,23,54.967718
4.14,19,54.974845
4.14,21,54.982613
4.14,19,54.989672
4.14,19,54.99671
4.22,23,55.008523
4.14,19,55.016846
4.22,23,55.026679
4.14,19,55.033777
4.22,25,55.043464
4.15,19,55.050553
4.21,25,55.059681
4.14,19,55.066707
4.22,25,55.075825
4.21,23,55.084215
0.83,33,55.095734
4.28,29,55.107571
4.14,19,55.11471
4.14,19,55.122889
4.22,23,55.13145
4.15,19,55.139144
4.15,19,55.14624
4.22,23,55.154878
4.27,27,55.164593
4.21,23,55.172973
4.19,23,55.181356
4.3,29,55.191843
4.21,23,55.200306
4.14,19,55.207601
4.14,19,55.215583
4.15,19,55.222676
4.15,19,55.229796
4.22,23,55.238322
4.14,19,55.245442
4.13,19,55.252496
4.15,19,55.259634
4.14,19,55.26705
4.21,23,55.275406
4.23,23,55.283796
4.14,19,55.290986
4.14,19,55.297987
4.14,19,55.305141
4.14,19,55.312277
4.14,19,55.319289
4.13,21,55.327107
4.14,19,55.334104
4.23,23,55.342536
4.21,23,55.350981
4.14,19,55.358208
4.15,19,55.36529
4.14,19,55.372447
4.23,23,55.383877
4.13,19,55.392012
4.14,19,55.399304
4.13,19,55.407446
4.14,21,55.415254
4.21,23,55.423956
4.22,25,55.43312
4.15,19,55.440279
4.22,23,55.448803
4.14,21,55.456559
4.22,23,55.465792
4.14,19,55.473047
4.15,19,55.480143
4.14,19,55.487511
4.13,19,55.494553
4.31,27,55.504321
4.22,23,55.513747
4.28,27,55.536733
4.14,19,55.544216
4.14,19,55.551573
4.15,19,55.558836
4.23,23,55.567531
4.14,19,55.574796
4.15,19,55.582001
4.13,19,55.58927
4.23,25,55.598487
4.14,19,55.605684
4.14,19,55.612653
4.14,21,55.620468
4.14,19,55.627578
4.14,19,55.634646
4.14,21,55.642458
4.14,19,55.649702
4.21,25,55.65876
4.15,19,55.665973
4.15,19,56.226184
4.15,19,56.23357
4.15,19,56.240712
4.14,21,56.248469
4.14,19,56.255792
4.15,19,56.262914
4.14,19,56.269997
0.97,33,56.281761
4.15,21,56.290649
4.15,19,56.297965
4.15,19,56.306341
4.14,19,56.313702
4.14,19,56.321027
4.13,19,56.328067
4.15,19,56.338581
4.15,23,56.347307
4.15,19,56.355127
4.22,23,56.364435
4.21,23,56.3739
4.13,19,56.381025
4.13,21,56.389175
4.15,21,56.396924
4.14,19,56.404047
4.15,19,56.411078
4.28,27,56.420883
4.14,19,56.427902
4.15,19,56.43518
4.22,23,56.443491
4.14,19,56.450541
4.14,19,56.45774
4.15,19,56.46552
4.14,19,56.472714
4.21,23,56.481131
4.14,21,56.488935
0.97,33,56.500486
4.14,19,56.508814
4.14,19,56.52031
4.14,19,56.537041
4.14,19,56.547216
4.14,21,56.55541
4.14,19,56.562712
4.15,21,56.570719
4.14,19,56.578133
4.15,21,56.586045
4.14,19,56.593381
4.15,19,56.600501
4.14,19,56.607727
4.22,23,56.616339
4.29,27,56.626368
4.16,23,56.634879
4.23,29,56.645531
4.15,19,56.652666
4.15,19,56.659913
4.15,19,56.66716
4.15,19,56.674631
4.22,23,56.683336
4.15,19,56.691047
4.14,21,56.698885
4.14,19,56.706208
4.15,19,56.714685
4.15,21,56.725809
4.14,21,56.735002
4.14,19,56.745833
4.22,23,56.756992
4.14,19,56.764818
4.14,19,56.772519
4.14,19,56.779707
4.22,23,56.788344
4.14,19,56.795622
4.15,19,56.802813
4.14,21,56.810721
4.22,23,56.819599
4.15,19,56.826892
4.14,19,56.834002
4.14,19,56.841172
4.15,19,56.848247
4.22,23,56.856707
4.15,19,56.863775
4.22,23,56.872263
4.14,19,56.879479
4.14,19,56.886518
4.15,19,56.893753
4.14,19,56.900766
4.22,23,56.909284
4.15,19,56.916301
4.21,23,56.924716
4.22,25,56.933728
4.15,21,56.941569
4.14,19,56.948696
4.14,19,56.955797
4.14,19,56.963533
4.14,19,56.970582
4.15,19,56.97784
4.15,19,56.985071
4.15,19,56.992194
4.15,19,56.999371
4.14,19,57.006493
4.14,19,57.013489
4.14,19,57.020518
4.14,19,57.027586
4.14,19,57.034601
4.15,19,57.605139
4.22,23,57.613981
4.22,23,57.622834
4.21,23,57.631292
4.15,19,57.638451
4.14,21,57.64627
4.22,25,57.655209
4.22,23,57.663779
4.21,23,57.67208
4.14,19,57.679183
4.14,19,57.689849
4.14,19,57.698617
4.14,19,57.705986
4.14,19,57.715313
4.14,19,57.722377
4.14,19,57.729528
4.15,19,57.736534
4.15,19,57.743684
4.14,19,57.750677
4.15,19,57.75771
4.23,23,57.766133
4.14,19,57.773174
4.22,23,57.781593
4.14,19,57.788585
4.14,19,57.795716
4.14,19,57.80278
4.14,19,57.809812
4.14,19,57.81692
4.15,19,57.823924
4.15,19,57.830951
4.15,19,57.838063
4.14,19,57.845067
4.21,23,57.853498
4.14,19,57.860525
4.15,19,57.867546
4.14,19,57.874666
4.14,19,57.88162
4.15,19,57.888855
4.14,19,57.895969
4.14,19,57.902953
4.15,19,57.910072
4.15,19,57.917096
4.15,19,57.924112
4.29,27,57.933919
4.22,23,57.942309
1.0,33,57.953961
4.22,23,57.963972
4.15,19,57.971654
4.15,19,57.979584
4.14,19,57.986835
4.14,19,57.993843
4.15,19,58.001061
4.22,23,58.009513
4.15,19,58.016613
4.15,19,58.023624
4.14,19,58.030736
4.14,19,58.037778
4.22,23,58.046077
4.22,23,58.0545
4.26,31,58.068732
4.15,19,58.076914
4.14,19,58.084692
4.14,19,58.091826
4.15,21,58.100065
4.15,19,58.107273
4.15,19,58.114552
4.22,23,58.122783
4.21,23,58.131135
4.15,19,58.138097
4.14,19,58.145151
4.22,23,58.15347
4.21,23,58.161874
4.14,19,58.168911
4.14,19,58.175914
4.15,19,58.182914
4.14,21,58.190627
4.14,19,58.197564
4.14,19,58.204414
4.14,19,58.211918
1.13,33,58.223183
4.14,19,58.230409
4.15,19,58.238679
4.14,19,58.246506
4.14,19,58.253641
4.14,19,58.26075
4.14,19,58.268338
4.22,23,58.276786
4.15,19,58.28396
4.14,19,58.291042
4.23,23,58.299365
4.14,19,58.306468
4.14,19,58.313567
4.15,19,58.320566
4.15,19,58.327639
4.14,19,58.334656
4.15,19,58.341702
4.15,21,58.349243
4.15,19,58.356278
4.22,25,58.364974
4.14,19,58.371979
4.15,19,58.947292
4.15,19,58.95447
4.15,19,58.962354
4.14,19,58.969479
4.14,19,58.976542
4.21,23,58.984942
4.14,21,58.992731
4.14,19,58.999703
4.23,23,59.008118
4.15,19,59.018873
4.14,19,59.02898
4.21,23,59.037523
4.15,19,59.044835
4.14,19,59.052576
4.2,23,59.061055
4.14,19,59.068164
4.13,19,59.075169
4.14,19,59.082213
4.14,19,59.089509
4.13,19,59.0965
4.22,25,59.105662
4.22,23,59.11397
4.15,19,59.120977
4.14,19,59.128083
4.15,19,59.135054
4.2,25,59.144092
4.14,19,59.15112
4.15,19,59.158175
4.14,19,59.165239
4.14,19,59.172276
4.15,19,59.179328
4.14,19,59.186417
4.22,25,59.195526
4.14,19,59.202587
4.14,19,59.209628
4.15,19,59.217417
4.14,19,59.224536
4.15,19,59.231665
4.15,19,59.238771
4.13,19,59.247129
4.14,21,59.255751
4.14,19,59.263978
4.22,25,59.273136
4.14,19,59.280372
4.15,19,59.2874
4.14,19,59.29444
4.13,19,59.301522
4.15,19,59.308631
4.14,19,59.315639
4.14,19,59.32266
1.09,33,59.334419
4.14,19,59.342519
4.15,21,59.351381
4.15,19,59.359308
4.15,19,59.366664
4.15,19,59.373754
4.15,19,59.380828
4.14,19,59.387873
4.14,19,59.398248
4.15,19,59.405522
4.22,25,59.415475
4.14,19,59.422643
4.14,19,59.43087
4.14,19,59.438364
4.13,19,59.445641
4.15,19,59.452695
4.15,19,59.459787
4.15,19,59.467375
4.15,19,59.474441
4.13,21,59.482142
4.14,19,59.489091
4.21,23,59.497437
4.15,19,59.504587
4.23,23,59.51287
4.14,19,59.523718
4.22,23,59.543188
4.15,19,59.550401
4.37,33,59.562369
4.15,19,59.570044
4.14,19,59.578234
4.21,23,59.587629
4.14,19,59.595015
4.15,19,59.602488
4.14,19,59.609827
4.14,19,59.61702
4.15,19,59.624403
4.14,19,59.631561
4.15,21,59.639461
4.14,19,59.64686
4.14,19,59.654099
4.14,21,59.662036
4.22,23,59.670653
4.14,19,59.677827
4.14,19,59.685357
4.21,23,59.694072
4.21,23,59.70261
4.21,23,59.711553
4.28,27,59.721558
4.14,19,59.728832
4.14,19,59.73595
1.05,33,60.294368
4.14,19,60.302257
4.14,19,60.310601
4.2,23,60.31975
4.15,19,60.327767
4.14,19,60.335274
4.14,19,60.342553
4.13,19,60.353412
4.21,23,60.3621
4.14,21,60.37103
4.12,19,60.379026
4.15,19,60.38734
4.14,19,60.394806
4.22,23,60.40358
4.13,19,60.410877
4.14,19,60.418227
4.13,19,60.425489
4.14,19,60.432628
4.14,19,60.439925
4.13,19,60.44706
4.21,23,60.455563
4.21,23,60.464768
4.14,19,60.471879
4.14,19,60.478987
4.15,19,60.486135
4.15,19,60.493148
4.14,19,60.500202
4.14,19,60.507312
4.15,19,60.514305
4.13,19,60.531733
4.14,19,60.543262
4.15,19,60.550526
4.14,19,60.557869
4.15,19,60.565218
4.22,23,60.574057
4.22,23,60.582704
4.22,23,60.591291
4.14,19,60.598518
4.13,19,60.605831
4.14,19,60.61298
4.14,19,60.620404
4.14,19,60.62769
4.21,23,60.636596
4.15,19,60.643895
4.14,19,60.65129
4.14,19,60.658597
4.21,23,60.667331
4.21,23,60.676009
4.14,19,60.683524
4.14,19,60.69071
4.22,23,60.699123
4.21,25,60.708227
4.15,19,60.716096
4.15,19,60.723171
4.14,19,60.730178
4.14,19,60.737423
4.21,23,60.748938
4.15,19,60.757321
4.13,19,60.764498
4.14,19,60.772465
4.14,19,60.779536
4.14,19,60.786889
4.15,19,60.793964
4.14,19,60.801048
4.13,19,60.8081
1.67,33,60.819693
4.21,23,60.829075
4.28,27,60.840016
4.22,23,60.848366
4.14,19,60.855726
4.22,23,60.864056
4.15,19,60.871274
4.14,19,60.878913
4.15,19,60.886161
4.15,19,60.893345
4.15,19,60.900283
4.14,19,60.90737
4.14,19,60.914427
4.15,19,60.921511
4.15,19,60.928508
4.15,19,60.935706
4.14,19,60.942833
4.13,21,60.950494
4.13,19,60.957629
4.14,19,60.96546
4.14,19,60.97271
4.14,19,60.979738
4.14,19,60.986871
4.22,27,60.996505
4.21,23,61.004982
4.15,19,61.011992
4.15,21,61.019732
4.13,19,61.026807
4.13,21,61.034553
4.15,19,61.041554
4.15,19,61.048611
4.14,19,61.055724
4.21,23,61.064072
4.14,19,61.071236
4.14,19,61.078293
4.14,19,61.085414
4.14,19,61.092452
4.14,19,61.663927
4.14,19,61.671269
4.14,19,61.678489
4.14,19,61.685948
4.14,19,61.696639
4.14,19,61.70576
4.14,19,61.713849
4.13,19,61.721649
4.14,19,61.728906
4.15,19,61.736544
4.15,19,61.743958
4.14,19,61.751212
4.13,19,61.758713
4.21,23,61.767324
4.15,19,61.774528
4.22,23,61.783067
4.14,19,61.790482
4.13,19,61.797674
4.21,23,61.806098
4.12,19,61.813267
4.28,27,61.823071
4.14,19,61.830127
4.14,19,61.837208
4.2,23,61.845536
4.14,19,61.852614
4.29,27,61.862317
4.13,19,61.869376
4.15,19,61.876403
4.21,23,61.884697
4.22,23,61.893145
4.13,19,61.900214
4.15,19,61.907314
4.14,19,61.914357
4.28,29,61.924682
4.14,19,61.931736
4.14,19,61.938932
4.14,19,61.945936
4.14,19,61.952969
4.21,23,61.961986
4.14,19,61.969201
4.15,19,61.976216
4.14,19,61.983299
4.21,23,61.991834
4.13,19,61.999005
4.21,23,62.007416
4.12,19,62.014509
4.15,21,62.022301
4.2,23,62.030635
4.13,19,62.037649
4.14,19,62.044455
4.26,27,62.054018
4.14,19,62.060931
4.14,19,62.067804
4.13,21,62.079436
4.15,19,62.087883
4.13,19,62.095049
4.13,19,62.10223
4.28,29,62.112538
4.14,19,62.119719
4.15,19,62.126704
4.14,19,62.133691
4.13,19,62.140802
4.2,25,62.149769
4.15,19,62.156773
4.15,19,62.163911
4.14,19,62.171042
4.2,23,62.17946
4.15,19,62.18638
4.14,21,62.19395
4.13,19,62.200869
4.14,19,62.207787
1.76,33,62.219979
4.14,19,62.227608
4.22,23,62.237827
4.13,19,62.245085
4.22,23,62.254059
4.21,25,62.263155
4.14,21,62.271082
4.15,19,62.278183
4.21,25,62.287258
4.14,19,62.2943
4.15,19,62.301386
4.15,19,62.308619
4.15,19,62.315669
4.22,23,62.324096
4.22,23,62.332413
4.14,19,62.339514
4.15,19,62.346517
4.14,19,62.353577
4.14,19,62.360446
4.13,19,62.367293
4.14,19,62.374384
4.14,19,62.381175
4.13,19,62.388133
4.22,23,62.396302
4.22,23,62.404614
4.22,23,62.412813
4.2,23,62.421128
4.13,19,62.428046
4.14,19,63.007679
4.14,19,63.01492
4.14,19,63.025711
4.2,23,63.035665
4.14,19,63.04392
4.14,19,63.050984
4.14,19,63.058246
4.21,23,63.066598
4.28,27,63.076465
4.14,19,63.083595
4.13,19,63.091012
4.21,23,63.099356
4.14,19,63.106523
4.13,21,63.114137
4.15,19,63.121232
4.14,19,63.128388
4.15,19,63.135413
4.14,19,63.142581
4.21,23,63.150942
4.14,19,63.158007
4.14,19,63.16508
4.14,19,63.172151
4.21,23,63.18049
4.13,19,63.187721
4.15,19,63.194898
4.13,19,63.201944
4.14,19,63.209001
4.14,19,63.216903
4.14,19,63.224198
4.15,19,63.231384
4.14,19,63.238386
4.14,19,63.245446
4.13,19,63.252832
4.13,19,63.263462
4.21,23,63.27586
4.14,19,63.286638
4.15,19,63.297418
4.15,19,63.307765
4.15,19,63.318109
4.13,19,63.326878
4.14,19,63.334245
4.14,19,63.341718
4.14,19,63.349132
4.14,19,63.35656
4.13,19,63.363859
4.14,19,63.371295
4.14,19,63.378615
4.15,19,63.38596
4.27,27,63.396071
4.14,19,63.403257
4.21,23,63.411906
4.14,19,63.419111
4.23,23,63.431304
4.15,19,63.440474
4.15,19,63.447912
4.14,19,63.455267
4.15,19,63.463323
4.14,19,63.470672
4.22,23,63.47922
4.15,19,63.486568
4.13,19,63.493776
4.14,19,63.500971
4.14,19,63.508282
4.14,19,63.515435
4.23,23,63.527749
4.14,19,63.541251
4.15,19,63.551697
4.14,19,63.559095
4.2,23,63.568009
4.2,23,63.576745
4.13,19,63.584284
4.15,19,63.591897
1.11,33,63.604276
4.15,21,63.613819
4.15,19,63.622605
4.14,19,63.630117
4.14,19,63.638106
4.14,19,63.645569
4.14,19,63.653198
4.15,19,63.660518
4.15,21,63.668799
4.14,19,63.676142
4.14,19,63.683486
4.14,19,63.691
4.14,19,63.698407
4.15,19,63.70589
4.15,19,63.71394
4.13,19,63.721262
4.14,19,63.728492
4.15,19,63.735925
4.13,19,63.743268
4.14,19,63.750467
4.14,19,63.75788
4.13,19,63.765046
4.22,23,63.773755
4.15,19,63.780905
4.15,19,63.788457
4.15,19,63.795683
4.2,23,63.804357
4.21,23,63.813033
4.22,23,63.821634
4.2,23,63.830159
4.15,19,64.403529
4.14,19,64.410637
4.14,19,64.417837
4.14,19,64.424967
4.22,23,64.433348
4.21,23,64.44181
4.14,19,64.448936
4.14,19,64.456242
4.14,19,64.464215
4.15,21,64.472009
4.15,19,64.479247
4.14,19,64.48657
4.14,19,64.493546
4.14,21,64.501219
4.14,19,64.508449
4.15,19,64.515449
4.14,19,64.52465
4.14,19,64.543489
4.14,19,64.551265
4.14,19,64.558716
4.14,19,64.565923
4.14,19,64.573154
4.14,19,64.580431
4.15,19,64.587679
4.14,19,64.594921
4.22,23,64.603524
4.14,19,64.610726
4.21,23,64.619323
4.21,23,64.627951
4.14,19,64.635174
4.22,23,64.643967
4.15,19,64.651192
4.14,19,64.658583
4.13,21,64.666454
4.14,19,64.673743
4.22,23,64.682094
4.13,19,64.689326
4.14,19,64.696248
4.21,23,64.704673
4.14,19,64.712449
4.14,19,64.719551
4.14,19,64.726564
4.14,19,64.734094
4.15,19,64.741191
4.14,19,64.748171
4.14,19,64.755343
4.21,23,64.763731
4.15,19,64.77087
0.87,33,64.782421
4.22,23,64.795255
4.14,19,64.80345
4.13,19,64.811625
4.15,19,64.819305
4.15,19,64.827307
4.14,19,64.834779
4.14,19,64.841843
4.13,19,64.84881
4.14,19,64.856079
4.14,19,64.863302
4.15,19,64.870473
4.14,19,64.877604
4.14,19,64.884715
4.14,19,64.891651
4.22,23,64.900052
4.15,19,64.907192
4.14,19,64.914331
4.13,19,64.921443
4.15,19,64.92857
4.15,21,64.93662
4.15,19,64.943708
4.13,19,64.950822
4.14,19,64.957844
4.14,19,64.965955
4.14,19,64.973132
4.21,23,64.981751
4.14,19,64.989302
4.14,19,64.996246
4.14,19,65.003442
4.21,25,65.012336
0.83,33,65.024064
4.14,19,65.031914
4.15,19,65.040027
4.14,19,65.047364
4.14,19,65.055015
4.13,19,65.062191
4.15,19,65.069974
4.13,19,65.077125
4.13,21,65.085319
4.15,19,65.092483
4.14,19,65.099512
4.13,19,65.106731
4.15,19,65.11367
4.15,19,65.120849
4.15,21,65.128682
4.14,19,65.135922
4.13,19,65.143147
4.14,19,65.150181
4.14,19,65.157319
4.14,19,65.164456
4.14,19,65.171668
4.14,21,65.182755
4.23,23,65.193325
4.14,19,65.200392
4.14,19,65.785337
4.15,19,65.792986
4.15,19,65.80016
4.15,19,65.80759
4.14,19,65.814916
4.14,19,65.822174
4.15,19,65.829387
4.21,27,65.839312
4.14,19,65.846438
4.15,19,65.853687
4.15,19,65.860743
4.14,19,65.868205
4.14,19,65.875448
4.14,19,65.882655
4.21,23,65.891308
4.14,19,65.898418
4.15,19,65.90566
4.15,19,65.912701
4.15,21,65.920543
4.14,19,65.927568
4.14,19,65.93459
4.14,19,65.941922
4.14,19,65.948914
4.14,19,65.956278
4.14,19,65.964038
4.14,19,65.971145
4.14,19,65.978268
4.14,19,65.985402
4.15,19,65.99254
4.13,19,65.999707
4.14,19,66.007034
4.14,19,66.014106
4.15,19,66.021169
4.14,19,66.028268
4.14,19,66.035348
4.14,19,66.042382
4.15,19,66.049412
4.14,19,66.056479
4.14,19,66.063645
4.13,21,66.071439
4.2,23,66.079726
4.15,19,66.086951
4.14,19,66.093988
4.15,19,66.100886
4.14,19,66.107906
4.29,27,66.11734
4.14,19,66.124262
4.14,19,66.131094
4.21,23,66.143538
4.14,19,66.15198
4.15,19,66.159748
4.14,19,66.166795
4.15,19,66.174259
4.15,19,66.181337
4.14,19,66.188655
4.15,19,66.195822
4.14,19,66.202994
4.15,19,66.21017
4.14,19,66.21801
4.15,19,66.224968
4.14,19,66.232026
4.14,19,66.239136
4.14,19,66.246126
4.14,19,66.253329
4.13,19,66.260444
4.15,19,66.267447
4.15,19,66.274318
4.14,21,66.28178
4.15,19,66.288939
4.15,19,66.295993
4.22,23,66.304322
4.14,19,66.311183
4.2,23,66.319486
4.14,19,66.326332
4.14,19,66.333169
4.15,19,66.34006
4.34,31,66.350831
4.14,19,66.357791
4.14,19,66.364631
4.14,19,66.372167
4.15,19,66.379148
4.14,19,66.386105
4.21,23,66.394315
4.15,19,66.401269
4.22,23,66.409608
4.15,19,66.416476
4.21,23,66.424656
4.14,19,66.431531
4.15,19,66.438439
4.14,19,66.445288
4.15,19,66.452291
4.14,19,66.459039
4.15,19,66.466749
4.15,19,66.473717
4.14,19,66.480564
4.15,19,66.487529
4.15,21,66.495079
4.15,19,66.502103
4.14,19,66.512209
4.14,19,66.520644
4.15,19,66.535721
4.14,19,66.550494
4.14,19,66.558223
4.15,19,66.565537
4.14,19,67.11795
4.15,19,67.125094
4.22,25,67.134333
4.21,23,67.142716
4.22,23,67.151152
4.14,19,67.158305
4.22,23,67.166632
4.14,21,67.174482
4.14,19,67.18153
4.15,19,67.188715
4.14,19,67.196223
4.14,19,67.203408
4.14,19,67.210841
4.14,19,67.218434
4.14,19,67.225615
4.14,19,67.232757
4.15,19,67.23982
4.14,19,67.246872
4.15,19,67.254026
4.22,23,67.26231
4.14,19,67.269387
4.15,19,67.276502
4.14,19,67.283605
4.29,27,67.293513
4.15,19,67.300564
4.14,19,67.307657
4.14,19,67.314887
4.14,19,67.322181
4.21,23,67.330666
4.15,19,67.337785
4.14,19,67.344894
4.14,19,67.352021
4.14,19,67.359135
4.15,19,67.366077
4.14,19,67.372967
4.15,19,67.379742
4.15,19,67.386802
4.14,19,67.393869
4.14,19,67.400651
4.14,19,67.407538
4.21,23,67.415776
4.15,19,67.422733
4.14,19,67.429666
4.14,19,67.436692
4.14,19,67.443609
4.15,19,67.454022
4.14,19,67.463046
4.14,19,67.47095
4.14,19,67.478098
4.28,27,67.488274
4.29,27,67.498182
4.15,19,67.505284
4.14,19,67.512314
4.15,19,67.519675
4.14,19,67.532415
4.15,19,67.548118
4.14,19,67.555604
4.14,19,67.562953
4.15,21,67.570927
4.15,19,67.578393
4.15,19,67.585657
4.14,19,67.592815
4.15,19,67.600256
4.15,19,67.607367
4.22,23,67.615938
4.14,19,67.623005
4.21,23,67.631526
4.15,19,67.638719
4.14,19,67.645831
4.15,19,67.653029
4.15,19,67.660183
4.15,19,67.667211
4.15,19,67.674228
4.15,19,67.681331
4.15,19,67.68835
4.14,19,67.695693
4.14,19,67.703258
4.14,19,67.710654
4.15,19,67.718341
4.15,19,67.72539
4.15,19,67.732694
4.37,31,67.74379
4.21,23,67.752123
4.15,19,67.759158
4.14,19,67.76622
4.14,21,67.773908
4.22,23,67.782235
4.14,19,67.789355
4.14,19,67.796405
4.14,19,67.803467
4.14,19,67.810367
4.15,19,67.817437
4.15,19,67.824412
4.14,19,67.831392
4.15,19,67.838509
4.21,23,67.850276
4.14,19,67.858445
4.15,19,67.865549
4.28,29,67.877225
4.14,19,67.884412
4.15,19,67.891375
4.14,19,67.898577
4.15,19,67.905847
4.14,19,68.45794
4.15,19,68.465969
4.22,23,68.474436
4.14,19,68.481419
4.15,19,68.488538
4.15,19,68.495538
4.29,27,68.505344
4.22,23,68.513669
4.15,19,68.520758
4.14,19,68.532553
4.15,19,68.545702
4.22,23,68.557137
4.14,19,68.56443
4.29,27,68.574388
4.22,23,68.583009
4.15,19,68.590153
4.15,19,68.597342
4.14,19,68.604588
4.15,19,68.61176
4.14,21,68.619784
4.15,19,68.627008
4.15,19,68.63418
4.14,19,68.641206
4.21,23,68.64974
4.22,23,68.658134
4.14,19,68.66538
4.22,23,68.674447
4.14,19,68.681532
4.22,23,68.690538
4.14,19,68.697585
4.22,23,68.706044
4.15,19,68.713889
4.13,19,68.721062
4.14,19,68.728222
4.14,19,68.735352
4.15,19,68.742341
4.15,19,68.749438
4.22,23,68.757853
4.14,21,68.765508
4.14,19,68.772663
4.14,19,68.779679
4.14,19,68.790236
4.14,19,68.798673
4.14,19,68.80681
4.15,19,68.813962
4.14,19,68.821373
4.14,21,68.829162
4.15,19,68.836259
4.15,19,68.843278
4.14,19,68.85038
4.21,23,68.858669
4.22,23,68.867116
4.15,19,68.874175
4.15,19,68.88121
4.14,19,68.888396
4.22,23,68.89675
4.15,19,68.90372
4.14,19,68.910778
4.15,19,68.917863
4.22,23,68.92618
4.14,19,68.933318
4.14,19,68.940297
4.21,23,68.948645
4.15,19,68.955683
4.14,19,68.963467
4.14,19,68.970563
4.15,19,68.977678
4.15,19,68.984782
4.15,19,68.9918
4.14,19,68.99891
4.14,19,69.00584
4.15,19,69.012775
4.14,19,69.019942
4.15,19,69.026928
4.14,19,69.034041
4.29,27,69.044108
4.15,19,69.051194
4.14,19,69.058318
4.21,23,69.066786
4.14,19,69.073723
4.15,19,69.080734
4.21,23,69.089094
4.14,19,69.095909
4.22,23,69.104143
4.15,19,69.110979
4.15,19,69.117961
4.15,19,69.124826
4.14,19,69.131679
4.14,19,69.138652
4.14,19,69.145484
4.22,23,69.153639
4.2,23,69.165806
4.15,19,69.174318
4.15,19,69.181351
4.15,19,69.189173
4.14,19,69.195987
1.01,33,69.207713
4.28,27,69.220074
4.22,23,69.228484
4.15,19,69.236347
4.15,19,69.84594
4.21,23,69.854598
4.15,19,69.861719
4.15,19,69.868894
4.22,23,69.877317
4.14,19,69.884607
4.21,23,69.893012
4.14,19,69.900188
4.15,19,69.907198
4.15,19,69.914302
4.22,23,69.923078
4.15,19,69.930174
4.14,19,69.937362
4.15,19,69.944417
4.15,19,69.95155
4.15,19,69.958685
4.14,19,69.965973
4.15,19,69.972988
4.15,19,69.979908
4.14,19,69.986978
4.14,19,69.993898
4.15,19,70.000898
4.21,23,70.009114
4.22,23,70.017466
4.15,19,70.024357
4.21,23,70.032529
4.15,19,70.039512
4.15,19,70.046426
4.14,19,70.053397
4.15,19,70.060326
4.2,23,70.068544
4.15,19,70.075438
4.14,19,70.082359
4.14,19,70.089355
4.15,19,70.096271
4.22,23,70.10451
4.15,19,70.111403
4.15,19,70.118357
4.21,23,70.126462
4.15,19,70.133416
4.15,19,70.143525
4.14,19,70.152672
4.15,21,70.160515
4.15,19,70.167941
4.28,27,70.177572
4.14,19,70.184757
4.21,23,70.192975
4.15,19,70.200027
4.15,19,70.206929
4.15,19,70.214208
4.14,19,70.22116
4.13,19,70.228081
4.15,19,70.235065
4.21,23,70.24325
4.15,19,70.2503
4.22,23,70.258501
4.14,19,70.265717
4.15,19,70.272782
4.15,19,70.27968
4.21,23,70.287929
4.22,23,70.296199
4.15,19,70.303161
4.15,19,70.310138
4.15,19,70.31704
4.27,27,70.326512
4.15,19,70.333449
4.15,19,70.340301
4.15,19,70.347222
4.14,19,70.354254
4.22,23,70.362467
4.15,19,70.369366
4.15,21,70.376893
4.2,23,70.385138
4.21,23,70.393406
1.51,33,70.404705
4.22,23,70.41431
4.15,19,70.422468
4.21,23,70.431249
4.15,19,70.438668
4.14,19,70.4456
4.22,23,70.453871
4.15,19,70.460973
4.22,23,70.469399
4.15,19,70.476327
4.15,19,70.483354
4.14,19,70.490547
4.14,19,70.497521
4.14,19,70.504542
4.15,19,70.514689
4.15,19,70.522878
4.14,19,70.540198
4.13,19,70.555038
4.21,23,70.563661
4.14,19,70.571201
4.15,19,70.578436
4.14,19,70.58578
4.14,19,70.592998
4.15,19,70.600414
4.2,23,70.608932
4.15,19,70.616163
4.21,23,70.624819
4.15,19,71.176171
4.13,19,71.183709
4.15,19,71.190679
4.14,19,71.197803
4.14,19,71.204844
4.21,23,71.213639
4.15,19,71.220788
4.15,19,71.227983
4.15,19,71.235136
4.15,19,71.242167
4.14,19,71.249208
4.14,19,71.256517
4.14,19,71.263557
4.14,19,71.270632
4.15,19,71.277704
4.15,19,71.284826
4.15,19,71.291888
4.14,19,71.298988
4.14,19,71.306092
4.14,19,71.313106
4.15,19,71.320024
4.14,19,71.326949
4.14,19,71.333905
4.15,19,71.340761
4.14,19,71.34762
4.22,23,71.355838
4.22,23,71.364
4.29,27,71.373533
4.21,23,71.381634
4.15,19,71.38858
4.15,19,71.395479
4.15,19,71.402423
4.15,19,71.40927
4.14,19,71.416095
4.22,23,71.424312
4.14,19,71.431073
4.15,19,71.438017
4.14,19,71.444895
4.14,19,71.455338
4.15,19,71.464277
4.15,19,71.472227
4.22,23,71.480755
4.14,19,71.487767
4.15,19,71.494846
4.14,19,71.501844
4.14,19,71.508797
4.14,19,71.515752
4.14,19,71.522528
4.14,21,71.539578
4.15,19,71.551801
4.14,19,71.559152
4.15,19,71.566407
4.15,19,71.573704
4.15,19,71.580932
4.15,19,71.588212
4.15,19,71.595505
4.13,19,71.602706
4.15,19,71.609838
4.14,19,71.616894
4.15,19,71.623956
4.14,19,71.63098
4.14,19,71.638039
4.15,19,71.645099
4.22,25,71.65411
4.14,19,71.66121
4.15,19,71.668253
4.15,19,71.675337
4.28,27,71.685166
4.14,19,71.692271
4.15,19,71.699465
4.15,19,71.706424
4.21,23,71.715075
4.15,19,71.722155
4.15,19,71.729221
4.15,19,71.736271
4.22,23,71.744674
4.14,19,71.751709
4.14,19,71.758974
4.15,19,71.766401
4.14,19,71.773458
4.15,19,71.780508
4.14,19,71.787712
4.14,19,71.794903
4.15,19,71.801919
4.14,19,71.808966
4.22,23,71.817297
4.15,19,71.824333
4.15,19,71.831463
4.14,19,71.838415
4.14,19,71.849234
4.15,21,71.858246
4.14,19,71.866446
4.15,19,71.873625
4.15,19,71.880848
4.15,19,71.888108
4.14,19,71.895289
4.2,23,71.903764
4.15,19,71.910843
4.15,19,71.91788
4.29,27,71.927666
4.21,23,71.936058
4.15,19,71.943162
4.15,19,71.950168
4.15,19,71.957126
4.15,19,72.506634
4.15,19,72.513607
4.15,19,72.520551
4.14,19,72.52925
4.15,19,72.543251
4.15,19,72.554596
4.15,19,72.561769
4.21,23,72.570329
4.22,25,72.579598
4.14,19,72.586785
4.15,19,72.59442
4.15,19,72.601542
4.15,19,72.608681
4.14,19,72.615808
4.15,19,72.622924
4.15,19,72.629998
4.15,19,72.637081
4.15,19,72.644313
4.14,19,72.651461
4.14,19,72.658596
4.15,19,72.665757
4.15,19,72.672886
4.21,23,72.681251
4.15,19,72.688348
4.23,23,72.696788
4.15,19,72.703992
4.15,19,72.711427
4.15,19,72.718532
4.15,19,72.725684
4.14,19,72.732671
4.15,19,72.739757
4.15,19,72.74681
4.14,19,72.753863
4.15,19,72.760963
4.14,19,72.767957
4.15,19,72.778617
4.15,19,72.787307
4.14,19,72.79566
4.15,19,72.802982
4.21,23,72.811518
4.23,23,72.820436
4.15,19,72.827518
4.21,23,72.835891
4.15,19,72.843163
4.15,19,72.85019
4.14,19,72.857333
4.15,19,72.864378
4.22,23,72.872754
4.14,19,72.879854
4.15,19,72.887079
4.14,19,72.894146
4.15,19,72.9012
4.15,19,72.908325
4.15,19,72.915285
4.14,19,72.922295
4.14,19,72.929208
4.14,19,72.936103
4.15,19,72.943115
4.15,19,72.950028
4.14,19,72.957063
4.14,19,72.964116
4.15,19,72.971075
4.15,19,72.977968
4.21,23,72.986163
4.15,19,72.993149
4.14,19,73.000057
4.15,19,73.007008
4.15,19,73.013882
4.15,19,73.020917
4.15,19,73.027771
4.14,19,73.034634
4.15,19,73.041472
4.15,19,73.048234
4.22,23,73.056474
4.15,19,73.063355
4.14,19,73.070294
4.15,19,73.07719
4.15,19,73.084058
4.28,27,73.094013
1.89,33,73.105374
4.15,19,73.112605
4.15,19,73.121646
4.15,19,73.129269
4.15,19,73.136407
4.14,19,73.143502
4.15,19,73.153781
4.15,19,73.161974
4.15,19,73.169712
4.14,19,73.179306
4.15,21,73.187368
4.15,19,73.194468
4.15,19,73.201598
4.14,19,73.208713
4.14,19,73.216287
4.15,19,73.223552
4.15,21,73.231412
4.15,19,73.23842
4.15,19,73.245621
4.15,19,73.252775
4.15,19,73.259914
4.15,19,73.267053
4.15,19,73.274124
4.15,19,73.281275
4.15,19,73.288278
4.15,19,73.87291
4.22,23,73.88163
4.14,19,73.889043
4.15,19,73.896159
4.14,19,73.903376
4.15,19,73.910512
4.15,19,73.917639
4.15,19,73.924657
4.15,19,73.931822
4.15,19,73.938854
4.22,23,73.947311
4.15,19,73.954586
4.15,19,73.961904
4.15,19,73.969053
4.14,19,73.97617
4.15,19,73.983367
4.15,19,73.990418
4.15,19,73.997595
4.14,19,74.004663
4.15,19,74.011715
4.15,19,74.018829
4.22,23,74.027213
4.15,19,74.034339
4.14,19,74.041399
4.15,19,74.048522
4.15,19,74.055591
4.22,23,74.064034
4.15,19,74.071069
4.29,27,74.080844
4.15,19,74.088078
4.14,19,74.095173
4.15,19,74.102343
4.15,19,74.109654
4.15,19,74.120219
4.15,19,74.128836
4.14,19,74.136908
4.15,19,74.144314
4.14,19,74.151546
4.14,19,74.158669
4.15,19,74.165808
4.15,19,74.172812
4.14,19,74.179938
4.15,19,74.187113
4.15,19,74.194202
4.14,19,74.201296
4.21,23,74.209465
4.15,19,74.21673
4.15,19,74.223697
4.22,23,74.231977
4.15,19,74.238886
4.15,19,74.245997
4.14,19,74.254152
4.15,19,74.262548
4.14,19,74.269782
4.15,19,74.276919
4.15,19,74.284026
4.22,23,74.29253
4.22,23,74.300889
4.15,19,74.308023
4.22,23,74.316368
4.14,19,74.323416
4.21,23,74.331871
4.15,19,74.338926
4.15,19,74.346061
4.29,29,74.356389
4.15,19,74.363463
4.15,19,74.370355
4.14,19,74.37734
4.15,19,74.384215
4.14,19,74.391231
4.15,19,74.398135
4.15,19,74.40505
4.15,19,74.412003
4.14,19,74.418847
4.14,19,74.425778
4.14,19,74.43258
4.15,19,74.439452
4.14,19,74.446423
4.15,19,74.453602
4.15,19,74.460999
4.14,19,74.468038
4.15,19,74.475035
4.15,19,74.481998
4.15,19,74.492057
4.15,19,74.499874
4.15,19,74.507982
4.15,19,74.516615
4.15,19,74.523605
4.15,19,74.536658
4.15,19,74.554758
4.15,19,74.562263
4.14,19,74.569617
4.15,19,74.576907
4.15,19,74.584135
4.15,19,74.591518
4.15,19,74.598727
4.22,23,74.607466
4.15,19,74.614733
4.2,23,74.623324
4.15,19,74.630385
4.15,19,74.63744
4.14,19,74.644459
4.14,19,74.651483
4.15,19,74.658595
4.15,19,75.212482
4.15,19,75.219691
4.15,19,75.226842
4.15,19,75.233924
4.21,23,75.242305
4.14,19,75.2494
4.15,19,75.25651
4.15,19,75.263625
4.15,19,75.271432
4.15,19,75.278538
4.15,19,75.285728
4.15,19,75.293177
4.14,19,75.300253
4.15,19,75.307398
4.14,19,75.31448
4.14,19,75.321573
4.14,19,75.328616
4.15,19,75.335645
4.14,19,75.342756
4.15,19,75.349771
4.14,19,75.356884
4.15,19,75.363804
4.15,19,75.370769
4.14,19,75.377578
4.14,19,75.384407
4.15,19,75.391328
4.15,19,75.398268
4.14,19,75.405162
4.15,19,75.412049
4.2,23,75.420186
4.15,19,75.42714
4.14,19,75.437466
4.15,19,75.445681
4.14,19,75.452707
4.14,19,75.460678
4.21,23,75.469676
4.14,19,75.476896
4.14,19,75.484098
4.14,19,75.491266
4.15,19,75.498284
4.14,19,75.505356
4.22,23,75.513728
4.15,19,75.520756
4.14,19,75.527947
4.15,21,75.548789
4.15,19,75.558773
4.15,19,75.566002
4.15,19,75.573309
4.15,19,75.580663
4.15,19,75.58804
4.15,19,75.595372
4.22,23,75.603957
4.14,19,75.611342
4.15,19,75.618624
4.15,19,75.627099
4.15,19,75.63431
4.22,25,75.643704
4.14,19,75.650795
4.14,19,75.657877
4.21,23,75.666317
4.22,23,75.674728
4.15,19,75.681793
4.15,19,75.688905
4.15,19,75.696021
4.21,23,75.704506
4.14,19,75.711792
4.15,19,75.718968
4.15,19,75.726157
4.15,19,75.733245
4.15,19,75.740349
4.14,19,75.747509
4.14,19,75.754566
4.15,19,75.761689
4.14,19,75.768756
4.22,23,75.777164
4.15,19,75.784338
4.14,19,75.791703
4.15,19,75.799284
4.21,23,75.807733
4.15,19,75.814865
4.15,19,75.821936
4.15,19,75.829081
4.15,19,75.8395
4.15,19,75.848822
4.15,19,75.856114
4.15,19,75.864032
4.14,19,75.871177
4.15,19,75.878499
4.15,19,75.885879
4.21,23,75.894444
4.15,21,75.902187
4.15,19,75.909297
4.15,19,75.916378
4.15,19,75.923429
4.15,19,75.930613
4.15,19,75.937705
4.14,19,75.944834
4.15,19,75.951843
4.15,19,75.958696
4.15,19,75.966038
4.15,19,75.972895
4.15,19,75.979842
4.21,23,75.988107
4.15,19,75.99508
1.06,33,76.570898
4.15,19,76.579659
4.15,19,76.588818
4.14,19,76.59734
4.15,19,76.605065
4.14,19,76.612954
4.22,23,76.621954
4.15,19,76.629301
4.15,19,76.636613
4.15,19,76.643969
4.14,19,76.651676
4.3,27,76.661745
4.15,19,76.668858
4.14,19,76.676305
4.2,23,76.68476
4.15,19,76.692015
4.15,19,76.699343
4.22,23,76.707941
4.15,19,76.715463
4.15,19,76.722646
4.15,19,76.729796
4.15,19,76.736858
4.15,19,76.744041
4.14,19,76.751136
4.14,19,76.75827
4.15,19,76.765396
4.15,19,76.772568
4.15,19,76.779634
4.15,19,76.790394
4.21,23,76.800434
4.14,19,76.808641
4.15,19,76.815961
4.14,19,76.823285
4.15,19,76.830815
4.15,19,76.838151
4.14,19,76.845208
4.14,19,76.852307
4.14,19,76.859613
4.15,19,76.86679
4.14,19,76.874144
4.15,19,76.881205
4.21,23,76.889799
4.14,19,76.89694
4.13,19,76.904378
4.14,19,76.911521
4.14,19,76.918627
4.14,19,76.925756
4.15,19,76.932853
4.23,23,76.9415
4.15,19,76.948569
4.15,19,76.955779
4.14,19,76.963133
4.15,19,76.970368
4.15,19,76.977552
4.15,19,76.984625
4.15,19,76.991724
4.14,19,76.999744
4.15,19,77.006779
4.15,19,77.013726
4.14,19,77.020783
4.15,19,77.027705
4.14,19,77.034667
4.15,19,77.041641
4.15,19,77.048631
4.15,21,77.056292
4.15,19,77.063289
4.15,19,77.070293
4.15,19,77.077215
4.15,19,77.08428
4.15,19,77.09141
4.15,19,77.098327
4.15,19,77.105408
4.15,19,77.112276
4.14,19,77.119161
4.14,21,77.126893
4.14,19,77.133729
4.15,19,77.140694
4.21,23,77.148999
4.15,19,77.156329
4.15,19,77.16335
4.15,19,77.174529
4.15,19,77.182828
4.15,19,77.191156
4.15,19,77.198343
4.15,19,77.205325
4.15,19,77.21284
4.14,19,77.219875
4.2,23,77.228148
4.14,19,77.235817
4.14,19,77.243435
4.15,19,77.250372
4.14,19,77.257552
4.15,19,77.264544
4.15,19,77.271472
4.15,19,77.278504
4.15,19,77.285373
4.15,19,77.292332
4.15,19,77.29913
4.14,21,77.306669
4.14,19,77.313611
4.14,19,77.320538
4.14,19,77.327507
4.14,19,77.334396
4.15,19,77.341295
4.14,19,77.348214
4.15,19,77.916533
4.15,19,77.92375
4.15,19,77.930887
4.15,19,77.937941
4.15,19,77.945177
4.15,19,77.952337
4.15,19,77.959516
4.15,19,77.966952
4.13,19,77.97411
4.15,19,77.981265
4.21,23,77.989631
4.14,19,77.997079
4.15,19,78.004078
4.15,19,78.011192
4.15,19,78.018273
4.22,23,78.026723
4.15,19,78.033761
4.15,19,78.040803
4.15,19,78.047936
4.15,19,78.055004
4.15,19,78.06213
4.15,19,78.06909
4.15,19,78.076276
4.14,19,78.083354
4.14,19,78.09042
4.14,19,78.097564
4.14,19,78.104597
4.15,19,78.115078
4.15,19,78.123687
4.15,19,78.131584
4.15,19,78.138905
4.15,19,78.146295
4.15,19,78.153527
4.15,19,78.160703
4.22,23,78.169087
4.14,19,78.176247
4.14,19,78.183378
4.15,19,78.19057
4.15,19,78.197625
4.15,19,78.204723
4.15,19,78.211956
4.15,19,78.218833
4.15,19,78.225888
4.14,19,78.232733
4.14,19,78.23968
4.15,19,78.246657
4.15,19,78.253578
4.15,19,78.260395
4.14,19,78.267256
4.14,19,78.274261
4.14,19,78.281172
4.22,23,78.289791
4.15,19,78.296728
4.14,19,78.303714
4.14,19,78.310637
4.14,19,78.317532
4.15,19,78.32437
4.15,19,78.331275
4.15,19,78.338254
4.14,19,78.345035
4.15,19,78.351926
4.14,19,78.358894
4.15,19,78.365762
4.15,19,78.372718
4.15,19,78.379643
4.15,19,78.386608
4.14,19,78.3936
4.14,19,78.400383
4.15,19,78.407347
4.15,19,78.414208
4.14,19,78.421097
4.15,19,78.42803
4.14,19,78.434899
4.14,19,78.441874
4.15,19,78.448824
4.14,19,78.455888
4.15,19,78.462952
4.14,19,78.469856
4.15,19,78.476829
4.15,19,78.487196
4.15,19,78.495929
4.21,23,78.50579
4.15,19,78.513752
4.15,19,78.52074
4.14,19,78.527672
4.14,19,78.534671
4.15,19,78.553842
4.14,19,78.563916
4.15,19,78.571372
4.15,19,78.578644
4.15,19,78.585955
4.15,19,78.593222
4.15,19,78.600562
4.14,19,78.607813
4.14,19,78.615103
4.14,19,78.62235
4.15,19,78.62938
4.15,19,78.636519
4.15,19,78.643624
4.15,19,78.650754
4.15,19,78.657767
4.14,19,78.66499
4.15,19,78.6721
4.15,19,78.679242
4.15,19,78.686377
4.15,19,78.693383
4.15,19,78.700515
4.15,19,79.254934
4.15,23,79.264794
4.15,21,79.273268
4.22,23,79.281788
4.15,23,79.290221
4.15,27,79.299997
4.15,21,79.307744
4.15,21,79.315563
4.15,21,79.323313
1.61,33,79.335361
4.15,21,79.344123
4.15,19,79.353115
4.15,19,79.360425
4.15,19,79.367813
4.22,25,79.376941
4.15,19,79.384215
1.64,33,79.396002
4.15,19,79.40397
4.15,21,79.412728
4.15,19,79.4217
4.15,19,79.428909
4.15,33,79.44589
4.15,23,79.45552
4.15,23,79.464867
4.14,23,79.475152
4.15,19,79.483497
1.18,33,79.495495
4.15,19,79.503676
4.15,27,79.513383
4.15,21,79.522303
1.57,33,79.534429
4.15,23,79.552199
4.15,21,79.570442
4.15,25,79.580246
4.15,31,79.59204
4.22,23,79.600892
4.15,21,79.609046
4.15,21,79.617151
4.15,21,79.625296
4.15,33,79.63756
4.15,31,79.651399
4.15,21,79.659674
4.15,25,79.669322
4.22,23,79.678059
4.15,25,79.687671
4.15,19,79.694974
4.15,19,79.702398
4.15,19,79.709632
4.15,25,79.719111
4.15,19,79.726363
4.15,25,79.735796
4.15,21,79.743763
4.15,19,79.751115
4.15,21,79.759005
4.15,27,79.769123
4.15,27,79.779148
4.22,23,79.787879
4.15,19,79.795153
4.15,21,79.803202
4.15,25,79.812472
4.15,23,79.821196
4.15,27,79.831116
4.15,31,79.846053
4.15,21,79.855381
4.15,19,79.862612
4.15,19,79.870631
4.15,23,79.879488
4.15,27,79.88945
4.15,23,79.897802
4.15,31,79.909063
4.15,27,79.918777
4.15,21,79.926647
4.15,19,79.933767
4.14,21,79.941519
4.15,23,79.949954
4.15,21,79.957744
4.15,19,79.964998
4.15,19,79.972116
4.15,27,79.981722
4.15,19,79.988778
4.15,19,79.995824
4.15,23,80.004215
4.14,19,80.01139
4.15,19,80.018445
4.15,21,80.026205
4.15,19,80.033253
4.15,29,80.043668
4.15,21,80.051372
4.15,19,80.058486
4.15,23,80.634213
4.21,23,80.643001
4.15,25,80.652236
4.15,19,80.659381
4.15,21,80.667113
4.15,19,80.674337
4.15,25,80.683386
4.15,21,80.691655
4.15,19,80.698733
4.14,19,80.706033
4.14,19,80.71357
4.15,19,80.720694
4.14,27,80.73045
4.15,21,80.738172
4.15,25,80.747409
4.15,19,80.754512
4.15,19,80.761679
4.15,21,80.769361
4.15,19,80.776475
4.28,31,80.791043
4.21,23,80.801219
4.15,23,80.810507
4.22,23,80.819219
4.15,19,80.826418
4.14,23,80.834913
4.15,19,80.842098
4.15,19,80.849146
4.22,33,80.860917
4.14,23,80.870969
4.15,27,80.880918
4.15,27,80.891751
4.15,25,80.900862
4.15,27,80.910812
4.14,23,80.919312
4.15,23,80.927794
4.15,21,80.935516
4.23,27,80.945265
4.15,19,80.952295
4.15,25,80.961823
4.15,21,80.969659
4.15,25,80.978692
4.15,19,80.985759
4.22,23,80.99426
4.15,19,81.00133
4.15,19,81.008441
4.15,19,81.015497
4.15,23,81.023981
4.15,21,81.031643
4.15,23,81.039882
4.15,25,81.048619
4.15,23,81.05688
4.15,19,81.063806
4.15,19,81.070864
4.15,19,81.077772
4.15,19,81.084641
4.15,27,81.094083
4.14,19,81.101013
4.22,23,81.109213
4.15,21,81.116786
4.15,19,81.123877
4.15,19,81.130758
4.15,19,81.137616
4.15,19,81.144534
4.22,23,81.152714
4.15,23,81.164242
4.15,19,81.172395
4.15,19,81.181051
4.15,21,81.188887
4.15,21,81.196589
4.15,19,81.203836
4.15,21,81.211958
4.15,19,81.219283
4.15,23,81.227594
4.15,23,81.235771
4.15,21,81.243466
4.15,27,81.252974
4.15,19,81.25995
4.14,21,81.267505
4.15,19,81.274409
4.15,19,81.281285
4.15,19,81.28845
4.15,21,81.296083
4.15,19,81.303026
4.15,21,81.31063
4.15,21,81.318112
4.15,19,81.32507
4.15,19,81.332005
4.15,19,81.338939
4.22,27,81.348396
4.15,19,81.355313
4.15,21,81.362913
4.15,23,81.371027
4.15,19,81.37799
4.15,19,81.384845
4.15,19,81.39178
4.15,19,81.398695
4.15,19,81.972643
4.15,19,81.979991
4.15,21,81.987853
4.22,23,81.996421
4.14,19,82.003587
4.15,19,82.010739
4.15,21,82.018478
4.15,23,82.026952
4.15,19,82.034065
4.15,23,82.042593
4.15,23,82.051201
4.15,19,82.058412
4.15,27,82.068156
4.15,21,82.075958
4.15,19,82.083108
4.15,23,82.091591
4.22,27,82.104698
4.15,21,82.114033
4.15,19,82.121476
4.22,23,82.130849
4.15,21,82.138855
4.15,19,82.145945
4.22,23,82.154497
4.15,21,82.162277
4.22,23,82.170784
4.15,19,82.177894
4.22,23,82.186444
4.15,19,82.193567
0.96,33,82.205306
4.14,21,82.215019
4.22,23,82.224678
4.22,23,82.233204
4.15,23,82.242092
4.15,19,82.249301
4.15,19,82.256512
4.14,23,82.264827
4.15,21,82.27268
4.14,21,82.280437
4.15,19,82.287596
4.15,19,82.294669
4.22,27,82.304637
4.15,27,82.314288
4.15,21,82.321991
4.15,19,82.328895
4.15,19,82.335872
4.15,19,82.342801
4.15,19,82.349743
4.15,19,82.356715
4.15,19,82.363632
4.15,25,82.372523
4.15,21,82.380085
4.15,19,82.387102
4.15,19,82.393983
4.15,19,82.400873
4.14,19,82.407843
4.15,19,82.414721
4.15,19,82.421681
4.22,29,82.431684
4.15,21,82.4393
4.14,19,82.446219
4.15,21,82.45386
4.15,23,82.462297
4.22,25,82.471247
4.15,19,82.481611
4.22,27,82.492797
4.15,19,82.499866
4.15,19,82.507919
4.15,21,82.515605
4.15,19,82.522622
4.15,19,82.529772
4.15,19,82.536714
4.15,19,82.546921
4.22,25,82.567415
4.15,19,82.574712
4.15,23,82.583336
4.15,19,82.590646
4.15,19,82.597974
4.14,19,82.605145
4.15,19,82.612507
4.15,21,82.620278
4.15,23,82.628775
4.22,23,82.637193
4.15,19,82.644282
4.15,19,82.651388
4.14,19,82.658561
4.22,23,82.666952
4.15,21,82.674726
4.15,19,82.681824
4.15,21,82.689581
4.14,19,82.696767
4.21,29,82.707144
4.14,19,82.714631
4.22,23,82.723102
4.22,23,82.731552
4.15,23,82.740094
4.15,19,82.747212
4.15,23,83.305255
4.15,19,83.312365
4.15,19,83.319326
4.15,19,83.326355
4.15,19,83.333309
4.15,19,83.340171
4.15,19,83.347265
4.15,19,83.35424
4.15,19,83.361176
4.15,19,83.368166
4.15,19,83.375182
4.15,19,83.382432
4.15,19,83.389367
4.15,19,83.396406
4.15,19,83.403397
4.15,19,83.410415
4.22,31,83.424643
4.15,19,83.433642
4.29,29,83.444907
4.15,19,83.452348
4.15,19,83.45925
4.15,19,83.466914
4.22,23,83.475422
4.15,19,83.482635
4.15,19,83.489699
4.15,19,83.496836
4.14,19,83.503978
4.22,23,83.512403
4.15,21,83.520268
4.14,19,83.527261
4.15,19,83.534137
4.15,19,83.541564
4.15,19,83.560406
4.15,19,83.571028
4.15,21,83.579127
4.15,19,83.586432
4.15,19,83.593611
4.14,31,83.604902
4.14,19,83.612154
4.15,19,83.619458
4.22,23,83.627971
4.15,19,83.635286
4.15,19,83.642479
4.15,19,83.649516
4.15,21,83.657082
4.15,19,83.664166
4.15,23,83.672532
4.22,23,83.680874
4.15,19,83.688207
4.15,19,83.695248
4.14,19,83.702359
4.15,19,83.709368
4.15,19,83.71659
4.15,19,83.723609
4.15,19,83.730619
4.15,19,83.737677
4.15,19,83.744681
4.15,21,83.752428
4.14,19,83.759375
4.15,19,83.766442
4.15,19,83.773472
4.14,19,83.780397
4.15,19,83.7875
4.22,23,83.795822
4.14,19,83.802983
4.15,21,83.810745
4.15,19,83.821642
4.15,21,83.830749
4.15,19,83.839301
4.15,19,83.846396
4.15,19,83.854041
4.15,19,83.861113
4.15,19,83.868316
4.15,19,83.875362
4.15,25,83.88438
4.22,33,83.89658
4.15,19,83.904308
4.14,21,83.912773
4.15,23,83.922397
4.15,19,83.929554
4.15,21,83.937517
4.15,23,83.945887
4.15,19,83.953018
4.15,19,83.960189
4.15,19,83.967461
4.15,19,83.974565
4.15,19,83.981632
4.15,19,83.988656
4.15,19,83.995665
4.15,19,84.002769
4.15,19,84.009832
4.15,19,84.016972
4.15,19,84.024002
4.15,21,84.031668
4.14,19,84.038789
4.15,19,84.045721
4.15,19,84.052756
4.15,21,84.060426
4.15,23,84.068803
4.15,19,84.075815
4.15,19,84.082915
4.15,21,84.090496
4.22,27,84.672443
4.15,19,84.679824
4.15,19,84.687104
4.15,19,84.694334
4.22,23,84.702904
4.22,23,84.711662
4.15,19,84.718875
4.15,21,84.726668
4.15,19,84.733764
4.22,23,84.742026
4.15,23,84.75098
4.15,19,84.758098
4.15,19,84.765091
4.15,19,84.776004
4.15,19,84.785842
4.15,19,84.793221
4.15,19,84.800951
4.22,23,84.809413
4.15,19,84.816566
4.15,19,84.823596
4.15,19,84.83063
4.14,19,84.837752
4.15,19,84.844784
4.22,23,84.853204
4.15,19,84.860152
4.22,23,84.868585
4.15,19,84.87562
4.22,23,84.884081
4.22,31,84.895377
4.15,19,84.902576
4.15,19,84.909621
4.22,23,84.918089
4.21,23,84.926458
4.22,23,84.934949
4.15,19,84.942
4.22,23,84.950444
4.15,19,84.957482
4.15,19,84.964663
4.15,19,84.971838
4.15,19,84.97889
4.15,19,84.985988
4.15,19,84.993017
4.22,25,85.00222
4.15,21,85.009899
4.22,23,85.018353
4.15,19,85.025366
4.15,19,85.032351
4.14,19,85.039427
4.22,23,85.04766
4.15,19,85.054561
4.22,23,85.062723
4.14,19,85.069635
4.15,19,85.076489
4.22,23,85.084662
4.22,27,85.094187
4.15,19,85.101284
4.15,19,85.108104
4.22,23,85.11632
4.22,29,85.126396
4.22,23,85.134578
4.22,25,85.146932
4.15,19,85.155635
4.15,19,85.162629
4.15,19,85.170622
4.15,19,85.177614
4.15,19,85.185168
4.14,21,85.192776
4.15,19,85.199806
4.15,19,85.206697
4.15,19,85.213976
1.81,33,85.225809
4.22,23,85.235454
4.23,23,85.24421
4.15,19,85.253105
4.22,23,85.262056
4.15,19,85.269473
4.15,19,85.277306
4.22,23,85.285947
4.15,19,85.293053
4.15,19,85.300215
4.14,19,85.307242
4.15,19,85.314297
4.14,19,85.32143
4.22,23,85.329746
4.15,19,85.336856
4.15,19,85.343901
4.15,19,85.351065
4.15,19,85.358154
4.15,21,85.365934
4.22,23,85.374219
4.15,19,85.381172
4.15,19,85.388116
4.15,21,85.395618
4.15,19,85.402611
4.22,23,85.410778
4.15,19,85.417779
4.15,19,85.424576
4.15,19,85.431386
4.22,25,86.006441
4.15,19,86.013528
4.15,19,86.020665
4.15,19,86.027727
4.15,19,86.034901
4.15,19,86.041987
4.15,19,86.049039
4.29,27,86.059015
4.36,31,86.07016
4.15,19,86.077428
4.15,19,86.085212
4.15,19,86.096044
4.22,25,86.106185
4.22,23,86.114663
4.15,19,86.122897
4.15,19,86.130102
4.15,21,86.138092
4.14,19,86.145168
4.15,19,86.152374
4.15,19,86.159445
4.15,19,86.166684
4.22,23,86.175087
4.22,25,86.184288
4.15,19,86.191413
4.14,19,86.198431
4.22,23,86.206828
4.15,19,86.214348
4.23,23,86.222873
4.15,19,86.229964
4.15,19,86.237091
4.15,19,86.244212
4.15,19,86.251385
4.15,19,86.258538
4.22,23,86.267017
4.15,19,86.274074
4.22,23,86.282495
4.15,21,86.290286
4.14,19,86.297365
4.22,23,86.305709
4.15,19,86.312581
4.14,19,86.31943
4.15,19,86.326337
4.15,19,86.333329
4.15,19,86.340292
4.14,19,86.347223
4.22,23,86.355455
4.29,27,86.36496
4.15,19,86.371976
4.15,19,86.378871
4.22,27,86.388434
4.22,23,86.39659
4.21,23,86.404867
4.15,19,86.41175
4.15,19,86.418691
1.89,33,86.430059
4.15,19,86.438005
4.22,23,86.447486
4.22,25,86.457618
4.15,19,86.468704
4.14,19,86.477335
4.15,19,86.485446
4.15,19,86.492661
4.15,19,86.500296
4.14,19,86.507459
4.15,19,86.514589
4.15,21,86.522495
4.15,19,86.529627
4.22,23,86.538074
4.15,19,86.546284
4.15,19,86.562097
4.15,19,86.573711
4.15,19,86.581012
4.15,19,86.588794
4.15,19,86.596055
4.15,19,86.603407
4.15,19,86.610671
4.15,19,86.617996
4.15,19,86.625262
4.15,19,86.63246
4.15,19,86.639846
4.22,23,86.648425
4.14,19,86.655581
4.15,19,86.662665
4.15,19,86.669747
4.14,19,86.67678
4.15,19,86.684036
4.22,23,86.692693
4.15,19,86.69993
4.15,21,86.707618
4.15,19,86.715386
4.15,19,86.722721
4.22,23,86.731063
4.28,27,86.740858
4.15,19,86.748012
4.15,19,86.755171
4.15,19,86.76223
4.15,19,86.769338
4.22,25,86.778328
4.22,23,86.786714
4.15,21,86.794419
