#{"t_start": 1693406820.538715, "env_id": "GridDroneEnv-v0"}
r,l,t
0.33,23,0.01581
0.68,23,0.02906
0.03,23,0.042135
1.17,23,0.054693
0.68,23,0.067809
0.06,23,0.084071
0.06,23,0.097573
1.14,23,0.112334
0.33,23,0.12566
0.06,23,0.140375
0.68,23,0.155051
0.68,23,0.1689
0.06,23,0.181012
0.3,23,0.193919
0.0,23,0.208953
0.9,23,0.223378
0.95,23,0.238549
0.95,23,0.252126
0,23,0.266165
0.27,23,0.277717
0.03,23,0.292137
0.65,23,0.30532
0.03,23,0.319248
0.92,23,0.331746
0.33,23,0.344044
0.33,23,0.357257
0.03,23,0.370178
0.71,23,0.382012
0.84,23,0.394212
0.87,23,0.407308
1.14,23,0.419138
0.49,23,0.43203
0.92,23,0.445063
0.33,23,0.457762
0.95,23,0.470608
0.92,23,0.482586
0.65,23,0.49507
0.92,23,0.508433
0.3,23,0.521392
0.27,23,0.534069
0.33,23,0.548127
1.11,23,0.564399
0.68,23,0.583257
0.22,23,0.622383
0.87,23,0.635255
1.17,23,0.647159
0.33,23,0.660514
0.55,23,0.673814
0.33,23,0.688578
0.92,23,0.703133
0.68,23,0.714173
0.09,23,0.727354
0.95,23,0.740582
0.5,23,0.753929
0.3,23,0.765143
0.33,23,0.777408
0.54,23,0.789804
1.2,23,0.803293
0.03,23,0.814217
0.03,23,0.826948
0.68,23,0.839872
0.03,23,0.8518
0.03,23,0.864045
0.65,23,0.876539
0.33,23,0.890344
0.25,23,0.903071
1.11,23,0.914855
0.33,23,0.92695
0.65,23,0.939625
0.03,23,0.951989
0.06,23,0.963612
0.28,23,0.975782
0.06,23,0.98822
0.3,23,1.001107
0.3,23,1.012568
0.87,23,1.024873
0.06,23,1.037419
0.3,23,1.050096
0.22,23,1.061209
0.09,23,1.075067
0.98,23,1.087734
0.03,23,1.100648
0.06,23,1.111736
0.92,23,1.124326
0.03,23,1.136629
0.06,23,1.148367
0.9,23,1.16609
1.14,23,1.177876
0.95,23,1.19059
0.55,23,1.78617
0.89,23,1.799301
0.52,23,1.810505
0.03,23,1.823567
0.65,23,1.83706
0.03,23,1.848581
0.3,23,1.86388
0.03,23,1.875175
0.28,23,1.88854
0.03,23,1.901245
0.33,23,1.913929
0.89,23,1.925818
0.55,23,1.939004
0.25,23,1.952072
1.11,23,1.965247
0.68,23,1.977197
0.71,23,1.989866
0.65,23,2.002993
0.92,23,2.015974
0.27,23,2.027523
0.68,23,2.040176
0.3,23,2.053064
0.06,23,2.065688
0.68,23,2.077608
0.62,23,2.090835
0.95,23,2.104023
0.71,23,2.116961
0.87,23,2.127912
0.95,23,2.141361
1.14,23,2.154746
0.65,23,2.166
0.0,23,2.1784
0.0,23,2.192004
0.22,23,2.204772
0.9,23,2.218229
0.0,23,2.228961
0.92,23,2.242474
0.27,23,2.255365
0.62,23,2.268081
0.03,23,2.279279
0.9,23,2.292594
0.27,23,2.308784
0.52,23,2.321929
0.22,23,2.335091
0.06,23,2.34661
0.87,23,2.360443
0.03,23,2.374398
0.65,23,2.387769
0.3,23,2.399959
0.95,23,2.4117
0.65,23,2.424905
0.33,23,2.43784
0.3,23,2.449387
0.68,23,2.461458
0.0,23,2.47453
0.27,23,2.487233
0.03,23,2.499065
0.92,23,2.51195
0.95,23,2.525975
0.71,23,2.538814
0.3,23,2.551493
0.06,23,2.562374
0.3,23,2.574913
0.06,23,2.587398
1.11,23,2.599027
0.49,23,2.611496
0.33,23,2.624611
1.17,23,2.637256
0.03,23,2.649888
0.49,23,2.661098
0.27,23,2.677032
0,23,2.694588
0.65,23,2.712068
0.09,23,2.730178
0.33,23,2.748444
0.62,23,2.7653
0.84,23,2.777193
0.89,23,2.789516
0.95,23,2.802044
1.17,23,2.81326
0.87,23,2.826126
0.95,23,2.838797
0.03,23,2.851496
1.11,23,2.862993
0.0,23,2.878472
0,23,2.8916
0.89,23,2.904255
0.87,23,2.915844
0.87,23,2.927634
1.14,23,3.524544
0.06,23,3.536374
0.89,23,3.547276
0.87,23,3.560139
0.33,23,3.572791
0.65,23,3.583535
0.49,23,3.595878
0.65,23,3.608795
0.3,23,3.620088
0.3,23,3.632419
1.14,23,3.64447
0.95,23,3.656144
1.14,23,3.668676
0.55,23,3.68122
0.87,23,3.693761
0.95,23,3.70547
0.06,23,3.717977
0.9,23,3.731222
0.9,23,3.743667
0.95,23,3.755497
0.84,23,3.767978
0.51,23,3.780847
0.95,23,3.793427
0.92,23,3.805014
1.11,23,3.817336
0.68,23,3.830618
0.95,23,3.843216
0.06,23,3.854721
0.95,23,3.867257
0.65,23,3.880228
1.11,23,3.892636
0.65,23,3.904077
0.65,23,3.916486
0.51,23,3.928969
0.3,23,3.941084
1.2,23,3.95284
0.68,23,3.965505
0.68,23,3.978316
0.68,23,3.989464
0.92,23,4.009135
0.87,23,4.022022
0.3,23,4.034205
0.65,23,4.04615
0.62,23,4.058375
0.03,23,4.070956
0.0,23,4.083375
0.92,23,4.094664
0.49,23,4.10703
0.3,23,4.120063
0.92,23,4.13247
0.3,23,4.14337
0.62,23,4.156638
0.9,23,4.169434
0.33,23,4.181438
0.95,23,4.193197
0.92,23,4.208444
0.9,23,4.223468
0.87,23,4.236101
1.14,23,4.250795
1.14,23,4.266854
0.87,23,4.283426
0.92,23,4.294616
0.3,23,4.308276
0.89,23,4.321141
0.87,23,4.332954
0.89,23,4.34491
0.06,23,4.358447
0.9,23,4.371322
0.95,23,4.384674
0.74,23,4.39628
1.11,23,4.410155
0.68,23,4.423434
0.92,23,4.436557
0.87,23,4.448043
0.87,23,4.460833
1.11,23,4.474123
0.92,23,4.487777
0.62,23,4.49966
0.33,23,4.511438
0.68,23,4.525185
0.3,23,4.538273
0.95,23,4.552771
0.09,23,4.573046
0.06,23,4.586121
1.3,23,4.597649
0.03,23,4.611411
0.92,23,4.624821
0.65,23,4.637526
0.27,23,4.648455
0.92,23,5.247056
0.68,23,5.259488
0.27,23,5.272889
0.92,23,5.285507
0.89,23,5.299025
0.33,23,5.315104
0.9,23,5.330018
1.14,23,5.344784
1.36,23,5.359759
0.89,23,5.375999
0.92,23,5.389564
1.11,23,5.404379
1.36,23,5.421831
1.14,23,5.434107
0.62,23,5.445951
0.3,23,5.458247
1.14,23,5.471236
0.89,23,5.483403
0.3,23,5.495665
1.14,23,5.509203
1.14,23,5.522634
0.27,23,5.535043
0.3,23,5.546489
0.89,23,5.559496
1.14,23,5.572413
1.14,23,5.586226
1.17,23,5.597828
1.11,23,5.61076
0.55,23,5.624304
0.89,23,5.637421
0,23,5.648324
1.14,23,5.661331
0.03,23,5.674745
0.9,23,5.687524
0.89,23,5.699498
0.68,23,5.711641
1.14,23,5.725497
1.14,23,5.745474
1.11,23,5.759038
0.06,23,5.772137
0.3,23,5.784675
0.95,23,5.797014
0.52,23,5.810091
0.92,23,5.823329
0.95,23,5.836987
0.28,23,5.848565
0.57,23,5.861098
1.11,23,5.874436
0.92,23,5.887127
0.33,23,5.898345
0.92,23,5.911944
0.25,23,5.924765
0.03,23,5.937632
0.06,23,5.949032
1.14,23,5.962147
0.89,23,5.975273
0.92,23,5.988439
0,23,6.000664
0.95,23,6.013194
1.11,23,6.026438
0.92,23,6.039431
0.28,23,6.051507
0.93,23,6.063335
0.06,23,6.076396
0.92,23,6.089693
0.92,23,6.103132
0.92,23,6.11457
0.33,23,6.127531
0.52,23,6.140253
1.11,23,6.153088
0.68,23,6.164084
0.65,23,6.177952
0.87,23,6.191144
1.11,23,6.204167
1.17,23,6.215494
0.92,23,6.22843
0,23,6.241563
0.95,23,6.254632
0.9,23,6.265767
0.71,23,6.278185
0.65,23,6.298381
1.2,23,6.311771
0.3,23,6.324875
1.11,23,6.339355
0.92,23,6.356173
0.9,23,6.369268
1.17,23,6.382354
0.89,23,6.394809
1.14,23,6.408504
0.95,23,7.00297
1.14,23,7.015126
1.17,23,7.027961
1.17,23,7.041571
0.92,23,7.054502
0.92,23,7.066485
1.14,23,7.078899
0.3,23,7.092706
0.95,23,7.10577
1.14,23,7.119455
0.65,23,7.132041
1.14,23,7.144876
1.17,23,7.158621
0.92,23,7.171355
0.58,23,7.18409
1.13,23,7.195874
1.11,23,7.209823
0.95,23,7.223126
1.14,23,7.235818
1.14,23,7.246981
1.14,23,7.260528
0.95,23,7.274553
0.68,23,7.287565
0.87,23,7.29958
1.14,23,7.312107
0.95,23,7.326512
1.11,23,7.3397
0.98,23,7.352724
0.92,23,7.364208
0.95,23,7.377812
1.17,23,7.391396
1.17,23,7.404236
1.17,23,7.416952
1.14,23,7.429357
0.87,23,7.442722
0.65,23,7.463228
0.62,23,7.476638
0.57,23,7.490317
0.22,23,7.502758
0.92,23,7.514206
0.87,23,7.528087
1.17,23,7.541076
0.93,23,7.554724
0.95,23,7.566228
1.14,23,7.578434
1.11,23,7.591327
0.92,23,7.603978
0.52,23,7.615744
0.92,23,7.627867
1.14,23,7.640603
0.92,23,7.65324
1.14,23,7.664181
0.87,23,7.676344
0.9,23,7.688572
0.55,23,7.700996
1.17,23,7.711816
0.98,23,7.725838
1.17,23,7.738147
1.11,23,7.750607
0.92,23,7.761549
0.87,23,7.774365
1.17,23,7.786928
1.17,23,7.798181
0.95,23,7.810707
1.17,23,7.823097
1.33,23,7.836072
0.92,23,7.846955
0.92,23,7.859785
0.92,23,7.871774
1.17,23,7.884305
0.95,23,7.895018
1.14,23,7.907801
0.92,23,7.921023
0.95,23,7.932324
1.2,23,7.944392
1.33,23,7.956873
1.16,23,7.969925
0.9,23,7.980993
0.52,23,8.001857
0.65,23,8.012841
1.11,23,8.025218
0.9,23,8.037869
1.17,23,8.050498
4.04,23,8.061597
0.71,23,8.074608
0.33,23,8.087852
1.17,23,8.099235
0.92,23,8.111619
0.89,23,8.125314
1.11,23,8.722245
0.92,23,8.734998
1.14,23,8.745673
0.95,23,8.759362
1.17,23,8.772702
0.62,23,8.785486
1.14,23,8.79661
1.14,23,8.810355
0.95,23,8.82313
0.95,23,8.836218
1.14,23,8.847329
1.2,23,8.860643
1.11,23,8.873576
1.11,23,8.886122
0.92,23,8.89813
0.62,23,8.910589
1.33,23,8.923336
0.92,23,8.936416
1.14,23,8.948261
0.92,23,8.96094
0.27,23,8.974444
0.52,23,8.987596
1.17,23,8.99911
1.17,23,9.012553
1.14,23,9.02618
1.14,23,9.039212
1.17,23,9.051809
1.2,23,9.063988
0.52,23,9.076774
1.14,23,9.089647
1.33,23,9.102855
1.14,23,9.113914
1.14,23,9.127522
1.12,23,9.147707
0.68,23,9.16077
0.92,23,9.173526
1.14,23,9.186769
0.95,23,9.198123
0.3,23,9.213851
1.17,23,9.228937
0.33,23,9.242125
0.92,23,9.255645
0.68,23,9.269138
1.11,23,9.280148
0.92,23,9.293428
0.54,23,9.306512
1.14,23,9.319837
1.17,23,9.331079
1.11,23,9.343971
0.92,23,9.357064
0.98,23,9.369973
1.12,23,9.381956
1.39,23,9.395054
0.0,23,9.408075
0.95,23,9.421001
1.17,23,9.432294
0.9,23,9.445091
0.92,23,9.458445
0.92,23,9.470991
1.14,23,9.482587
1.54,23,9.49526
0.92,23,9.508808
1.11,23,9.522052
0.9,23,9.53489
1.14,23,9.546398
1.14,23,9.560739
1.17,23,9.573865
1.17,23,9.587475
1.17,23,9.599134
1.17,23,9.611772
1.14,23,9.624776
1.11,23,9.637947
0.68,23,9.650585
0.9,23,9.662277
1.17,23,9.675807
1.11,23,9.688797
1.17,23,9.710084
0.68,23,9.72334
1.14,23,9.735655
1.17,23,9.746559
1.17,23,9.759408
1.17,23,9.771652
0.92,23,9.783889
0.95,23,9.795236
1.17,23,9.80839
1.33,23,9.821332
1.11,23,9.833565
0.3,23,9.844453
1.14,23,9.857285
0.65,23,10.448068
0.89,23,10.460201
1.14,23,10.473763
1.11,23,10.48896
1.17,23,10.503913
1.17,23,10.517116
1.14,23,10.530519
0.92,23,10.542326
1.17,23,10.556126
1.36,23,10.569567
1.17,23,10.582467
1.14,23,10.59378
0.9,23,10.606809
1.14,23,10.619996
0.3,23,10.63271
1.17,23,10.644451
1.14,23,10.656865
1.14,23,10.670168
1.17,23,10.683572
1.11,23,10.694705
0.3,23,10.707158
0.92,23,10.72028
0.68,23,10.733547
1.14,23,10.745216
1.36,23,10.757718
1.17,23,10.770846
1.14,23,10.784428
1.17,23,10.796154
1.14,23,10.80909
1.17,23,10.822517
1.14,23,10.836236
0.89,23,10.852884
1.17,23,10.865067
0.89,23,10.877496
0.89,23,10.890832
1.39,23,10.903748
1.14,23,10.915125
1.36,23,10.927639
1.14,23,10.941253
0.95,23,10.954641
1.2,23,10.967114
1.17,23,10.98502
1.14,23,11.004906
1.14,23,11.023403
1.33,23,11.041468
1.11,23,11.059488
0.92,23,11.074441
1.17,23,11.087098
1.16,23,11.100684
1.14,23,11.1129
1.14,23,11.125807
1.36,23,11.139857
1.36,23,11.152953
1.17,23,11.165888
1.11,23,11.177413
1.17,23,11.190862
1.14,23,11.204183
0.98,23,11.217149
1.95,23,11.228338
1.14,23,11.241981
0.92,23,11.255074
1.14,23,11.268827
1.14,23,11.280994
1.17,23,11.29314
1.33,23,11.306388
0.92,23,11.319723
1.17,23,11.332061
1.17,23,11.343122
1.14,23,11.355595
1.14,23,11.367169
1.17,23,11.379247
1.2,23,11.391747
1.14,23,11.404252
1.17,23,11.416328
1.11,23,11.436678
1.17,23,11.447964
0.92,23,11.460003
1.11,23,11.472176
1.14,23,11.484493
1.14,23,11.495325
1.17,23,11.508054
1.14,23,11.520489
1.36,23,11.532027
1.14,23,11.544392
0.92,23,11.556706
0.95,23,11.569376
0.92,23,11.58003
1.14,23,11.592299
1.14,23,11.604698
1.11,23,12.194442
1.33,23,12.20704
0.92,23,12.221649
1.14,23,12.236553
1.17,23,12.252302
1.14,23,12.265192
1.36,23,12.278509
1.12,23,12.290163
1.2,23,12.303919
1.14,23,12.317461
1.14,23,12.330059
1.17,23,12.341975
1.36,23,12.354579
1.17,23,12.367933
1.17,23,12.380897
1.11,23,12.392776
1.14,23,12.404927
1.39,23,12.418849
0.95,23,12.431711
1.36,23,12.445068
1.17,23,12.45683
1.14,23,12.469894
0.9,23,12.482929
1.14,23,12.495919
0.68,23,12.507246
0.87,23,12.520851
1.11,23,12.533778
0.89,23,12.546558
0.95,23,12.557919
0.95,23,12.581507
1.14,23,12.593282
0.98,23,12.606396
1.33,23,12.619772
1.33,23,12.63289
0.95,23,12.644689
1.17,23,12.656682
1.2,23,12.669994
1.17,23,12.683758
0.0,23,12.695268
1.17,23,12.707676
1.11,23,12.721199
1.54,23,12.73459
0.92,23,12.748053
1.2,23,12.759434
1.17,23,12.773228
1.14,23,12.786801
1.36,23,12.79956
0.9,23,12.812097
1.2,23,12.824629
1.36,23,12.838046
1.36,23,12.851028
0.93,23,12.862677
1.2,23,12.875705
1.14,23,12.889625
1.33,23,12.902777
1.14,23,12.91596
0.92,23,12.927877
1.39,23,12.941713
1.11,23,12.955191
1.14,23,12.968013
1.17,23,12.97958
1.14,23,12.992382
1.14,23,13.005796
1.14,23,13.018663
1.11,23,13.030576
1.38,23,13.042835
1.39,23,13.056725
1.17,23,13.069875
1.17,23,13.082279
1.14,23,13.094364
0.89,23,13.108089
1.39,23,13.121016
1.14,23,13.141562
1.14,23,13.154661
1.2,23,13.167119
1.33,23,13.178606
1.17,23,13.192404
1.17,23,13.205303
1.14,23,13.218195
1.14,23,13.229344
0.92,23,13.242538
1.17,23,13.255329
1.36,23,13.268434
1.17,23,13.279665
1.17,23,13.292761
1.17,23,13.305828
1.2,23,13.318727
0.92,23,13.329628
0.65,23,13.34305
1.39,23,13.939968
1.33,23,13.952696
0.98,23,13.964008
1.36,23,13.977487
1.39,23,13.990905
0.95,23,14.001505
1.14,23,14.013853
1.14,23,14.027859
1.36,23,14.041062
1.14,23,14.052016
1.17,23,14.064729
1.11,23,14.077871
1.17,23,14.088917
1.2,23,14.102059
1.17,23,14.11434
1.33,23,14.125112
1.17,23,14.138359
0.9,23,14.151467
1.36,23,14.164415
1.39,23,14.175559
1.2,23,14.189433
1.33,23,14.202066
1.14,23,14.220552
1.39,23,14.234386
1.33,23,14.245983
1.17,23,14.258451
0.65,23,14.272061
1.17,23,14.291941
1.2,23,14.305238
1.2,23,14.318285
1.14,23,14.330593
1.33,23,14.342209
1.14,23,14.355554
1.17,23,14.368764
1.17,23,14.381259
1.14,23,14.392741
0.95,23,14.406904
1.14,23,14.41998
1.14,23,14.432866
1.98,23,14.444015
1.2,23,14.457425
1.14,23,14.471036
1.17,23,14.483788
1.17,23,14.495238
1.14,23,14.508693
0.89,23,14.522006
1.17,23,14.535038
1.17,23,14.545885
1.33,23,14.558851
1.36,23,14.571357
1.36,23,14.584116
1.33,23,14.595273
1.14,23,14.607865
1.17,23,14.620312
1.17,23,14.632225
1.14,23,14.64389
1.11,23,14.656658
1.14,23,14.669265
1.14,23,14.680788
1.17,23,14.693085
1.36,23,14.705645
1.36,23,14.718246
1.14,23,14.730027
1.17,23,14.742392
1.49,23,14.755058
1.36,23,14.767967
1.14,23,14.779388
1.14,23,14.792065
1.11,23,14.804473
1.14,23,14.816641
1.17,23,14.83668
1.14,23,14.848701
1.14,23,14.860515
1.17,23,14.873231
1.17,23,14.885654
1.17,23,14.896926
1.11,23,14.908901
0.89,23,14.921571
1.2,23,14.933941
1.36,23,14.945225
0.95,23,14.958479
1.17,23,14.9708
1.81,23,14.983978
0.92,23,14.995066
1.17,23,15.007754
1.17,23,15.020134
1.39,23,15.033016
1.11,23,15.044599
1.39,23,15.057657
1.95,23,15.652578
1.36,23,15.665025
1.14,23,15.676624
1.14,23,15.690101
1.17,23,15.703556
1.14,23,15.716394
1.17,23,15.729101
1.12,23,15.745814
1.36,23,15.758946
0.95,23,15.771882
0.92,23,15.784761
1.17,23,15.796507
1.11,23,15.809621
1.17,23,15.823133
1.14,23,15.836078
1.36,23,15.848063
1.14,23,15.860619
1.17,23,15.873909
1.39,23,15.886704
1.14,23,15.898919
1.17,23,15.911222
1.14,23,15.924742
1.95,23,15.937814
1.14,23,15.950301
1.14,23,15.962411
1.17,23,15.986001
1.36,23,15.997838
1.33,23,16.011259
1.17,23,16.024164
1.36,23,16.037003
1.39,23,16.049145
1.17,23,16.061437
1.14,23,16.075196
1.17,23,16.089185
0.68,23,16.101733
1.17,23,16.11306
1.11,23,16.126625
1.14,23,16.139931
1.14,23,16.152639
1.17,23,16.164373
1.39,23,16.176531
0.92,23,16.190028
1.36,23,16.20376
1.39,23,16.216314
1.17,23,16.230851
1.33,23,16.24425
1.17,23,16.257315
1.17,23,16.270528
0.95,23,16.282263
1.33,23,16.29485
1.14,23,16.308383
1.2,23,16.321623
1.14,23,16.334045
1.36,23,16.345546
1.36,23,16.359409
1.17,23,16.37229
1.17,23,16.385731
0.92,23,16.396708
1.17,23,16.40995
1.14,23,16.423245
1.33,23,16.435849
1.36,23,16.447115
1.14,23,16.460633
1.17,23,16.473498
1.17,23,16.487101
1.39,23,16.499044
1.17,23,16.511546
1.11,23,16.525225
1.36,23,16.541306
1.11,23,16.554998
1.98,23,16.567157
1.17,23,16.579101
1.14,23,16.593096
1.36,23,16.605783
1.17,23,16.619524
1.17,23,16.630903
1.2,23,16.644015
1.11,23,16.657161
1.2,23,16.670126
1.17,23,16.682435
1.2,23,16.694865
1.14,23,16.70803
1.36,23,16.72086
1.42,23,16.733081
1.11,23,16.745669
1.36,23,16.759293
1.14,23,16.77247
1.36,23,16.78527
1.2,23,16.796807
1.14,23,17.389313
1.2,23,17.402071
1.95,23,17.413011
1.36,23,17.42615
1.14,23,17.439488
1.11,23,17.452341
1.17,23,17.463565
1.33,23,17.476783
1.14,23,17.489881
1.36,23,17.502574
1.17,23,17.514203
1.14,23,17.527047
1.36,23,17.540017
1.17,23,17.552978
1.14,23,17.564752
1.17,23,17.577246
2.01,23,17.590136
1.14,23,17.603171
0.87,23,17.614725
1.17,23,17.627841
1.17,23,17.641195
1.95,23,17.654385
1.36,23,17.666601
1.95,23,17.688022
1.36,23,17.700572
1.2,23,17.712424
1.36,23,17.726107
1.95,23,17.739239
1.2,23,17.752368
1.36,23,17.763899
1.17,23,17.776937
0.98,23,17.790474
1.14,23,17.803232
1.33,23,17.815074
0.9,23,17.827752
1.36,23,17.841251
1.33,23,17.854239
1.14,23,17.866749
1.11,23,17.878758
1.14,23,17.8921
1.14,23,17.905107
1.33,23,17.917642
1.39,23,17.929454
1.33,23,17.942873
1.2,23,17.95625
1.14,23,17.969802
1.36,23,17.981465
1.36,23,17.994287
1.17,23,18.007574
1.14,23,18.020371
1.33,23,18.03196
1.17,23,18.044316
1.17,23,18.058023
1.36,23,18.070984
1.2,23,18.08399
1.98,23,18.095307
1.39,23,18.10898
1.14,23,18.121993
1.14,23,18.13459
1.36,23,18.145982
1.17,23,18.159594
1.14,23,18.17279
1.36,23,18.185746
1.33,23,18.198044
1.14,23,18.210781
1.39,23,18.224534
1.2,23,18.245957
1.17,23,18.259635
1.2,23,18.272807
1.14,23,18.2861
1.36,23,18.297756
1.12,23,18.3105
1.39,23,18.323467
1.17,23,18.336819
1.36,23,18.348488
1.17,23,18.36131
1.17,23,18.374638
1.36,23,18.387511
1.12,23,18.40004
1.39,23,18.41218
1.36,23,18.426
1.98,23,18.439325
1.2,23,18.452828
1.39,23,18.463326
1.14,23,18.47689
1.33,23,18.490207
1.17,23,18.503304
1.17,23,18.514802
1.14,23,18.527617
1.36,23,19.124468
1.39,23,19.136561
1.36,23,19.148378
1.33,23,19.160842
1.14,23,19.174159
1.95,23,19.187066
1.2,23,19.19925
1.14,23,19.214907
1.2,23,19.229675
1.33,23,19.243647
1.95,23,19.256666
1.11,23,19.269843
1.14,23,19.281549
1.33,23,19.29415
0.9,23,19.307479
1.17,23,19.320607
1.98,23,19.332959
1.36,23,19.34492
1.36,23,19.358701
1.17,23,19.371714
1.14,23,19.384949
1.2,23,19.407955
1.33,23,19.436192
1.73,23,19.460843
1.17,23,19.477886
2.03,23,19.49418
1.14,23,19.507518
1.33,23,19.520179
1.14,23,19.532202
1.36,23,19.54489
1.36,23,19.559183
1.14,23,19.572385
1.2,23,19.585638
1.33,23,19.597115
1.36,23,19.60994
1.17,23,19.62304
1.14,23,19.636163
1.14,23,19.647888
1.95,23,19.661182
1.14,23,19.674214
1.2,23,19.687504
1.2,23,19.699921
1.36,23,19.711691
1.17,23,19.725637
1.14,23,19.738543
1.95,23,19.751958
1.14,23,19.763384
1.33,23,19.776775
1.14,23,19.789749
1.2,23,19.802696
1.17,23,19.814027
1.98,23,19.827012
1.36,23,19.839951
1.33,23,19.85333
1.39,23,19.865441
2.01,23,19.878016
1.39,23,19.891469
1.33,23,19.904478
1.11,23,19.917195
1.17,23,19.928621
1.11,23,19.942306
1.98,23,19.956228
1.39,23,19.969487
1.39,23,19.98098
1.36,23,20.004152
1.95,23,20.01717
1.14,23,20.028544
1.95,23,20.04267
1.14,23,20.055633
1.17,23,20.068615
1.35,23,20.080182
1.39,23,20.093381
1.17,23,20.106572
1.17,23,20.119248
1.17,23,20.131243
0.87,23,20.143737
1.2,23,20.157076
1.39,23,20.170234
1.95,23,20.18269
1.98,23,20.194464
1.95,23,20.208017
1.2,23,20.221725
1.95,23,20.235489
1.98,23,20.247812
1.95,23,20.261243
1.36,23,20.274518
1.14,23,20.287319
1.17,23,20.299766
1.33,23,20.311634
1.14,23,20.912069
1.36,23,20.924399
1.95,23,20.937404
1.17,23,20.95012
1.36,23,20.961677
1.98,23,20.975054
1.95,23,20.987866
1.17,23,21.000888
1.33,23,21.011748
1.36,23,21.024832
1.98,23,21.037605
1.33,23,21.050047
1.2,23,21.06154
1.14,23,21.074484
1.95,23,21.087373
1.33,23,21.099604
1.36,23,21.11086
1.95,23,21.124182
1.33,23,21.143844
1.36,23,21.156564
1.17,23,21.169635
1.14,23,21.182924
1.17,23,21.194556
1.17,23,21.206815
1.2,23,21.219361
1.14,23,21.231899
1.17,23,21.243526
1.98,23,21.256387
1.98,23,21.269404
1.17,23,21.281381
1.95,23,21.293297
1.98,23,21.306454
1.36,23,21.319619
1.36,23,21.332314
1.98,23,21.343525
1.42,23,21.357528
1.98,23,21.37043
1.14,23,21.382447
1.17,23,21.394365
1.39,23,21.407716
1.11,23,21.421093
1.33,23,21.433785
0.9,23,21.444547
1.36,23,21.458339
1.11,23,21.471225
1.36,23,21.483872
1.98,23,21.495803
1.33,23,21.508579
1.14,23,21.521504
2.01,23,21.534389
1.33,23,21.54592
1.95,23,21.558437
1.95,23,21.570909
1.36,23,21.583332
1.95,23,21.595124
1.11,23,21.608179
1.14,23,21.62098
1.95,23,21.63392
1.14,23,21.64539
1.33,23,21.657849
0.89,23,21.670389
1.14,23,21.683162
1.36,23,21.703551
1.95,23,21.715768
1.98,23,21.726712
1.95,23,21.739596
1.11,23,21.752217
1.17,23,21.763783
1.95,23,21.776664
1.17,23,21.789363
1.33,23,21.801801
1.98,23,21.814794
1.33,23,21.826397
1.11,23,21.84009
1.95,23,21.853205
1.36,23,21.86656
1.39,23,21.87777
1.33,23,21.89118
1.17,23,21.904502
1.95,23,21.918115
1.36,23,21.930641
1.36,23,21.943789
1.36,23,21.957636
1.33,23,21.971209
1.17,23,21.983979
1.17,23,21.996116
1.11,23,22.009029
1.36,23,22.022976
1.33,23,22.035847
1.14,23,22.632219
1.95,23,22.64431
1.36,23,22.657003
1.95,23,22.669905
1.98,23,22.682723
1.17,23,22.694587
1.95,23,22.708193
1.95,23,22.721555
1.14,23,22.735383
1.36,23,22.746763
1.76,23,22.760152
1.95,23,22.773252
1.33,23,22.786212
1.36,23,22.797717
1.33,23,22.810647
1.95,23,22.824221
1.95,23,22.8443
1.33,23,22.857986
1.11,23,22.871197
1.33,23,22.884299
1.95,23,22.895686
1.33,23,22.908931
1.95,23,22.922487
1.33,23,22.935515
1.11,23,22.946965
1.95,23,22.960047
1.33,23,22.973202
1.98,23,22.986057
1.36,23,22.998901
1.95,23,23.010984
1.2,23,23.02419
1.14,23,23.037059
1.2,23,23.049039
1.95,23,23.061423
1.11,23,23.074877
1.95,23,23.087769
1.11,23,23.101157
0.89,23,23.112925
1.17,23,23.126202
1.95,23,23.139557
1.74,23,23.152602
1.36,23,23.165251
1.33,23,23.177108
1.33,23,23.190519
1.98,23,23.204115
1.95,23,23.217647
1.98,23,23.229284
1.74,23,23.242782
0.98,23,23.255867
1.11,23,23.269158
1.17,23,23.280898
1.95,23,23.293111
1.17,23,23.306387
1.14,23,23.319716
1.36,23,23.331326
1.98,23,23.344001
1.39,23,23.357212
1.36,23,23.370618
1.17,23,23.382537
1.95,23,23.394983
1.36,23,23.417582
1.95,23,23.429093
1.17,23,23.44269
1.36,23,23.456044
1.95,23,23.469746
1.36,23,23.481267
1.95,23,23.493555
1.11,23,23.507286
1.36,23,23.519784
1.95,23,23.531167
1.11,23,23.54354
1.14,23,23.557079
1.95,23,23.570588
1.11,23,23.583104
1.98,23,23.594928
1.95,23,23.608505
1.95,23,23.621431
1.95,23,23.634481
1.11,23,23.64563
1.33,23,23.65947
1.95,23,23.672898
1.33,23,23.685761
1.33,23,23.697207
1.36,23,23.709933
1.98,23,23.724025
1.36,23,23.736482
1.36,23,23.748071
1.33,23,23.760652
1.95,23,23.774048
1.98,23,24.38042
1.95,23,24.393168
1.36,23,24.406259
1.74,23,24.419179
1.39,23,24.431338
1.95,23,24.443852
1.95,23,24.458228
1.36,23,24.471224
1.98,23,24.484873
1.39,23,24.496038
1.33,23,24.509421
1.95,23,24.52229
1.33,23,24.535028
1.98,23,24.546257
2.01,23,24.568276
1.95,23,24.580154
1.98,23,24.593003
1.17,23,24.606181
1.33,23,24.618985
1.95,23,24.630806
1.95,23,24.643575
1.95,23,24.65701
1.36,23,24.670065
1.95,23,24.682193
1.95,23,24.694137
1.95,23,24.70812
1.98,23,24.721124
1.95,23,24.733432
1.98,23,24.745004
1.36,23,24.758127
1.95,23,24.771186
1.39,23,24.784101
1.11,23,24.795749
1.33,23,24.808943
1.36,23,24.821897
1.12,23,24.834824
1.95,23,24.846032
1.95,23,24.859176
2.01,23,24.872241
1.36,23,24.884998
1.2,23,24.89677
1.14,23,24.909724
1.95,23,24.922983
1.95,23,24.935847
1.95,23,24.947201
1.98,23,24.960017
1.98,23,24.974146
1.17,23,24.987488
1.95,23,25.00039
1.95,23,25.011792
1.36,23,25.025022
1.74,23,25.038027
1.36,23,25.050805
1.95,23,25.063312
1.36,23,25.076204
1.33,23,25.089548
1.95,23,25.102832
1.95,23,25.114347
1.36,23,25.136215
1.36,23,25.147648
1.95,23,25.160569
1.33,23,25.17475
1.98,23,25.187723
1.98,23,25.200315
1.95,23,25.211727
1.95,23,25.224884
1.95,23,25.239213
1.95,23,25.252157
1.33,23,25.263936
1.95,23,25.276954
1.36,23,25.29065
1.36,23,25.303627
2.01,23,25.31571
1.33,23,25.328009
1.33,23,25.341273
1.36,23,25.35407
1.95,23,25.366892
1.95,23,25.378884
2.01,23,25.392046
1.98,23,25.404702
1.95,23,25.418291
1.36,23,25.429564
1.98,23,25.44249
1.39,23,25.455063
1.36,23,25.468701
1.95,23,25.480514
2.01,23,25.493077
1.36,23,25.506221
1.98,23,25.51959
1.98,23,26.109905
1.98,23,26.120557
2.01,23,26.130591
1.95,23,26.143243
1.39,23,26.156994
1.95,23,26.17002
1.95,23,26.182349
1.95,23,26.194921
1.95,23,26.208168
1.95,23,26.221307
1.95,23,26.234442
1.98,23,26.245999
1.98,23,26.267716
1.98,23,26.279263
1.95,23,26.292205
1.95,23,26.305448
1.98,23,26.318413
1.36,23,26.32952
1.36,23,26.342239
2.01,23,26.355672
1.98,23,26.36859
1.95,23,26.380372
1.95,23,26.393084
1.98,23,26.406574
1.95,23,26.419581
1.36,23,26.430709
1.95,23,26.443467
1.33,23,26.456557
1.95,23,26.468924
1.33,23,26.480633
2.01,23,26.493287
1.98,23,26.507142
1.98,23,26.519639
1.39,23,26.531794
1.98,23,26.544072
1.95,23,26.561677
1.98,23,26.581064
1.36,23,26.599267
1.95,23,26.617491
1.36,23,26.634827
1.39,23,26.650303
1.36,23,26.661887
1.95,23,26.674578
1.36,23,26.689082
1.98,23,26.702156
1.98,23,26.715635
1.36,23,26.726645
1.98,23,26.739628
1.95,23,26.752707
1.95,23,26.765683
1.95,23,26.776913
1.98,23,26.790192
1.98,23,26.802684
1.95,23,26.815616
2.01,23,26.826911
1.36,23,26.840055
1.36,23,26.860456
1.74,23,26.873428
1.42,23,26.88616
1.95,23,26.899558
1.36,23,26.910717
1.95,23,26.92386
1.98,23,26.936766
1.95,23,26.950244
1.98,23,26.96181
1.95,23,26.974226
1.98,23,26.98742
1.98,23,27.000111
1.14,23,27.011765
1.95,23,27.024055
1.95,23,27.036813
1.95,23,27.049514
1.36,23,27.060823
1.39,23,27.073765
1.33,23,27.086467
1.98,23,27.098887
1.14,23,27.109812
1.98,23,27.122722
1.98,23,27.13509
1.95,23,27.146613
1.95,23,27.15861
1.98,23,27.171243
1.95,23,27.183941
1.98,23,27.195934
1.36,23,27.208461
1.98,23,27.221354
1.95,23,27.233943
1.14,23,27.245531
1.95,23,27.257958
1.98,23,27.851438
1.95,23,27.863268
1.95,23,27.876977
1.95,23,27.890931
2.01,23,27.905494
1.98,23,27.918516
1.36,23,27.932448
1.98,23,27.94437
1.36,23,27.956677
1.73,23,27.96989
1.98,23,27.990927
1.98,23,28.004614
1.95,23,28.017883
1.98,23,28.030615
1.74,23,28.042026
1.95,23,28.055473
1.98,23,28.068313
1.98,23,28.081874
1.98,23,28.094145
1.14,23,28.107084
1.95,23,28.120158
1.95,23,28.133146
1.98,23,28.14521
1.95,23,28.157614
2.01,23,28.171021
1.95,23,28.184278
1.36,23,28.19669
1.98,23,28.208642
1.36,23,28.223022
1.98,23,28.235861
1.39,23,28.24777
1.95,23,28.260505
2.01,23,28.274547
1.36,23,28.287447
1.98,23,28.300155
1.95,23,28.312855
1.98,23,28.325681
1.36,23,28.339085
1.95,23,28.351969
1.95,23,28.363668
1.98,23,28.376822
1.95,23,28.390098
1.95,23,28.403062
1.98,23,28.415696
1.36,23,28.427607
1.98,23,28.441907
1.95,23,28.455783
1.95,23,28.468719
1.98,23,28.480475
1.95,23,28.493482
1.98,23,28.506214
1.98,23,28.51989
2.01,23,28.532561
1.95,23,28.544236
1.98,23,28.566498
1.95,23,28.578064
1.95,23,28.592247
1.36,23,28.605077
1.98,23,28.618191
1.36,23,28.630069
1.98,23,28.643109
1.95,23,28.656896
1.95,23,28.669756
1.11,23,28.682518
1.98,23,28.69462
1.98,23,28.708634
1.95,23,28.721691
1.36,23,28.734509
1.95,23,28.746323
1.98,23,28.759834
1.98,23,28.772984
1.98,23,28.786072
1.33,23,28.798096
1.95,23,28.810873
1.95,23,28.824399
1.36,23,28.837803
1.36,23,28.850646
1.98,23,28.86213
1.95,23,28.875784
1.98,23,28.888426
1.98,23,28.901195
1.95,23,28.913516
1.95,23,28.926435
1.98,23,28.94009
2.01,23,28.953087
1.39,23,28.965698
1.95,23,28.977445
1.98,23,28.990999
1.98,23,29.004125
1.95,23,29.608812
1.36,23,29.620912
2.01,23,29.633826
1.98,23,29.64542
1.98,23,29.657744
1.98,23,29.670864
2.04,23,29.684256
1.36,23,29.69653
1.95,23,29.719145
1.95,23,29.730658
1.98,23,29.743088
1.36,23,29.756309
1.98,23,29.769564
1.98,23,29.781709
1.98,23,29.793521
1.95,23,29.807058
1.98,23,29.820162
1.95,23,29.832473
1.98,23,29.844293
1.98,23,29.858312
1.98,23,29.871584
1.98,23,29.884519
1.98,23,29.896561
1.98,23,29.909077
1.95,23,29.922237
2.01,23,29.935608
1.17,23,29.947969
1.98,23,29.960271
1.98,23,29.973728
1.98,23,29.987106
1.98,23,30.000515
1.98,23,30.011978
1.95,23,30.025523
1.98,23,30.03878
1.17,23,30.051833
1.98,23,30.063992
1.98,23,30.076153
1.95,23,30.089386
1.98,23,30.102332
1.95,23,30.114488
1.98,23,30.127007
1.98,23,30.140401
1.98,23,30.153152
1.98,23,30.165329
2.01,23,30.17738
1.98,23,30.191404
1.98,23,30.204712
1.95,23,30.217237
2.01,23,30.229356
1.95,23,30.243029
1.39,23,30.256054
1.98,23,30.268909
1.98,23,30.289584
1.98,23,30.302634
1.98,23,30.315154
1.98,23,30.327452
1.14,23,30.340851
1.98,23,30.353678
1.95,23,30.366326
1.17,23,30.377688
1.98,23,30.390979
1.95,23,30.404133
1.95,23,30.417761
1.95,23,30.428826
1.98,23,30.442016
1.98,23,30.455369
1.14,23,30.46828
1.98,23,30.480067
1.98,23,30.492765
2.01,23,30.506585
1.95,23,30.519492
1.14,23,30.531052
1.95,23,30.543453
1.14,23,30.557347
1.98,23,30.570578
1.36,23,30.583613
1.98,23,30.595023
1.98,23,30.60803
1.98,23,30.620939
1.98,23,30.634214
1.95,23,30.64593
1.98,23,30.658958
1.95,23,30.671869
1.95,23,30.684534
1.95,23,30.695909
1.98,23,30.70878
1.98,23,30.721943
1.98,23,30.735118
1.74,23,30.746843
1.95,23,31.340696
1.98,23,31.353353
1.95,23,31.365583
1.98,23,31.377179
1.98,23,31.390709
1.95,23,31.40372
1.98,23,31.424442
1.98,23,31.437614
1.95,23,31.450076
1.98,23,31.461601
2.01,23,31.474313
1.33,23,31.487293
1.98,23,31.500365
1.98,23,31.511509
1.98,23,31.52517
1.98,23,31.538202
2.01,23,31.550993
2.01,23,31.562922
1.98,23,31.575549
2.01,23,31.588665
1.98,23,31.601991
1.2,23,31.614124
1.98,23,31.626578
1.98,23,31.640179
1.98,23,31.653298
1.95,23,31.665267
1.95,23,31.677959
1.98,23,31.691378
1.74,23,31.704655
1.98,23,31.71809
1.95,23,31.729832
2.01,23,31.74233
1.98,23,31.755402
1.98,23,31.76893
1.98,23,31.78053
1.98,23,31.793013
1.98,23,31.806499
1.95,23,31.819395
1.95,23,31.831837
1.95,23,31.843862
1.95,23,31.857073
1.95,23,31.870368
1.98,23,31.882787
1.98,23,31.894082
1.95,23,31.908102
2.01,23,31.921439
1.95,23,31.934505
1.98,23,31.946329
1.98,23,31.959702
1.98,23,31.973168
1.98,23,31.99358
1.95,23,32.007257
1.98,23,32.019941
1.98,23,32.032585
1.98,23,32.043468
1.95,23,32.056673
1.98,23,32.069222
1.98,23,32.081362
1.98,23,32.093388
1.95,23,32.107479
1.98,23,32.120664
1.36,23,32.132927
1.98,23,32.144665
1.98,23,32.15771
1.98,23,32.170558
1.98,23,32.184235
1.98,23,32.195811
1.98,23,32.208987
1.98,23,32.222308
1.98,23,32.235211
1.95,23,32.247004
1.33,23,32.259305
1.95,23,32.272598
1.95,23,32.285564
1.95,23,32.29765
2.01,23,32.310145
1.98,23,32.324552
1.98,23,32.338312
1.98,23,32.351122
1.98,23,32.36289
2.01,23,32.376012
1.98,23,32.389271
1.95,23,32.402706
2.01,23,32.41571
2.01,23,32.427629
1.98,23,32.44238
1.95,23,32.455589
1.98,23,32.468183
1.98,23,32.480551
1.52,23,33.080485
1.98,23,33.092551
1.36,23,33.105339
1.98,23,33.11826
1.98,23,33.139231
1.95,23,33.152791
1.98,23,33.165834
2.01,23,33.177747
1.98,23,33.190494
1.95,23,33.203673
1.98,23,33.216675
2.01,23,33.228253
1.98,23,33.240885
1.98,23,33.253666
1.98,23,33.266748
2.01,23,33.277996
1.95,23,33.291172
1.95,23,33.30439
1.98,23,33.317571
1.98,23,33.328661
1.95,23,33.341806
2.01,23,33.354711
1.98,23,33.367651
1.98,23,33.379513
1.95,23,33.391957
1.98,23,33.405218
1.98,23,33.418454
1.98,23,33.430226
2.01,23,33.442717
1.98,23,33.456048
1.36,23,33.468737
1.98,23,33.480663
1.98,23,33.49318
2.01,23,33.50714
1.98,23,33.520036
1.98,23,33.531879
1.98,23,33.544168
1.98,23,33.557244
1.98,23,33.570321
2.01,23,33.583447
1.95,23,33.59438
1.98,23,33.608468
1.98,23,33.622291
1.98,23,33.635067
1.98,23,33.647159
1.98,23,33.659769
1.98,23,33.672891
1.98,23,33.686357
1.98,23,33.706378
1.98,23,33.719504
1.98,23,33.731684
1.98,23,33.744058
1.98,23,33.757857
1.98,23,33.771117
1.98,23,33.784558
1.98,23,33.796861
1.98,23,33.809276
1.98,23,33.82304
1.98,23,33.836057
1.95,23,33.848108
1.98,23,33.860251
1.98,23,33.873587
1.98,23,33.886846
1.33,23,33.899655
1.82,23,33.911642
1.98,23,33.924898
1.98,23,33.938127
1.36,23,33.951115
1.33,23,33.962387
1.98,23,33.975007
1.98,23,33.988158
1.98,23,34.001452
2.01,23,34.013368
1.98,23,34.026784
1.98,23,34.040142
1.98,23,34.053275
1.95,23,34.066193
1.98,23,34.078064
1.98,23,34.09129
2.01,23,34.104411
1.95,23,34.116795
1.98,23,34.128079
1.98,23,34.141422
1.98,23,34.154449
1.98,23,34.16738
1.98,23,34.178622
1.98,23,34.191853
1.98,23,34.206139
1.98,23,34.222306
1.98,23,34.81743
2.01,23,34.829645
2.01,23,34.845906
1.98,23,34.858067
1.36,23,34.871071
1.98,23,34.883872
2.01,23,34.896029
1.98,23,34.907613
1.98,23,34.920857
1.98,23,34.933206
1.95,23,34.945779
1.36,23,34.957921
1.95,23,34.971167
1.98,23,34.984035
1.98,23,34.996525
1.98,23,35.022582
1.98,23,35.048847
1.98,23,35.064647
2.01,23,35.083041
1.98,23,35.097913
1.98,23,35.109958
1.98,23,35.122814
1.98,23,35.135325
1.98,23,35.148917
1.98,23,35.160672
2.01,23,35.173886
1.98,23,35.188029
1.98,23,35.201691
1.98,23,35.215419
1.98,23,35.227433
1.98,23,35.240969
1.98,23,35.254662
1.98,23,35.267452
1.95,23,35.280764
1.95,23,35.292618
1.98,23,35.305634
1.98,23,35.319022
1.98,23,35.332387
1.98,23,35.343342
1.98,23,35.357314
1.98,23,35.370563
1.33,23,35.384158
1.98,23,35.39614
1.98,23,35.408358
1.98,23,35.421301
1.98,23,35.434126
1.98,23,35.449586
1.36,23,35.460953
1.98,23,35.47376
1.98,23,35.486001
1.98,23,35.499402
1.98,23,35.511044
1.36,23,35.524198
1.98,23,35.537008
1.95,23,35.549617
1.98,23,35.561581
1.98,23,35.574072
1.98,23,35.586678
1.98,23,35.599175
1.98,23,35.610065
1.98,23,35.623239
1.98,23,35.635833
1.98,23,35.648457
1.98,23,35.659827
1.98,23,35.672836
1.98,23,35.685258
1.95,23,35.697307
1.98,23,35.70828
1.98,23,35.720621
1.98,23,35.732984
1.98,23,35.744385
1.98,23,35.757293
1.98,23,35.769691
1.98,23,35.7822
1.98,23,35.793043
1.95,23,35.806168
1.95,23,35.818393
1.98,23,35.830219
1.98,23,35.841582
1.98,23,35.854795
1.95,23,35.867085
2.01,23,35.878596
1.98,23,35.890931
1.98,23,35.90369
1.98,23,35.916916
1.98,23,35.928985
1.98,23,35.941408
1.98,23,35.953636
1.98,23,35.967223
1.95,23,36.569445
1.98,23,36.582446
1.98,23,36.59417
1.95,23,36.607437
1.98,23,36.620485
1.98,23,36.6323
1.98,23,36.647829
1.98,23,36.659436
1.98,23,36.674016
1.98,23,36.686011
1.98,23,36.699446
1.98,23,36.710434
2.01,23,36.722991
1.98,23,36.736664
1.98,23,36.749562
1.98,23,36.762757
1.98,23,36.774074
1.98,23,36.787655
1.98,23,36.800826
1.98,23,36.81388
1.98,23,36.825423
1.98,23,36.838282
1.98,23,36.851437
1.98,23,36.864578
1.98,23,36.876218
1.98,23,36.888988
1.98,23,36.901938
1.98,23,36.915253
1.98,23,36.926374
1.98,23,36.939542
1.98,23,36.952508
1.98,23,36.965653
1.98,23,36.976626
1.98,23,36.989744
1.98,23,37.003101
1.98,23,37.016631
1.98,23,37.027782
1.98,23,37.040365
1.36,23,37.054103
1.98,23,37.067393
1.98,23,37.080194
1.98,23,37.091568
1.98,23,37.105292
1.98,23,37.118379
1.98,23,37.13889
1.98,23,37.15223
1.98,23,37.166208
1.98,23,37.17772
1.98,23,37.190825
1.98,23,37.204771
1.98,23,37.217844
1.98,23,37.229749
1.98,23,37.241477
1.98,23,37.254035
1.98,23,37.266696
1.98,23,37.277844
1.98,23,37.290388
1.98,23,37.303319
1.98,23,37.315996
1.98,23,37.327305
1.98,23,37.340267
1.98,23,37.352715
1.98,23,37.365339
1.98,23,37.376565
2.01,23,37.389634
1.98,23,37.402661
1.98,23,37.415855
1.98,23,37.426922
1.98,23,37.439526
1.98,23,37.45197
2.01,23,37.464501
1.98,23,37.475751
1.98,23,37.488651
1.98,23,37.501489
1.98,23,37.514022
1.36,23,37.525409
1.17,23,37.53833
1.98,23,37.550958
1.98,23,37.562932
1.98,23,37.574837
1.98,23,37.587878
1.98,23,37.600515
1.98,23,37.612347
1.98,23,37.624131
1.98,23,37.636611
1.98,23,37.649202
1.98,23,37.661064
1.98,23,37.683275
1.98,23,37.695372
1.98,23,38.290172
1.98,23,38.302502
1.98,23,38.314298
1.98,23,38.326122
1.98,23,38.339772
1.98,23,38.350389
1.95,23,38.363554
1.98,23,38.37739
1.98,23,38.39012
1.98,23,38.401464
1.98,23,38.41384
1.98,23,38.427828
1.98,23,38.439149
1.98,23,38.454386
1.98,23,38.465511
1.98,23,38.478416
1.98,23,38.491951
1.98,23,38.50521
1.98,23,38.51702
1.98,23,38.529644
1.95,23,38.543163
1.98,23,38.556804
1.98,23,38.569741
1.98,23,38.581415
1.98,23,38.594805
1.98,23,38.60784
1.98,23,38.620223
1.98,23,38.632568
1.98,23,38.646024
1.98,23,38.659472
1.98,23,38.670407
1.98,23,38.682962
1.98,23,38.696365
1.98,23,38.708485
2.01,23,38.720513
1.98,23,38.733408
1.98,23,38.745775
1.98,23,38.757856
1.98,23,38.771119
1.98,23,38.783745
1.98,23,38.795699
1.98,23,38.808219
1.98,23,38.829844
1.98,23,38.842351
1.98,23,38.855975
1.98,23,38.869368
1.98,23,38.883583
1.98,23,38.89538
1.98,23,38.908309
2.01,23,38.921578
1.98,23,38.934937
1.98,23,38.947128
1.98,23,38.959452
1.98,23,38.972885
1.98,23,38.986055
1.98,23,38.999416
1.98,23,39.011366
1.98,23,39.024096
1.98,23,39.037365
1.98,23,39.050353
1.98,23,39.062053
1.95,23,39.074865
1.98,23,39.087909
1.98,23,39.101026
1.98,23,39.113258
1.98,23,39.126002
1.98,23,39.13961
1.98,23,39.152967
1.98,23,39.165029
1.98,23,39.176551
1.98,23,39.190787
1.98,23,39.205275
1.98,23,39.221843
1.98,23,39.235827
1.98,23,39.248778
2.01,23,39.259875
1.98,23,39.273108
1.98,23,39.285713
1.98,23,39.299209
1.98,23,39.310987
1.98,23,39.32381
1.98,23,39.337218
1.98,23,39.350356
1.98,23,39.362421
1.98,23,39.37566
1.98,23,39.398316
1.98,23,39.41017
1.98,23,39.423745
1.98,23,39.436632
1.98,23,39.449943
1.98,23,40.054429
1.98,23,40.067496
1.98,23,40.079707
2.01,23,40.091869
1.98,23,40.105603
1.98,23,40.118892
1.98,23,40.13261
1.98,23,40.144021
1.98,23,40.156976
1.95,23,40.170501
1.98,23,40.183414
1.98,23,40.195015
1.98,23,40.208199
1.98,23,40.221486
1.98,23,40.235803
1.98,23,40.249104
1.98,23,40.260882
1.14,23,40.273807
1.98,23,40.287004
1.98,23,40.300101
2.01,23,40.312104
1.98,23,40.325192
1.98,23,40.339442
1.98,23,40.352252
1.98,23,40.365484
1.98,23,40.376741
1.98,23,40.390311
1.98,23,40.40349
1.98,23,40.416757
1.98,23,40.429041
1.95,23,40.44172
1.98,23,40.455009
2.01,23,40.468188
1.98,23,40.480842
1.98,23,40.492291
2.01,23,40.505469
1.98,23,40.517403
1.98,23,40.529597
1.98,23,40.550263
1.98,23,40.563223
1.98,23,40.574786
1.98,23,40.587724
1.98,23,40.600336
1.98,23,40.612683
1.95,23,40.624053
1.98,23,40.637424
1.98,23,40.65083
1.98,23,40.663529
1.98,23,40.674912
1.98,23,40.687733
1.98,23,40.699966
1.98,23,40.712561
1.98,23,40.723901
1.98,23,40.736827
1.98,23,40.749572
1.98,23,40.761499
1.36,23,40.773063
1.98,23,40.78536
2.01,23,40.797416
1.98,23,40.808772
1.98,23,40.821908
1.98,23,40.834619
1.98,23,40.847687
1.98,23,40.858989
1.98,23,40.871663
1.98,23,40.88471
1.98,23,40.897129
1.98,23,40.908493
1.98,23,40.921466
1.36,23,40.934416
1.98,23,40.947265
1.98,23,40.958846
1.98,23,40.972198
1.98,23,40.985218
2.01,23,40.998057
1.98,23,41.009214
1.98,23,41.02187
1.98,23,41.034652
1.98,23,41.047229
1.98,23,41.058337
1.98,23,41.071355
1.36,23,41.08371
1.98,23,41.099681
1.98,23,41.111062
1.98,23,41.123233
1.98,23,41.135599
1.98,23,41.148733
1.98,23,41.160282
1.98,23,41.172676
1.98,23,41.774779
1.98,23,41.786931
1.98,23,41.799962
1.98,23,41.812472
1.98,23,41.82531
1.98,23,41.838245
1.98,23,41.85133
1.98,23,41.864068
1.98,23,41.876807
1.14,23,41.887967
1.98,23,41.901392
1.98,23,41.91428
1.98,23,41.92606
1.98,23,41.937844
1.98,23,41.950987
1.36,23,41.963545
1.98,23,41.975756
1.98,23,41.987478
1.98,23,42.000342
1.98,23,42.013559
1.98,23,42.02531
1.98,23,42.037392
1.98,23,42.050776
1.98,23,42.063234
1.98,23,42.075366
1.98,23,42.087434
1.98,23,42.100081
1.98,23,42.112992
1.98,23,42.125113
1.98,23,42.13728
1.98,23,42.150555
1.98,23,42.163738
1.98,23,42.174916
1.98,23,42.187846
1.98,23,42.200642
1.98,23,42.212865
1.98,23,42.228678
1.98,23,42.241187
1.98,23,42.25354
1.98,23,42.266247
1.98,23,42.278727
1.98,23,42.291095
1.98,23,42.30426
1.98,23,42.31688
1.98,23,42.329238
1.98,23,42.341441
1.98,23,42.355097
1.98,23,42.367895
1.98,23,42.380328
1.98,23,42.392252
1.98,23,42.405729
1.98,23,42.41889
1.98,23,42.431422
1.98,23,42.442446
1.98,23,42.455849
1.98,23,42.468545
1.98,23,42.481874
1.98,23,42.493362
1.98,23,42.505875
1.98,23,42.518628
1.98,23,42.531464
1.98,23,42.542578
1.98,23,42.555483
1.98,23,42.567948
1.98,23,42.58112
1.98,23,42.59245
1.98,23,42.605875
1.98,23,42.618594
1.98,23,42.631921
1.98,23,42.643068
1.98,23,42.655926
1.98,23,42.66872
1.98,23,42.68119
1.98,23,42.69291
1.98,23,42.705647
1.98,23,42.718478
1.98,23,42.731266
1.98,23,42.742682
1.98,23,42.755703
1.98,23,42.768151
1.98,23,42.785342
1.98,23,42.7988
1.36,23,42.810018
1.98,23,42.823892
1.98,23,42.837318
1.98,23,42.850546
1.98,23,42.862122
1.98,23,42.874722
1.98,23,42.888806
1.98,23,43.492332
0.92,23,43.505264
1.98,23,43.520806
1.98,23,43.539345
1.98,23,43.55898
1.98,23,43.578998
2.01,23,43.596502
1.98,23,43.615687
1.98,23,43.628613
1.98,23,43.641338
2.01,23,43.654182
1.98,23,43.665987
1.98,23,43.680487
1.98,23,43.691273
1.98,23,43.704611
1.98,23,43.717889
1.98,23,43.730721
2.01,23,43.742662
1.98,23,43.755481
1.98,23,43.768773
1.98,23,43.781805
1.98,23,43.794297
1.98,23,43.805988
1.98,23,43.819802
1.98,23,43.833251
1.98,23,43.845958
1.98,23,43.85794
1.98,23,43.87078
1.98,23,43.883628
1.98,23,43.89619
1.98,23,43.907733
1.98,23,43.921192
1.98,23,43.934783
1.98,23,43.947312
1.98,23,43.964224
2.01,23,43.975883
1.98,23,43.989307
1.98,23,44.002526
1.98,23,44.015363
1.98,23,44.026483
1.98,23,44.040097
2.01,23,44.053633
1.98,23,44.066972
1.98,23,44.080171
1.98,23,44.092117
1.98,23,44.106379
1.98,23,44.119742
1.98,23,44.132627
1.98,23,44.144884
2.01,23,44.157661
1.98,23,44.1711
1.95,23,44.184243
1.98,23,44.197006
1.98,23,44.211783
1.98,23,44.226577
1.98,23,44.239137
1.98,23,44.251874
1.98,23,44.264433
1.98,23,44.275488
1.98,23,44.288264
1.98,23,44.301365
1.98,23,44.314026
1.98,23,44.324986
1.98,23,44.33766
2.01,23,44.3504
1.98,23,44.3627
1.98,23,44.374762
1.98,23,44.387519
1.98,23,44.400145
1.98,23,44.412889
1.98,23,44.42462
2.01,23,44.437344
1.98,23,44.44996
1.98,23,44.461851
2.01,23,44.473974
1.98,23,44.486875
1.98,23,44.49953
1.98,23,44.510916
2.01,23,44.527666
1.98,23,44.540631
1.98,23,44.552958
1.98,23,44.568146
1.98,23,44.580397
1.98,23,44.592964
1.98,23,44.60655
2.01,23,44.620234
1.36,23,44.633267
1.98,23,44.644747
1.98,23,44.657107
1.98,23,45.261625
2.01,23,45.27407
2.01,23,45.286654
1.98,23,45.299477
2.01,23,45.310952
1.98,23,45.323672
1.98,23,45.338008
2.01,23,45.35213
2.01,23,45.365201
1.98,23,45.377082
2.01,23,45.389843
1.98,23,45.403145
2.01,23,45.416068
1.36,23,45.427365
2.01,23,45.44114
1.98,23,45.45472
2.01,23,45.468265
1.98,23,45.481357
1.98,23,45.493035
1.98,23,45.507221
1.98,23,45.520676
2.01,23,45.533596
2.01,23,45.545378
1.98,23,45.55814
1.98,23,45.572253
1.98,23,45.585631
1.98,23,45.599008
1.98,23,45.610588
1.98,23,45.623848
1.98,23,45.636924
2.01,23,45.649997
1.98,23,45.662203
1.98,23,45.684763
1.98,23,45.697269
2.01,23,45.709095
2.01,23,45.723336
1.98,23,45.736478
2.04,23,45.749265
1.98,23,45.760989
2.01,23,45.773852
1.98,23,45.787354
2.01,23,45.800702
1.98,23,45.81306
2.01,23,45.825389
1.98,23,45.838924
1.98,23,45.852598
2.01,23,45.866004
1.98,23,45.87767
1.74,23,45.890501
1.98,23,45.903859
1.98,23,45.916858
1.98,23,45.929532
1.98,23,45.941423
1.98,23,45.955162
2.01,23,45.968503
1.98,23,45.98199
1.39,23,45.993533
1.98,23,46.006503
2.01,23,46.01956
1.98,23,46.032781
1.98,23,46.044233
1.98,23,46.056766
1.98,23,46.069689
1.98,23,46.082712
1.98,23,46.094175
2.01,23,46.107153
1.98,23,46.11999
1.98,23,46.132926
1.98,23,46.144281
1.98,23,46.156838
2.01,23,46.169491
1.98,23,46.18159
1.98,23,46.193465
1.98,23,46.206091
1.98,23,46.219076
1.98,23,46.231623
1.98,23,46.248546
1.74,23,46.260477
2.01,23,46.272891
1.98,23,46.285512
1.98,23,46.29787
1.98,23,46.309345
2.01,23,46.32173
2.01,23,46.334111
2.01,23,46.346423
1.98,23,46.357633
2.01,23,46.370777
1.98,23,46.383294
2.01,23,46.395182
2.01,23,46.989081
1.98,23,47.000962
1.98,23,47.013214
2.01,23,47.024769
1.95,23,47.038145
1.98,23,47.050785
2.01,23,47.0634
2.01,23,47.075527
2.01,23,47.087882
2.01,23,47.100692
1.98,23,47.113401
2.04,23,47.124689
2.01,23,47.137037
1.98,23,47.14988
2.01,23,47.162588
1.17,23,47.173726
1.98,23,47.186251
1.98,23,47.198763
2.01,23,47.211524
1.98,23,47.223023
2.01,23,47.236137
1.98,23,47.248678
1.98,23,47.261257
2.04,23,47.272701
2.01,23,47.28621
1.98,23,47.298818
2.01,23,47.311478
1.98,23,47.323278
2.01,23,47.336519
2.01,23,47.349265
2.01,23,47.365453
1.98,23,47.376839
2.01,23,47.389014
1.95,23,47.401568
1.98,23,47.41412
1.95,23,47.425876
2.04,23,47.438684
1.98,23,47.451754
2.01,23,47.464616
2.01,23,47.475972
1.98,23,47.489389
2.01,23,47.502376
1.98,23,47.514986
1.98,23,47.526562
1.95,23,47.539348
1.95,23,47.55236
2.01,23,47.565197
1.98,23,47.577261
2.01,23,47.589596
2.01,23,47.602104
2.01,23,47.614747
1.98,23,47.62612
1.98,23,47.63943
2.01,23,47.652016
1.98,23,47.664671
1.36,23,47.67584
1.98,23,47.688603
1.98,23,47.701187
1.98,23,47.714351
1.98,23,47.72565
2.01,23,47.738552
1.98,23,47.751472
1.98,23,47.763974
2.01,23,47.775164
1.98,23,47.7883
2.01,23,47.800926
1.98,23,47.813492
2.01,23,47.825034
1.98,23,47.838212
1.98,23,47.850929
1.98,23,47.863032
1.98,23,47.874801
2.01,23,47.888188
2.04,23,47.901014
2.01,23,47.920974
1.36,23,47.933501
1.98,23,47.946516
1.98,23,47.957989
1.98,23,47.970985
2.01,23,47.98338
2.04,23,47.995508
1.98,23,48.007008
1.98,23,48.019386
1.98,23,48.032275
1.95,23,48.043498
2.01,23,48.056235
2.01,23,48.068694
1.98,23,48.081379
2.01,23,48.092525
1.98,23,48.687416
2.04,23,48.700408
1.98,23,48.712842
2.01,23,48.7248
1.98,23,48.73835
1.98,23,48.749567
2.04,23,48.762725
1.95,23,48.776066
1.98,23,48.789365
1.98,23,48.800052
1.98,23,48.812759
2.01,23,48.825927
1.98,23,48.837654
1.98,23,48.851018
1.98,23,48.862936
2.01,23,48.875988
2.01,23,48.888489
2.01,23,48.900498
1.98,23,48.912113
2.01,23,48.924978
1.98,23,48.93767
1.98,23,48.949224
2.01,23,48.961731
1.98,23,48.974511
1.98,23,48.987428
1.98,23,48.999004
1.98,23,49.011306
1.98,23,49.024102
1.98,23,49.045224
1.98,23,49.058089
1.98,23,49.070611
1.98,23,49.082183
1.98,23,49.094995
1.36,23,49.107437
1.98,23,49.119822
1.98,23,49.131859
1.98,23,49.144483
2.01,23,49.157399
1.98,23,49.16929
1.98,23,49.182536
2.01,23,49.195456
2.01,23,49.208893
2.01,23,49.227405
2.01,23,49.240052
1.98,23,49.252497
1.98,23,49.265339
2.01,23,49.278068
1.98,23,49.290493
1.98,23,49.302957
1.98,23,49.31591
2.01,23,49.328779
1.98,23,49.341269
1.98,23,49.352885
1.98,23,49.366752
1.98,23,49.379815
1.98,23,49.3923
1.98,23,49.403656
1.98,23,49.417135
2.04,23,49.429949
1.98,23,49.442687
1.98,23,49.454063
1.98,23,49.467513
2.01,23,49.479884
2.01,23,49.491319
1.98,23,49.504356
1.98,23,49.517555
1.98,23,49.531385
1.98,23,49.543562
2.01,23,49.555835
1.98,23,49.569314
1.98,23,49.582348
2.01,23,49.594605
1.98,23,49.610871
2.04,23,49.622485
2.01,23,49.635513
2.01,23,49.648369
1.98,23,49.661559
1.98,23,49.673026
1.98,23,49.686639
1.98,23,49.699411
1.98,23,49.711806
2.04,23,49.723023
2.01,23,49.736338
1.98,23,49.749504
1.98,23,49.763015
2.04,23,49.774415
1.98,23,49.787998
1.98,23,49.800477
1.98,23,49.812716
1.98,23,50.412196
1.98,23,50.424857
1.98,23,50.43808
1.98,23,50.451154
2.01,23,50.463986
2.01,23,50.475543
1.98,23,50.489264
1.98,23,50.502817
1.98,23,50.51575
1.98,23,50.527045
1.98,23,50.539677
1.98,23,50.553104
1.95,23,50.566592
2.01,23,50.580068
1.98,23,50.591428
1.98,23,50.604727
1.98,23,50.617767
1.98,23,50.630771
1.98,23,50.641796
1.98,23,50.654504
2.01,23,50.667538
2.01,23,50.680584
1.98,23,50.692221
1.98,23,50.705218
1.98,23,50.718592
1.98,23,50.731499
1.98,23,50.752503
2.01,23,50.765503
1.95,23,50.777359
1.98,23,50.790618
2.01,23,50.804039
2.01,23,50.817176
1.98,23,50.829279
1.98,23,50.841484
1.98,23,50.854681
1.98,23,50.86822
1.98,23,50.880775
1.98,23,50.892271
1.98,23,50.90574
1.98,23,50.918892
1.98,23,50.932617
1.98,23,50.944328
1.98,23,50.957054
1.95,23,50.970567
1.98,23,50.983503
1.98,23,50.995679
1.98,23,51.007898
2.01,23,51.021365
2.01,23,51.03468
1.98,23,51.047372
1.98,23,51.058575
2.01,23,51.072362
1.98,23,51.085299
1.98,23,51.098307
2.01,23,51.109438
2.01,23,51.122334
2.01,23,51.135099
1.98,23,51.148314
1.98,23,51.159877
1.98,23,51.172812
1.98,23,51.186308
1.98,23,51.19935
1.98,23,51.210662
2.01,23,51.22356
1.98,23,51.237229
1.98,23,51.250618
1.98,23,51.263781
1.98,23,51.27563
1.98,23,51.288832
1.98,23,51.302163
2.01,23,51.322077
1.98,23,51.335173
1.98,23,51.347542
2.01,23,51.358926
1.98,23,51.372877
1.98,23,51.388927
1.98,23,51.408001
1.98,23,51.427263
1.98,23,51.446531
1.98,23,51.465466
1.98,23,51.48357
1.98,23,51.496097
1.98,23,51.508582
1.98,23,51.521204
1.98,23,51.533403
1.98,23,51.545975
1.98,23,51.557187
1.98,23,51.570436
1.98,23,51.58314
1.98,23,52.178993
1.98,23,52.191419
1.98,23,52.20399
1.98,23,52.217236
1.98,23,52.230685
1.98,23,52.242677
1.98,23,52.255198
1.98,23,52.269016
1.98,23,52.282226
1.98,23,52.294363
1.98,23,52.306054
1.98,23,52.320709
2.04,23,52.333896
1.98,23,52.347051
1.98,23,52.359019
1.98,23,52.371547
1.98,23,52.384938
2.01,23,52.397748
1.98,23,52.410077
2.01,23,52.423445
1.98,23,52.437632
1.98,23,52.45078
1.98,23,52.46421
1.98,23,52.475255
1.98,23,52.492393
1.98,23,52.505286
1.98,23,52.518614
1.98,23,52.531691
1.98,23,52.543078
1.98,23,52.556726
1.98,23,52.569821
1.98,23,52.582782
1.98,23,52.595046
1.98,23,52.607545
1.98,23,52.621595
2.01,23,52.634774
1.98,23,52.647682
1.98,23,52.659103
1.98,23,52.672713
1.98,23,52.685861
1.98,23,52.69971
1.98,23,52.712196
1.98,23,52.724555
1.98,23,52.738708
1.98,23,52.752222
1.98,23,52.765671
2.04,23,52.77784
1.98,23,52.790732
1.98,23,52.804481
1.98,23,52.818155
1.98,23,52.831991
1.98,23,52.844827
2.01,23,52.859453
1.98,23,52.872952
1.98,23,52.885604
1.98,23,52.898817
2.01,23,52.9105
1.98,23,52.923396
1.98,23,52.936366
2.01,23,52.949396
1.98,23,52.961702
1.98,23,52.973296
1.98,23,52.986471
1.98,23,52.999098
1.98,23,53.011741
2.01,23,53.024125
1.98,23,53.037708
1.98,23,53.050155
1.98,23,53.067109
1.98,23,53.080407
1.98,23,53.092534
1.98,23,53.105034
1.98,23,53.119083
1.98,23,53.132673
1.98,23,53.14609
1.98,23,53.157711
1.98,23,53.171587
1.98,23,53.185308
1.98,23,53.19857
1.95,23,53.211414
1.98,23,53.223554
2.01,23,53.236792
2.01,23,53.249313
1.98,23,53.261245
1.98,23,53.273214
2.01,23,53.286964
1.98,23,53.299932
1.98,23,53.312857
1.98,23,53.323922
1.98,23,53.92812
1.98,23,53.939779
2.01,23,53.95312
2.01,23,53.965998
2.04,23,53.978507
1.98,23,53.992322
1.98,23,54.005999
2.01,23,54.018934
1.98,23,54.032032
1.98,23,54.044534
1.98,23,54.056652
2.01,23,54.06969
2.01,23,54.083288
1.98,23,54.096226
1.98,23,54.108155
1.98,23,54.120797
1.98,23,54.13443
1.98,23,54.147295
1.98,23,54.159556
1.98,23,54.171893
1.98,23,54.185477
1.98,23,54.198731
1.98,23,54.217736
1.98,23,54.233676
2.01,23,54.246602
1.98,23,54.25842
1.98,23,54.271491
1.98,23,54.284556
1.98,23,54.297356
1.98,23,54.308452
1.98,23,54.321073
1.98,23,54.333699
2.01,23,54.346873
1.98,23,54.3579
1.98,23,54.370692
2.01,23,54.383038
1.98,23,54.395788
1.98,23,54.406937
2.01,23,54.420476
1.98,23,54.432891
1.98,23,54.445959
1.98,23,54.457229
1.98,23,54.470487
2.01,23,54.483602
1.98,23,54.496359
2.01,23,54.508215
1.98,23,54.520919
0.87,23,54.533618
1.98,23,54.546577
1.98,23,54.558145
1.98,23,54.57045
1.98,23,54.584078
1.98,23,54.596894
1.98,23,54.608676
2.01,23,54.621829
1.98,23,54.63547
1.98,23,54.648603
1.98,23,54.661191
1.98,23,54.672298
1.98,23,54.686078
1.98,23,54.699418
1.98,23,54.712752
1.98,23,54.724176
1.98,23,54.737418
1.98,23,54.750816
1.98,23,54.764224
1.98,23,54.781486
1.98,23,54.794386
1.98,23,54.805837
1.98,23,54.819236
2.01,23,54.832284
1.98,23,54.845099
1.98,23,54.856785
1.98,23,54.870019
2.01,23,54.883243
1.98,23,54.896533
2.01,23,54.907409
1.98,23,54.920537
1.98,23,54.933796
1.98,23,54.947066
2.01,23,54.959251
1.98,23,54.971923
1.98,23,54.985024
1.98,23,54.998238
2.01,23,55.009856
1.98,23,55.022763
1.98,23,55.036229
1.98,23,55.049366
1.98,23,55.062085
1.98,23,55.667503
1.98,23,55.680291
2.01,23,55.691689
1.98,23,55.704764
1.98,23,55.718167
1.98,23,55.729937
2.01,23,55.743077
1.98,23,55.756075
1.98,23,55.767241
2.01,23,55.780779
1.98,23,55.793506
2.01,23,55.804347
1.98,23,55.817168
1.98,23,55.830448
2.01,23,55.842873
1.98,23,55.854162
2.01,23,55.867042
2.01,23,55.878235
1.98,23,55.891037
1.98,23,55.903963
1.98,23,55.919969
1.98,23,55.93151
2.01,23,55.945092
1.98,23,55.958761
1.98,23,55.971053
1.98,23,55.984268
1.98,23,55.997198
1.98,23,56.009473
1.98,23,56.02074
1.98,23,56.033615
1.98,23,56.046126
1.98,23,56.058329
1.98,23,56.069901
2.04,23,56.082397
1.98,23,56.095114
2.01,23,56.106816
1.98,23,56.119184
1.98,23,56.132049
2.01,23,56.144554
2.01,23,56.155926
2.01,23,56.168486
2.01,23,56.181354
2.04,23,56.193765
1.98,23,56.205201
1.98,23,56.218207
1.98,23,56.230502
2.01,23,56.242558
2.01,23,56.254991
2.01,23,56.268672
2.01,23,56.281406
2.04,23,56.293975
1.98,23,56.305404
2.01,23,56.318388
1.98,23,56.331069
1.98,23,56.343436
2.01,23,56.354941
1.98,23,56.367761
1.98,23,56.380263
2.01,23,56.391908
2.01,23,56.404056
2.01,23,56.416987
1.98,23,56.429841
2.01,23,56.441609
1.39,23,56.45389
2.04,23,56.470241
2.01,23,56.482799
1.98,23,56.495308
2.01,23,56.50677
1.17,23,56.519545
1.98,23,56.532453
2.01,23,56.545183
1.98,23,56.556545
1.98,23,56.569443
2.01,23,56.582417
1.98,23,56.594551
2.04,23,56.605904
1.98,23,56.6189
2.01,23,56.631497
1.98,23,56.644044
1.98,23,56.655648
1.98,23,56.668778
1.98,23,56.681138
1.98,23,56.693645
2.01,23,56.705038
2.04,23,56.718056
2.01,23,56.731343
1.98,23,56.74367
1.95,23,56.755685
1.98,23,56.768637
1.98,23,57.368257
1.98,23,57.380898
2.01,23,57.392359
1.98,23,57.405144
1.98,23,57.418536
2.01,23,57.431926
1.98,23,57.445249
1.98,23,57.456124
1.98,23,57.469389
1.98,23,57.482291
1.98,23,57.495268
2.01,23,57.507282
1.98,23,57.520191
2.01,23,57.53347
1.98,23,57.546645
2.01,23,57.557903
1.98,23,57.570661
2.01,23,57.583895
1.98,23,57.6005
2.01,23,57.613941
1.98,23,57.625855
1.98,23,57.638335
1.98,23,57.651232
1.98,23,57.664107
1.98,23,57.67495
1.98,23,57.688076
1.98,23,57.701303
1.98,23,57.713822
1.98,23,57.725796
1.98,23,57.738682
2.01,23,57.751764
2.01,23,57.765221
1.98,23,57.777463
1.98,23,57.790011
1.98,23,57.803734
1.98,23,57.816647
1.98,23,57.829457
2.01,23,57.84073
2.01,23,57.854296
1.95,23,57.866993
2.01,23,57.879796
1.98,23,57.891247
1.98,23,57.904531
2.01,23,57.917742
1.98,23,57.930965
1.98,23,57.942437
1.98,23,57.955191
1.98,23,57.968758
1.98,23,57.981636
1.98,23,57.99449
2.01,23,58.006257
1.98,23,58.019675
1.98,23,58.032812
1.98,23,58.045564
1.98,23,58.057221
1.98,23,58.070835
1.98,23,58.083739
1.98,23,58.096789
1.98,23,58.107925
2.01,23,58.121398
1.98,23,58.134115
1.98,23,58.147168
1.98,23,58.163302
1.98,23,58.174464
2.01,23,58.187881
2.01,23,58.201179
1.98,23,58.214301
1.98,23,58.226137
1.95,23,58.238836
1.98,23,58.252049
2.01,23,58.264977
1.98,23,58.277343
1.98,23,58.289551
1.98,23,58.302711
2.01,23,58.315505
1.98,23,58.327016
2.01,23,58.340025
2.01,23,58.353545
2.04,23,58.36653
2.01,23,58.379427
1.98,23,58.390573
1.98,23,58.404084
1.98,23,58.417276
1.98,23,58.430601
2.01,23,58.442006
1.98,23,58.455678
2.01,23,58.469079
1.98,23,58.481945
2.01,23,58.494897
1.98,23,59.098885
1.98,23,59.111188
2.01,23,59.123549
2.01,23,59.136854
1.98,23,59.150201
1.98,23,59.163066
2.01,23,59.175708
1.98,23,59.188617
1.36,23,59.202021
1.98,23,59.217378
1.98,23,59.234152
1.98,23,59.247835
1.36,23,59.259627
1.98,23,59.272607
2.01,23,59.285873
1.36,23,59.299014
1.98,23,59.316667
1.98,23,59.329341
1.98,23,59.341666
1.98,23,59.354445
1.98,23,59.368015
1.98,23,59.381173
1.98,23,59.393194
1.98,23,59.406133
1.98,23,59.420141
1.98,23,59.433531
1.98,23,59.446649
1.98,23,59.458503
1.36,23,59.472321
1.36,23,59.48609
1.36,23,59.499716
1.98,23,59.512749
1.36,23,59.524642
1.98,23,59.538243
1.98,23,59.552358
1.98,23,59.565426
1.98,23,59.578283
1.98,23,59.58978
1.98,23,59.603802
1.17,23,59.616656
1.98,23,59.630029
1.36,23,59.641508
1.98,23,59.655404
2.01,23,59.668992
1.36,23,59.682882
1.98,23,59.696307
1.98,23,59.70823
1.98,23,59.721458
1.98,23,59.735273
1.98,23,59.748515
1.98,23,59.761208
2.01,23,59.77304
1.36,23,59.786904
1.98,23,59.800348
1.36,23,59.813034
1.17,23,59.824674
1.14,23,59.838052
1.98,23,59.852835
2.01,23,59.871144
1.17,23,59.896159
1.98,23,59.914822
1.98,23,59.932836
1.98,23,59.949134
1.98,23,59.961351
1.98,23,59.973516
2.01,23,59.987967
2.01,23,60.001316
2.01,23,60.013998
1.98,23,60.026122
1.98,23,60.039174
1.98,23,60.053267
1.98,23,60.066258
1.17,23,60.078889
2.01,23,60.090425
1.36,23,60.103776
1.98,23,60.116652
1.98,23,60.13046
1.98,23,60.142226
1.36,23,60.155387
1.98,23,60.169405
1.36,23,60.182773
1.98,23,60.196298
1.36,23,60.207898
1.98,23,60.221634
1.98,23,60.236241
1.36,23,60.249546
1.98,23,60.261794
2.01,23,60.273426
1.98,23,60.28722
1.98,23,60.891197
1.98,23,60.904089
1.98,23,60.917368
1.98,23,60.930639
1.98,23,60.942525
1.98,23,60.955649
1.98,23,60.969547
1.36,23,60.983036
1.14,23,60.99516
1.36,23,61.006989
2.01,23,61.02049
1.98,23,61.033635
1.98,23,61.04637
1.98,23,61.057945
1.98,23,61.0753
1.39,23,61.08838
1.36,23,61.101353
1.98,23,61.11459
1.98,23,61.126146
1.98,23,61.138456
1.98,23,61.151684
1.14,23,61.165195
1.14,23,61.176984
1.98,23,61.18964
1.98,23,61.203272
1.98,23,61.216781
1.98,23,61.230073
1.36,23,61.24128
1.98,23,61.254625
1.98,23,61.267904
1.36,23,61.280917
2.01,23,61.293268
1.98,23,61.305871
1.98,23,61.319794
1.98,23,61.33268
1.98,23,61.345383
1.98,23,61.357223
1.98,23,61.371653
1.98,23,61.384689
2.01,23,61.398177
1.36,23,61.41021
1.17,23,61.422928
1.98,23,61.436571
1.36,23,61.4494
1.98,23,61.462675
1.98,23,61.47431
1.98,23,61.488224
1.98,23,61.501566
1.98,23,61.514865
1.36,23,61.527445
1.98,23,61.540157
1.98,23,61.554135
1.98,23,61.567479
1.98,23,61.580423
1.98,23,61.592101
1.98,23,61.605214
2.01,23,61.618912
1.98,23,61.63571
1.98,23,61.649188
1.39,23,61.661668
1.98,23,61.673772
1.98,23,61.687347
1.98,23,61.700294
1.98,23,61.713215
1.98,23,61.72451
2.01,23,61.738624
1.98,23,61.751696
1.11,23,61.764359
1.98,23,61.776325
1.14,23,61.789131
1.98,23,61.802355
1.98,23,61.815451
1.98,23,61.827297
1.98,23,61.839572
1.98,23,61.85285
1.98,23,61.86574
1.98,23,61.878589
1.36,23,61.890514
1.98,23,61.904442
1.98,23,61.917755
1.98,23,61.931142
1.98,23,61.942925
1.98,23,61.955986
1.98,23,61.970197
1.17,23,61.984449
1.98,23,61.997243
1.98,23,62.00919
1.98,23,62.022509
1.36,23,62.036449
1.98,23,62.63693
1.98,23,62.649821
1.98,23,62.662618
1.98,23,62.67434
1.98,23,62.687287
1.98,23,62.700852
1.98,23,62.713999
1.36,23,62.726295
1.98,23,62.740004
1.98,23,62.753601
1.98,23,62.767148
2.01,23,62.780513
1.98,23,62.797459
1.98,23,62.809714
1.98,23,62.822067
2.01,23,62.835706
1.36,23,62.848733
1.98,23,62.861378
1.98,23,62.872919
1.98,23,62.886964
1.98,23,62.900563
1.98,23,62.91384
1.98,23,62.924794
1.98,23,62.937545
1.98,23,62.950645
2.01,23,62.964082
1.98,23,62.976855
1.98,23,62.988997
1.98,23,63.002448
1.98,23,63.015657
1.98,23,63.028187
1.98,23,63.039968
1.98,23,63.053691
1.98,23,63.067193
1.98,23,63.080502
1.98,23,63.092133
1.36,23,63.10552
1.98,23,63.11911
1.98,23,63.131916
1.98,23,63.143507
1.98,23,63.156227
1.98,23,63.169784
1.98,23,63.182883
1.98,23,63.195457
1.14,23,63.206667
1.98,23,63.220782
1.98,23,63.233861
1.98,23,63.247138
1.98,23,63.258828
1.98,23,63.271754
1.98,23,63.285062
1.98,23,63.298135
1.98,23,63.309363
1.98,23,63.321879
1.98,23,63.335077
1.98,23,63.351469
1.98,23,63.364649
1.98,23,63.376033
1.98,23,63.38916
1.98,23,63.402451
1.98,23,63.415328
1.98,23,63.427073
1.98,23,63.440001
1.98,23,63.453572
1.98,23,63.466809
1.98,23,63.480043
1.98,23,63.491609
1.14,23,63.504525
1.98,23,63.517555
1.98,23,63.530606
1.98,23,63.541487
1.98,23,63.554969
1.98,23,63.568259
1.98,23,63.581055
1.98,23,63.593082
1.98,23,63.605901
1.98,23,63.619359
1.98,23,63.632409
1.98,23,63.644641
1.98,23,63.656569
1.98,23,63.670487
1.98,23,63.683442
1.98,23,63.696733
1.98,23,63.707725
1.98,23,63.721268
1.98,23,63.734614
1.98,23,63.747355
1.36,23,63.75877
1.98,23,63.772464
1.98,23,64.382971
1.98,23,64.396622
1.98,23,64.408039
1.98,23,64.420705
1.98,23,64.434731
1.98,23,64.44787
1.98,23,64.462203
1.98,23,64.474543
2.01,23,64.486308
1.98,23,64.500104
1.98,23,64.517491
1.98,23,64.53116
1.98,23,64.544045
1.98,23,64.555748
2.01,23,64.56871
1.98,23,64.581708
2.01,23,64.595416
1.98,23,64.607468
2.01,23,64.620275
1.98,23,64.63398
1.98,23,64.647564
1.98,23,64.661016
1.98,23,64.672322
1.98,23,64.68538
1.98,23,64.698625
1.98,23,64.711691
1.98,23,64.72351
1.98,23,64.736335
1.98,23,64.749292
1.98,23,64.761652
1.98,23,64.773757
1.98,23,64.788113
1.98,23,64.801693
1.98,23,64.815089
1.98,23,64.827106
1.98,23,64.84001
1.98,23,64.853781
1.98,23,64.866736
1.98,23,64.879608
1.98,23,64.890794
1.98,23,64.905008
1.98,23,64.918227
1.98,23,64.93118
1.98,23,64.943884
1.98,23,64.956563
1.98,23,64.970675
1.98,23,64.983994
1.98,23,64.997463
1.98,23,65.009724
1.98,23,65.02223
1.98,23,65.0359
1.98,23,65.049652
1.98,23,65.063089
1.98,23,65.080488
1.98,23,65.09235
1.98,23,65.10582
1.98,23,65.119504
1.98,23,65.13256
1.98,23,65.145689
1.98,23,65.157554
1.98,23,65.170756
1.98,23,65.183876
1.98,23,65.197116
1.98,23,65.208766
1.98,23,65.221628
1.98,23,65.236533
1.98,23,65.249975
1.98,23,65.263143
1.98,23,65.27412
1.98,23,65.287953
1.98,23,65.300817
1.98,23,65.313536
1.98,23,65.3244
1.98,23,65.337444
1.98,23,65.350591
2.01,23,65.364372
1.98,23,65.376162
1.98,23,65.388985
1.98,23,65.402829
1.98,23,65.415765
1.98,23,65.429231
1.98,23,65.442423
1.98,23,65.455308
1.98,23,65.469045
1.98,23,65.482916
1.98,23,65.495536
1.98,23,65.507521
1.98,23,65.521712
1.98,23,65.535171
1.98,23,66.158206
1.98,23,66.170376
1.2,23,66.18405
1.98,23,66.198295
1.98,23,66.21279
1.98,23,66.224507
1.98,23,66.238386
2.01,23,66.250678
1.98,23,66.267452
1.98,23,66.280709
1.98,23,66.294162
2.01,23,66.305812
1.98,23,66.31824
1.98,23,66.331979
1.98,23,66.344963
1.98,23,66.357757
1.98,23,66.369002
1.98,23,66.382262
1.98,23,66.395266
1.98,23,66.408104
2.04,23,66.41957
1.98,23,66.432646
2.01,23,66.446053
1.98,23,66.459105
1.98,23,66.470416
1.98,23,66.483578
2.01,23,66.496835
2.04,23,66.509846
1.98,23,66.520746
1.98,23,66.533765
2.01,23,66.547549
2.01,23,66.560795
2.01,23,66.572251
1.98,23,66.585164
1.98,23,66.598261
1.98,23,66.611033
2.01,23,66.62245
1.98,23,66.635502
1.2,23,66.648791
2.01,23,66.661625
2.01,23,66.673336
1.98,23,66.685887
2.04,23,66.698856
1.98,23,66.711298
1.98,23,66.722716
2.01,23,66.735969
1.98,23,66.749331
2.04,23,66.762703
2.01,23,66.774921
1.98,23,66.787659
1.98,23,66.800965
2.04,23,66.818336
1.98,23,66.832867
1.2,23,66.84849
2.01,23,66.862379
2.01,23,66.876314
1.98,23,66.891422
1.98,23,66.907911
2.04,23,66.922453
1.98,23,66.938306
2.01,23,66.954783
2.01,23,66.967988
2.01,23,66.980804
2.01,23,66.992527
1.98,23,67.004956
1.98,23,67.018477
1.98,23,67.031289
2.01,23,67.04298
1.98,23,67.055521
2.01,23,67.069014
1.98,23,67.082262
2.01,23,67.094677
1.98,23,67.106875
1.98,23,67.120634
1.98,23,67.133606
1.98,23,67.146791
2.01,23,67.158577
1.98,23,67.171715
1.98,23,67.184588
2.01,23,67.198017
2.01,23,67.209943
1.98,23,67.222341
2.04,23,67.235945
1.98,23,67.249703
1.98,23,67.262527
1.98,23,67.274219
2.01,23,67.287579
1.98,23,67.300391
2.01,23,67.313814
1.98,23,67.913523
1.98,23,67.926029
2.01,23,67.940065
2.01,23,67.95325
1.98,23,67.967882
1.98,23,67.981304
2.01,23,67.998938
2.01,23,68.011956
1.98,23,68.023967
1.98,23,68.03649
1.98,23,68.049476
1.98,23,68.062392
1.98,23,68.074485
1.98,23,68.086988
2.01,23,68.100475
1.98,23,68.113419
1.98,23,68.125611
1.98,23,68.137593
1.98,23,68.151645
1.98,23,68.164896
1.98,23,68.177919
1.2,23,68.189537
2.01,23,68.202783
1.98,23,68.216053
2.01,23,68.229696
2.04,23,68.241163
1.98,23,68.253724
2.04,23,68.266954
1.98,23,68.280211
1.98,23,68.290912
2.01,23,68.303285
1.98,23,68.31563
1.98,23,68.328474
2.01,23,68.339918
1.98,23,68.352914
2.01,23,68.365264
1.98,23,68.378353
2.01,23,68.389609
1.98,23,68.402147
1.98,23,68.414915
2.01,23,68.428272
1.98,23,68.44008
1.98,23,68.452885
1.98,23,68.465575
2.01,23,68.478457
1.98,23,68.490196
1.98,23,68.502663
1.98,23,68.517694
1.98,23,68.536058
1.98,23,68.560259
1.98,23,68.579235
2.01,23,68.595759
2.01,23,68.611497
1.98,23,68.623142
2.01,23,68.636651
1.98,23,68.649084
2.01,23,68.661665
1.98,23,68.673056
1.98,23,68.685717
1.98,23,68.699193
1.98,23,68.712362
2.01,23,68.723611
1.98,23,68.736878
1.98,23,68.749971
1.98,23,68.763122
1.98,23,68.774869
1.98,23,68.78772
1.98,23,68.800711
2.01,23,68.813512
1.98,23,68.825458
1.98,23,68.837337
1.98,23,68.850667
1.98,23,68.863841
2.01,23,68.875911
2.04,23,68.887761
1.98,23,68.900182
1.98,23,68.913208
2.01,23,68.92477
1.98,23,68.937234
2.04,23,68.949738
1.98,23,68.96229
2.01,23,68.973888
2.01,23,68.98608
1.98,23,68.998619
1.98,23,69.011935
2.01,23,69.023169
2.01,23,69.03553
1.98,23,69.048219
1.98,23,69.061002
2.01,23,69.666977
2.01,23,69.679741
1.98,23,69.691453
2.04,23,69.703802
1.98,23,69.721347
1.98,23,69.73505
1.98,23,69.748825
1.98,23,69.761954
2.01,23,69.773049
1.98,23,69.785835
1.98,23,69.799117
1.98,23,69.811919
1.98,23,69.823899
1.98,23,69.837388
2.01,23,69.851484
2.01,23,69.864885
1.98,23,69.877733
1.98,23,69.889175
1.98,23,69.90256
1.98,23,69.91602
2.01,23,69.929261
1.98,23,69.941275
2.01,23,69.95419
1.98,23,69.967402
1.98,23,69.980552
1.98,23,69.993721
1.98,23,70.005583
1.98,23,70.018892
1.98,23,70.032074
2.01,23,70.045147
1.98,23,70.056024
1.98,23,70.069524
1.98,23,70.082655
1.98,23,70.095826
1.98,23,70.107236
1.98,23,70.120268
1.98,23,70.13357
1.98,23,70.146745
1.98,23,70.158331
1.98,23,70.171133
1.98,23,70.184763
1.98,23,70.197818
1.98,23,70.210777
1.98,23,70.222167
2.04,23,70.236544
1.98,23,70.250221
2.01,23,70.263176
1.98,23,70.28463
1.98,23,70.297626
1.98,23,70.309701
2.01,23,70.321665
2.01,23,70.334925
1.98,23,70.3477
1.98,23,70.359595
1.98,23,70.372063
1.98,23,70.385362
1.98,23,70.398322
1.98,23,70.411545
1.98,23,70.422779
2.01,23,70.436435
1.98,23,70.449259
2.01,23,70.462179
2.01,23,70.473677
1.98,23,70.487442
1.98,23,70.500676
1.98,23,70.514011
1.36,23,70.525904
1.98,23,70.538405
1.98,23,70.551837
1.98,23,70.564681
1.98,23,70.577025
1.98,23,70.588908
1.98,23,70.602106
2.01,23,70.615144
1.98,23,70.627595
1.98,23,70.639249
1.98,23,70.65277
1.98,23,70.665791
2.01,23,70.679414
1.98,23,70.690805
1.98,23,70.704067
2.01,23,70.717252
1.98,23,70.729943
1.98,23,70.7418
2.01,23,70.754912
1.98,23,70.768831
1.36,23,70.78116
1.98,23,70.795205
2.01,23,70.80691
1.98,23,71.416149
1.98,23,71.429517
1.98,23,71.447329
1.39,23,71.460824
1.98,23,71.48141
2.01,23,71.499425
1.98,23,71.512973
1.98,23,71.524752
1.98,23,71.539133
1.98,23,71.554236
2.01,23,71.568161
2.01,23,71.581399
1.98,23,71.594491
1.98,23,71.606324
1.98,23,71.61981
1.98,23,71.633126
1.98,23,71.648363
1.98,23,71.665703
1.98,23,71.684272
1.98,23,71.698549
1.98,23,71.710816
1.98,23,71.722085
1.98,23,71.7354
1.98,23,71.748528
1.98,23,71.760801
1.36,23,71.771844
1.98,23,71.784997
1.98,23,71.797678
1.98,23,71.810346
2.01,23,71.821289
1.98,23,71.834341
1.98,23,71.847158
1.98,23,71.86022
1.14,23,71.871465
2.04,23,71.884759
2.01,23,71.897524
1.98,23,71.910166
1.98,23,71.921444
2.01,23,71.934361
1.98,23,71.947149
1.98,23,71.960052
1.98,23,71.971839
1.98,23,71.985072
2.04,23,71.997917
1.98,23,72.011131
1.98,23,72.027474
1.98,23,72.038923
1.98,23,72.052309
1.98,23,72.065031
1.98,23,72.078282
1.98,23,72.089501
1.98,23,72.102728
2.01,23,72.115105
1.98,23,72.127959
1.98,23,72.139119
1.98,23,72.151838
1.98,23,72.164248
1.98,23,72.176867
1.36,23,72.188086
1.98,23,72.201159
1.98,23,72.214056
1.98,23,72.225943
1.98,23,72.237533
1.98,23,72.250721
1.98,23,72.262921
2.01,23,72.274385
2.01,23,72.286561
1.98,23,72.298831
1.98,23,72.311624
1.98,23,72.322959
2.01,23,72.335914
1.98,23,72.348834
2.01,23,72.361217
2.01,23,72.372502
1.98,23,72.385211
1.98,23,72.397895
1.98,23,72.410357
1.98,23,72.421353
1.98,23,72.434692
1.98,23,72.447642
1.98,23,72.460406
1.98,23,72.471687
1.98,23,72.484891
1.98,23,72.497648
1.98,23,72.511071
2.01,23,72.522893
1.98,23,72.535539
1.98,23,72.547953
1.98,23,72.561041
1.98,23,73.172995
2.01,23,73.185308
1.98,23,73.199487
1.98,23,73.212395
2.01,23,73.224705
1.98,23,73.23786
2.01,23,73.251914
1.98,23,73.26381
1.98,23,73.276933
1.98,23,73.288251
2.01,23,73.301499
1.98,23,73.314012
1.98,23,73.32661
1.98,23,73.337903
2.01,23,73.350661
2.01,23,73.363039
1.98,23,73.376109
1.98,23,73.387316
1.98,23,73.400346
1.98,23,73.412874
1.98,23,73.425586
1.98,23,73.436898
2.01,23,73.449978
1.98,23,73.463052
1.36,23,73.474869
1.98,23,73.486998
1.98,23,73.500591
1.98,23,73.513492
1.98,23,73.526518
1.36,23,73.537519
1.98,23,73.55073
1.98,23,73.563565
1.98,23,73.576015
1.98,23,73.587224
2.04,23,73.59997
1.98,23,73.612748
1.98,23,73.624806
1.98,23,73.636611
2.01,23,73.64966
2.01,23,73.663032
2.01,23,73.674514
1.98,23,73.686857
1.98,23,73.701239
2.01,23,73.717696
1.98,23,73.730719
1.98,23,73.743715
1.98,23,73.755277
1.98,23,73.767962
1.98,23,73.780454
1.98,23,73.792883
1.98,23,73.804275
1.98,23,73.817046
1.98,23,73.829582
2.01,23,73.841069
1.98,23,73.853623
1.98,23,73.866091
1.39,23,73.879375
1.98,23,73.891765
1.98,23,73.904006
1.98,23,73.917044
1.98,23,73.929765
1.98,23,73.942448
1.98,23,73.953914
1.98,23,73.967224
1.98,23,73.980628
1.98,23,73.993696
1.98,23,74.004854
1.98,23,74.017958
1.98,23,74.030636
1.98,23,74.043153
1.98,23,74.054235
2.01,23,74.067773
1.98,23,74.0806
1.98,23,74.09314
1.98,23,74.104172
1.98,23,74.117119
1.98,23,74.129428
1.98,23,74.141283
1.98,23,74.153439
1.98,23,74.166558
1.98,23,74.179346
1.98,23,74.191783
1.98,23,74.203779
1.98,23,74.217794
1.98,23,74.232162
1.98,23,74.244887
1.98,23,74.257217
1.98,23,74.273565
1.98,23,74.285663
1.98,23,74.888683
2.01,23,74.901324
2.04,23,74.914975
1.98,23,74.929065
1.98,23,74.943671
1.98,23,74.95583
2.01,23,74.969467
1.98,23,74.983018
1.98,23,74.995913
2.01,23,75.008173
1.98,23,75.019808
1.98,23,75.032517
2.01,23,75.045397
1.98,23,75.057934
2.01,23,75.069358
2.01,23,75.082061
1.98,23,75.094586
1.98,23,75.107692
1.98,23,75.119167
1.98,23,75.131588
1.98,23,75.144122
1.98,23,75.156176
1.98,23,75.167694
1.98,23,75.180595
1.98,23,75.192989
1.98,23,75.204789
2.04,23,75.217746
2.01,23,75.230851
2.04,23,75.244365
1.98,23,75.255639
1.98,23,75.268371
1.98,23,75.281165
1.98,23,75.294372
2.01,23,75.305821
2.01,23,75.318743
2.01,23,75.331492
1.98,23,75.344646
1.98,23,75.35655
1.36,23,75.369276
1.98,23,75.382624
1.42,23,75.395511
1.98,23,75.412587
1.98,23,75.424716
1.98,23,75.436743
1.98,23,75.451291
1.98,23,75.464486
1.98,23,75.478148
1.98,23,75.489641
2.04,23,75.502619
1.98,23,75.516032
1.98,23,75.529368
2.01,23,75.541417
2.01,23,75.554107
1.98,23,75.567612
2.04,23,75.580542
2.04,23,75.592288
1.98,23,75.604942
2.04,23,75.618888
1.98,23,75.631753
1.98,23,75.64437
1.98,23,75.656184
1.98,23,75.670003
1.98,23,75.683146
1.98,23,75.695682
2.01,23,75.707448
1.98,23,75.720454
1.98,23,75.733717
2.01,23,75.746883
1.98,23,75.758818
2.01,23,75.772366
1.98,23,75.787469
2.01,23,75.800912
1.98,23,75.813957
1.98,23,75.826095
2.01,23,75.838477
1.98,23,75.851667
1.98,23,75.865485
2.01,23,75.87836
1.98,23,75.889945
1.39,23,75.903812
1.98,23,75.917468
2.01,23,75.930642
1.98,23,75.941944
2.01,23,75.954554
2.01,23,75.967999
2.01,23,75.985454
1.98,23,75.998574
1.98,23,76.011048
1.98,23,76.022592
2.01,23,76.623289
2.01,23,76.636024
1.98,23,76.64874
2.01,23,76.660921
1.98,23,76.672985
1.98,23,76.686056
2.01,23,76.697622
1.98,23,76.710759
1.98,23,76.723732
2.01,23,76.735023
2.01,23,76.748003
1.98,23,76.761662
2.01,23,76.774596
2.01,23,76.785793
1.98,23,76.800173
2.01,23,76.813303
1.98,23,76.825567
1.98,23,76.837228
1.98,23,76.849166
1.98,23,76.861396
2.01,23,76.877304
2.04,23,76.891046
1.98,23,76.903512
2.01,23,76.915991
1.98,23,76.928895
1.98,23,76.946034
2.01,23,76.965028
1.98,23,76.984271
1.98,23,77.003514
1.98,23,77.022048
0.33,23,77.038475
2.04,23,77.051019
2.01,23,77.06341
2.01,23,77.077354
2.04,23,77.090311
2.01,23,77.102901
1.98,23,77.114461
2.01,23,77.12746
1.98,23,77.140806
2.01,23,77.157773
2.04,23,77.170652
1.98,23,77.182831
1.98,23,77.196319
1.98,23,77.212605
2.01,23,77.223506
1.98,23,77.236663
1.98,23,77.250064
2.01,23,77.263339
2.01,23,77.275177
2.04,23,77.287747
1.98,23,77.30163
1.98,23,77.31472
2.01,23,77.327869
2.01,23,77.339694
1.98,23,77.353031
1.98,23,77.366186
1.98,23,77.379057
1.98,23,77.391031
1.98,23,77.403859
2.01,23,77.41693
2.04,23,77.430035
2.01,23,77.442795
2.01,23,77.455179
1.98,23,77.469156
1.98,23,77.482319
1.98,23,77.495231
1.98,23,77.506967
1.98,23,77.520226
1.98,23,77.53325
1.98,23,77.546397
1.98,23,77.557926
2.01,23,77.570899
1.98,23,77.584107
1.42,23,77.59753
1.98,23,77.609859
2.01,23,77.621549
1.98,23,77.635489
1.98,23,77.648829
2.01,23,77.661567
1.98,23,77.672953
1.98,23,77.686565
2.01,23,77.699849
1.98,23,77.71372
2.01,23,77.730536
1.98,23,77.742534
2.01,23,77.75521
1.98,23,77.769407
1.98,23,77.782499
1.98,23,77.795664
2.01,23,78.393836
2.01,23,78.40601
1.98,23,78.418983
1.98,23,78.431943
1.98,23,78.444897
2.01,23,78.456266
1.98,23,78.470137
1.98,23,78.484003
1.98,23,78.49671
1.98,23,78.508143
2.01,23,78.52078
1.98,23,78.534488
2.01,23,78.547863
1.98,23,78.560732
1.98,23,78.572497
2.01,23,78.58569
1.98,23,78.599285
1.98,23,78.612544
1.98,23,78.624644
1.98,23,78.637231
2.01,23,78.650581
1.98,23,78.663314
1.98,23,78.676367
1.98,23,78.687833
1.98,23,78.701535
1.98,23,78.714636
1.98,23,78.727634
1.98,23,78.739033
2.01,23,78.752013
1.98,23,78.765126
1.98,23,78.777741
1.98,23,78.788985
1.98,23,78.803316
1.98,23,78.816693
1.98,23,78.830035
1.98,23,78.841836
1.98,23,78.85458
1.98,23,78.87166
2.01,23,78.884623
1.98,23,78.897992
1.98,23,78.910871
1.98,23,78.922788
1.98,23,78.936311
1.98,23,78.949778
1.98,23,78.962707
1.98,23,78.974427
1.98,23,78.987108
1.98,23,79.000553
2.04,23,79.013744
1.98,23,79.025509
2.01,23,79.038178
1.98,23,79.052024
1.98,23,79.065077
1.98,23,79.077874
1.98,23,79.089266
1.98,23,79.10278
1.98,23,79.115829
1.98,23,79.129438
1.98,23,79.141137
1.98,23,79.153827
1.98,23,79.167715
1.98,23,79.180891
1.98,23,79.193789
1.98,23,79.205799
1.98,23,79.221458
2.01,23,79.236842
1.98,23,79.250007
1.98,23,79.263003
1.98,23,79.27432
1.98,23,79.287192
1.98,23,79.300587
1.98,23,79.313765
1.98,23,79.327145
1.98,23,79.338939
1.98,23,79.352791
1.98,23,79.366028
2.01,23,79.378885
1.98,23,79.390622
1.98,23,79.403389
2.01,23,79.417076
1.98,23,79.433818
2.01,23,79.447228
2.01,23,79.459926
2.01,23,79.471369
1.98,23,79.485836
1.98,23,79.498852
2.01,23,79.511911
2.01,23,79.523437
1.98,23,79.536124
2.01,23,79.549493
1.98,23,80.149498
1.98,23,80.162149
1.98,23,80.174114
1.98,23,80.186744
1.98,23,80.200419
1.98,23,80.213733
1.98,23,80.226723
2.01,23,80.240067
1.98,23,80.253174
1.98,23,80.266344
1.98,23,80.279172
1.98,23,80.290798
1.98,23,80.303449
1.36,23,80.316768
1.98,23,80.329667
1.98,23,80.342392
1.98,23,80.354118
1.98,23,80.368008
1.98,23,80.381164
1.98,23,80.394198
1.98,23,80.405441
1.98,23,80.418453
1.98,23,80.431576
2.01,23,80.445125
1.98,23,80.457222
1.98,23,80.469995
1.98,23,80.483232
2.01,23,80.49604
1.98,23,80.508516
1.98,23,80.520813
1.98,23,80.534901
1.98,23,80.548176
1.98,23,80.561255
1.98,23,80.57302
1.98,23,80.590549
1.98,23,80.60406
1.98,23,80.617359
1.98,23,80.630253
1.98,23,80.643111
1.98,23,80.654622
1.98,23,80.668608
1.98,23,80.681632
1.98,23,80.694607
1.98,23,80.705727
1.98,23,80.719435
1.98,23,80.732702
1.98,23,80.746057
1.98,23,80.757883
1.98,23,80.770781
1.98,23,80.784752
1.98,23,80.798028
1.98,23,80.811324
1.98,23,80.82326
1.98,23,80.836107
1.98,23,80.849574
1.98,23,80.862708
1.98,23,80.875714
1.39,23,80.887176
1.98,23,80.900935
2.01,23,80.914387
1.98,23,80.927624
2.01,23,80.939356
2.01,23,80.952685
1.98,23,80.965831
1.98,23,80.978953
1.98,23,80.99174
1.98,23,81.004657
2.01,23,81.018275
1.98,23,81.031416
0.95,23,81.044395
1.98,23,81.056185
2.01,23,81.06949
2.01,23,81.083021
1.98,23,81.097154
1.98,23,81.10968
1.95,23,81.124645
1.98,23,81.144549
1.98,23,81.169681
1.98,23,81.187918
1.98,23,81.204252
1.98,23,81.220584
1.98,23,81.233941
1.98,23,81.247218
1.98,23,81.259906
1.98,23,81.271504
1.98,23,81.284512
1.98,23,81.297595
1.98,23,81.311257
1.98,23,81.322655
1.98,23,81.926896
1.98,23,81.939498
1.98,23,81.95236
2.01,23,81.965598
1.98,23,81.978341
1.98,23,81.99002
1.98,23,82.003579
2.01,23,82.017362
1.98,23,82.030255
1.98,23,82.043327
1.98,23,82.055389
1.98,23,82.068676
1.98,23,82.081754
1.98,23,82.094354
1.98,23,82.106199
1.98,23,82.119598
1.98,23,82.132575
1.98,23,82.145433
1.98,23,82.156689
1.98,23,82.169764
1.98,23,82.182211
1.98,23,82.195593
1.98,23,82.207276
1.98,23,82.220041
1.98,23,82.233658
1.98,23,82.246457
1.98,23,82.259419
2.01,23,82.271255
1.98,23,82.284832
1.98,23,82.298797
1.98,23,82.313025
1.98,23,82.324567
1.98,23,82.342228
2.01,23,82.354198
1.98,23,82.368262
1.98,23,82.3812
1.98,23,82.394257
1.98,23,82.405449
1.98,23,82.419265
1.98,23,82.432362
1.98,23,82.445484
1.98,23,82.457676
2.01,23,82.470811
2.01,23,82.484692
1.98,23,82.497873
1.98,23,82.511705
2.01,23,82.523551
1.98,23,82.536279
1.98,23,82.549449
1.98,23,82.562261
1.98,23,82.573645
1.98,23,82.58661
1.98,23,82.599954
1.98,23,82.613331
1.98,23,82.625113
1.98,23,82.637652
2.01,23,82.651139
1.98,23,82.664622
2.01,23,82.677415
2.01,23,82.68896
1.98,23,82.701763
1.98,23,82.714752
1.98,23,82.726458
1.98,23,82.737569
1.98,23,82.750552
2.01,23,82.763614
2.01,23,82.776697
1.98,23,82.788529
2.01,23,82.801735
1.98,23,82.815073
1.98,23,82.827653
1.98,23,82.83951
1.98,23,82.852121
2.01,23,82.865488
1.98,23,82.878038
1.98,23,82.894929
1.98,23,82.907367
1.98,23,82.918962
1.98,23,82.932459
2.01,23,82.944875
1.98,23,82.957032
1.98,23,82.968708
1.98,23,82.981908
1.98,23,82.994403
1.98,23,83.006346
1.98,23,83.018652
1.98,23,83.031807
1.98,23,83.044455
2.01,23,83.0563
1.98,23,83.658567
1.98,23,83.671018
1.98,23,83.684207
2.04,23,83.697846
1.98,23,83.710543
2.01,23,83.721834
1.98,23,83.736261
1.98,23,83.749575
1.98,23,83.762479
1.98,23,83.774195
1.98,23,83.786779
1.98,23,83.800257
1.98,23,83.813164
1.98,23,83.825547
1.98,23,83.837984
1.98,23,83.851623
1.98,23,83.864438
1.98,23,83.876686
1.98,23,83.888476
1.98,23,83.902137
1.98,23,83.914693
1.98,23,83.927687
1.98,23,83.939956
1.98,23,83.953137
2.01,23,83.966487
1.98,23,83.980165
1.98,23,83.992728
1.98,23,84.004976
1.98,23,84.01914
1.98,23,84.032335
1.98,23,84.050009
1.98,23,84.063238
1.98,23,84.075655
1.98,23,84.087778
1.36,23,84.101763
1.98,23,84.115418
1.98,23,84.128503
1.98,23,84.139858
1.98,23,84.152705
1.98,23,84.166106
1.98,23,84.180014
2.01,23,84.192772
1.98,23,84.207158
1.98,23,84.221588
1.98,23,84.236371
1.98,23,84.249722
1.98,23,84.263255
1.98,23,84.275991
1.98,23,84.287872
1.98,23,84.301899
1.98,23,84.314993
2.01,23,84.328625
1.98,23,84.340443
1.98,23,84.352937
1.98,23,84.36671
2.01,23,84.379533
1.98,23,84.392126
2.01,23,84.404289
1.98,23,84.418443
1.98,23,84.431643
1.98,23,84.444354
2.01,23,84.456093
1.98,23,84.469569
2.01,23,84.482821
1.98,23,84.496135
1.98,23,84.508714
1.98,23,84.52101
1.98,23,84.53504
1.98,23,84.548043
1.98,23,84.560745
1.98,23,84.572846
1.98,23,84.585705
1.98,23,84.598448
2.04,23,84.615294
2.01,23,84.628344
1.98,23,84.63997
1.98,23,84.653101
1.98,23,84.666188
1.98,23,84.679682
2.01,23,84.692044
2.04,23,84.704413
1.98,23,84.718563
2.01,23,84.731612
1.98,23,84.745005
1.98,23,84.75696
1.98,23,84.770561
1.98,23,84.783947
1.98,23,84.797676
1.98,23,84.810435
1.98,23,85.414036
2.04,23,85.427386
1.98,23,85.439003
1.98,23,85.452515
1.98,23,85.465724
1.98,23,85.478876
1.98,23,85.491158
1.98,23,85.503793
1.98,23,85.517371
1.98,23,85.530461
2.01,23,85.543901
2.01,23,85.555243
2.01,23,85.568178
2.01,23,85.581398
2.01,23,85.59468
1.98,23,85.606563
1.98,23,85.619637
1.98,23,85.633058
1.98,23,85.64653
1.98,23,85.659589
1.98,23,85.671043
1.98,23,85.68486
2.01,23,85.698202
1.98,23,85.711308
1.98,23,85.722892
2.01,23,85.73636
1.98,23,85.749852
2.01,23,85.763359
1.98,23,85.780763
2.01,23,85.794342
2.01,23,85.805498
2.01,23,85.819059
1.98,23,85.83211
1.98,23,85.845754
1.98,23,85.857784
1.98,23,85.870164
1.98,23,85.883915
1.98,23,85.897417
2.04,23,85.910261
1.98,23,85.921445
1.98,23,85.935445
1.98,23,85.948797
1.98,23,85.96203
1.98,23,85.973961
2.01,23,85.986341
1.98,23,86.000004
2.01,23,86.013075
1.98,23,86.02573
1.98,23,86.037431
1.98,23,86.051639
2.01,23,86.065233
2.01,23,86.078544
1.98,23,86.090161
2.01,23,86.103026
1.98,23,86.117292
2.01,23,86.130419
1.98,23,86.143278
1.98,23,86.154852
1.98,23,86.168565
2.01,23,86.182082
1.98,23,86.195649
2.01,23,86.207784
1.98,23,86.220369
1.98,23,86.234327
2.01,23,86.247649
1.98,23,86.26116
1.98,23,86.273707
2.01,23,86.286206
2.01,23,86.299607
1.98,23,86.312878
1.98,23,86.325063
2.01,23,86.346995
2.01,23,86.360275
1.98,23,86.371546
2.01,23,86.385431
2.01,23,86.398384
2.01,23,86.411509
1.98,23,86.423809
2.04,23,86.436523
2.01,23,86.45005
1.98,23,86.46326
2.01,23,86.475564
1.98,23,86.487387
1.98,23,86.501273
1.98,23,86.514488
1.98,23,86.527334
1.98,23,86.538856
1.98,23,86.552294
1.98,23,86.565478
2.01,23,87.174919
2.01,23,87.187407
2.01,23,87.200287
1.98,23,87.21351
2.04,23,87.22656
2.01,23,87.23831
1.98,23,87.252398
1.42,23,87.26541
1.98,23,87.278473
1.98,23,87.289936
1.17,23,87.302405
1.98,23,87.316208
1.42,23,87.32903
1.98,23,87.341254
1.98,23,87.353409
1.36,23,87.366733
1.14,23,87.37987
1.98,23,87.392708
1.14,23,87.404151
1.98,23,87.417639
1.39,23,87.43076
1.36,23,87.443765
2.01,23,87.455135
1.98,23,87.468761
1.39,23,87.482004
2.01,23,87.49527
1.98,23,87.512839
1.98,23,87.524226
1.39,23,87.536665
1.98,23,87.549943
1.98,23,87.562933
2.01,23,87.575531
2.04,23,87.587557
1.36,23,87.600813
2.01,23,87.6137
1.98,23,87.626234
1.39,23,87.637772
2.01,23,87.651935
1.36,23,87.6651
1.98,23,87.678392
2.01,23,87.689608
1.39,23,87.70237
1.98,23,87.715753
2.01,23,87.728808
1.98,23,87.740651
2.04,23,87.75321
1.14,23,87.768644
2.01,23,87.782376
1.36,23,87.795272
1.98,23,87.806317
1.14,23,87.818999
1.98,23,87.832177
2.04,23,87.845697
1.98,23,87.858036
1.98,23,87.870291
1.98,23,87.883819
2.01,23,87.897045
1.98,23,87.909337
1.36,23,87.921126
1.39,23,87.934725
2.01,23,87.947728
1.98,23,87.960456
1.36,23,87.972268
1.36,23,87.985578
1.98,23,87.998764
1.36,23,88.011667
1.36,23,88.023646
1.36,23,88.036335
1.36,23,88.049851
1.98,23,88.066593
1.98,23,88.07973
1.98,23,88.092215
1.98,23,88.103957
1.98,23,88.117513
1.98,23,88.130876
2.04,23,88.143805
1.98,23,88.155338
1.98,23,88.168151
2.01,23,88.181021
1.98,23,88.193756
1.98,23,88.204812
1.14,23,88.217745
1.39,23,88.230735
1.98,23,88.243736
1.98,23,88.256092
1.39,23,88.270479
2.01,23,88.284503
2.01,23,88.297531
1.98,23,88.310406
1.36,23,88.909359
2.01,23,88.921428
2.01,23,88.934465
1.98,23,88.947566
2.01,23,88.960341
1.98,23,88.97214
1.36,23,88.98528
1.98,23,88.998601
1.14,23,89.011375
2.04,23,89.02339
1.98,23,89.035968
2.01,23,89.049417
1.98,23,89.062897
1.36,23,89.075579
2.01,23,89.08694
1.98,23,89.100218
2.01,23,89.113267
2.01,23,89.126649
1.98,23,89.137855
1.36,23,89.150865
1.98,23,89.16385
1.98,23,89.17692
1.98,23,89.188834
1.98,23,89.20207
1.17,23,89.222243
1.98,23,89.236067
1.17,23,89.249569
1.36,23,89.262827
1.98,23,89.275393
1.39,23,89.287654
2.01,23,89.301467
1.98,23,89.314531
1.98,23,89.327727
1.98,23,89.339742
1.98,23,89.352204
1.98,23,89.365483
1.39,23,89.378984
2.01,23,89.390911
2.01,23,89.403181
1.36,23,89.416522
2.01,23,89.4297
1.98,23,89.442096
2.01,23,89.454419
1.98,23,89.468057
0.95,23,89.481151
1.98,23,89.494305
2.01,23,89.505505
2.01,23,89.517911
1.98,23,89.531005
2.01,23,89.54439
1.42,23,89.556249
1.36,23,89.568941
2.01,23,89.582186
2.01,23,89.595136
2.01,23,89.6069
1.98,23,89.61963
2.04,23,89.632863
1.39,23,89.645679
0.87,23,89.657527
1.98,23,89.670371
2.01,23,89.684257
1.98,23,89.697155
2.01,23,89.710288
1.36,23,89.728442
1.36,23,89.746134
1.98,23,89.765717
1.98,23,89.783689
1.98,23,89.808163
2.04,23,89.820768
1.98,23,89.834912
1.98,23,89.847859
2.01,23,89.860807
0.62,23,89.872321
2.04,23,89.885604
1.98,23,89.89878
1.98,23,89.911815
1.98,23,89.924185
2.04,23,89.937133
1.98,23,89.950666
1.98,23,89.964264
1.98,23,89.977567
2.01,23,89.989969
1.14,23,90.003462
1.98,23,90.017637
2.04,23,90.031087
2.01,23,90.044475
2.01,23,90.056734
2.01,23,90.069558
1.98,23,90.08396
2.01,23,90.686737
2.01,23,90.698927
1.98,23,90.711839
1.98,23,90.72478
1.98,23,90.738397
1.42,23,90.750938
2.01,23,90.766277
1.98,23,90.777666
2.01,23,90.790417
1.98,23,90.802763
2.04,23,90.815969
1.98,23,90.827845
1.98,23,90.840128
2.04,23,90.853115
1.98,23,90.865775
1.98,23,90.877815
2.01,23,90.890634
1.36,23,90.903583
1.98,23,90.916553
1.98,23,90.928362
1.98,23,90.940431
2.04,23,90.953999
1.98,23,90.971182
2.04,23,90.984353
2.01,23,90.996197
2.01,23,91.008795
1.98,23,91.021941
1.98,23,91.034977
1.98,23,91.046218
2.01,23,91.059356
2.01,23,91.072334
2.01,23,91.083902
2.01,23,91.096779
1.98,23,91.109532
2.01,23,91.122161
2.01,23,91.133455
1.98,23,91.146362
1.98,23,91.159372
2.01,23,91.172467
1.98,23,91.18426
2.01,23,91.197709
2.01,23,91.211315
1.98,23,91.223892
1.98,23,91.236422
2.04,23,91.24919
2.04,23,91.262638
1.14,23,91.27585
2.04,23,91.288633
1.98,23,91.30068
2.01,23,91.314413
1.98,23,91.327838
1.98,23,91.341017
2.04,23,91.352769
1.98,23,91.365905
1.98,23,91.378869
1.98,23,91.391757
2.01,23,91.403614
2.04,23,91.41647
2.04,23,91.429525
1.98,23,91.442493
1.98,23,91.453983
2.04,23,91.466949
1.98,23,91.479632
1.98,23,91.492131
1.98,23,91.50357
1.98,23,91.520595
1.98,23,91.532992
1.98,23,91.545519
2.04,23,91.55769
2.01,23,91.569467
1.98,23,91.582252
1.98,23,91.594859
1.42,23,91.607282
1.98,23,91.618819
1.98,23,91.631982
1.98,23,91.644674
2.04,23,91.656109
2.01,23,91.668466
1.98,23,91.68108
2.01,23,91.693714
2.01,23,91.705826
1.98,23,91.718124
1.98,23,91.731099
1.98,23,91.743654
1.98,23,91.755035
1.98,23,91.76846
1.98,23,91.781295
2.01,23,91.794401
2.01,23,91.806038
1.98,23,92.405318
2.01,23,92.417408
2.04,23,92.430451
1.98,23,92.445302
2.01,23,92.458991
1.98,23,92.471866
1.98,23,92.485341
1.98,23,92.496848
1.98,23,92.509609
1.98,23,92.523459
1.98,23,92.536485
1.98,23,92.548473
1.98,23,92.561183
2.01,23,92.574918
1.98,23,92.58796
1.98,23,92.600166
2.04,23,92.612532
2.01,23,92.626253
2.01,23,92.639263
1.98,23,92.652448
2.01,23,92.669523
1.98,23,92.681098
1.98,23,92.694174
1.36,23,92.706757
1.98,23,92.719328
1.98,23,92.731197
2.01,23,92.745333
1.98,23,92.759052
2.01,23,92.772284
1.98,23,92.784034
2.01,23,92.796803
1.98,23,92.810081
2.01,23,92.823619
1.98,23,92.835599
1.98,23,92.847664
2.04,23,92.861467
1.98,23,92.874442
1.98,23,92.887418
2.01,23,92.899211
1.98,23,92.912246
1.36,23,92.925562
1.98,23,92.938573
2.01,23,92.950352
1.98,23,92.962902
1.98,23,92.976096
2.01,23,92.989492
1.98,23,93.001485
1.98,23,93.013569
2.01,23,93.027078
1.98,23,93.040087
1.98,23,93.051305
2.01,23,93.064029
1.98,23,93.077483
2.01,23,93.090846
1.42,23,93.103497
1.36,23,93.115714
1.98,23,93.129606
2.01,23,93.142725
2.01,23,93.155358
1.2,23,93.166954
2.01,23,93.180626
1.11,23,93.193626
1.98,23,93.206819
2.01,23,93.224391
2.01,23,93.237314
1.98,23,93.248908
1.98,23,93.262018
1.98,23,93.275619
2.01,23,93.288105
2.01,23,93.299901
1.98,23,93.313765
1.98,23,93.326835
1.98,23,93.340071
2.01,23,93.352449
1.98,23,93.365074
1.98,23,93.378856
2.04,23,93.391746
1.98,23,93.40346
1.98,23,93.415673
2.01,23,93.42944
1.98,23,93.443008
1.98,23,93.455032
2.01,23,93.467644
1.98,23,93.481181
2.01,23,93.494938
2.01,23,93.507535
1.2,23,93.518827
2.01,23,93.531733
1.98,23,93.545013
2.01,23,94.139966
2.01,23,94.152287
1.98,23,94.165793
1.98,23,94.179228
1.98,23,94.191995
1.98,23,94.206307
1.98,23,94.222228
2.01,23,94.23401
1.98,23,94.247174
1.98,23,94.260497
2.01,23,94.273195
1.98,23,94.284741
2.01,23,94.297257
1.98,23,94.310549
2.01,23,94.323283
1.98,23,94.334467
1.98,23,94.347223
2.01,23,94.360342
2.01,23,94.377656
2.01,23,94.390695
1.98,23,94.402334
2.01,23,94.415293
1.42,23,94.42853
1.98,23,94.441041
1.36,23,94.45223
1.98,23,94.465223
1.98,23,94.478722
1.11,23,94.491388
2.01,23,94.502781
2.01,23,94.516374
1.98,23,94.529456
1.98,23,94.542847
2.01,23,94.554251
1.98,23,94.568028
1.98,23,94.581188
1.98,23,94.593863
2.01,23,94.605509
2.01,23,94.6181
2.01,23,94.631056
1.98,23,94.644169
1.98,23,94.655732
2.01,23,94.668638
1.98,23,94.681931
2.04,23,94.694952
2.01,23,94.706834
2.01,23,94.719386
2.04,23,94.732978
1.98,23,94.74611
2.01,23,94.758423
1.98,23,94.770021
1.98,23,94.784203
1.98,23,94.797591
1.98,23,94.811074
1.98,23,94.822829
1.98,23,94.83493
1.98,23,94.848392
2.01,23,94.861704
1.98,23,94.87466
1.98,23,94.886893
1.98,23,94.900657
1.98,23,94.913454
1.98,23,94.93042
1.98,23,94.944129
1.98,23,94.955848
1.98,23,94.968555
1.98,23,94.982641
1.98,23,94.995527
1.98,23,95.007267
1.98,23,95.019521
1.98,23,95.033314
1.98,23,95.046221
1.74,23,95.059729
1.98,23,95.07134
1.98,23,95.084498
2.01,23,95.097343
1.98,23,95.110716
2.04,23,95.122167
1.98,23,95.135293
1.98,23,95.148602
1.98,23,95.161763
1.98,23,95.174634
1.98,23,95.186958
2.01,23,95.200906
2.01,23,95.214533
1.98,23,95.228282
1.98,23,95.241521
1.98,23,95.253684
1.98,23,95.266867
2.01,23,95.279823
2.01,23,95.876301
2.01,23,95.888775
2.01,23,95.901093
1.98,23,95.914225
1.98,23,95.927685
1.98,23,95.939528
2.01,23,95.952209
1.98,23,95.966413
2.01,23,95.979704
1.98,23,95.992687
1.98,23,96.004133
2.01,23,96.017511
2.01,23,96.031139
1.98,23,96.044534
1.98,23,96.056785
2.01,23,96.068825
1.98,23,96.08611
1.98,23,96.09977
1.98,23,96.113233
2.01,23,96.126083
1.98,23,96.137834
2.01,23,96.151479
2.01,23,96.164748
1.98,23,96.178205
1.98,23,96.190393
1.98,23,96.203223
1.98,23,96.2168
2.01,23,96.230152
1.98,23,96.243543
2.01,23,96.25572
1.98,23,96.268333
1.98,23,96.281854
1.98,23,96.294686
1.98,23,96.307393
1.98,23,96.319304
1.98,23,96.333066
2.01,23,96.34615
1.98,23,96.359313
1.98,23,96.37062
1.98,23,96.383198
1.98,23,96.396852
1.98,23,96.409688
1.98,23,96.421566
1.98,23,96.434361
2.01,23,96.447922
2.01,23,96.461965
1.98,23,96.475626
2.01,23,96.48707
1.98,23,96.500642
1.98,23,96.514239
1.98,23,96.527872
2.01,23,96.539643
1.98,23,96.552562
1.98,23,96.566311
1.98,23,96.579308
1.98,23,96.592907
2.01,23,96.604768
1.98,23,96.617659
1.98,23,96.630821
1.98,23,96.648123
2.01,23,96.661549
2.01,23,96.673918
2.01,23,96.685987
1.98,23,96.699483
1.98,23,96.712794
2.01,23,96.726593
1.98,23,96.738362
1.98,23,96.751487
1.98,23,96.764748
1.98,23,96.777997
2.01,23,96.790358
1.98,23,96.802852
1.98,23,96.816728
1.98,23,96.829998
1.98,23,96.84385
1.98,23,96.855922
1.98,23,96.868815
1.98,23,96.882293
1.98,23,96.895489
1.98,23,96.909002
1.98,23,96.920916
1.39,23,96.934108
1.98,23,96.94733
1.98,23,96.960525
2.01,23,96.972796
1.98,23,96.98527
1.98,23,96.998817
1.98,23,97.01206
2.01,23,97.025471
2.01,23,97.627167
1.98,23,97.638901
1.98,23,97.65128
1.98,23,97.664632
1.98,23,97.678393
1.98,23,97.691031
1.98,23,97.702833
1.98,23,97.716453
1.98,23,97.729349
1.98,23,97.742199
1.98,23,97.753504
2.01,23,97.767187
1.98,23,97.780542
1.98,23,97.79359
1.98,23,97.81043
1.98,23,97.822198
1.98,23,97.834772
1.98,23,97.848148
2.01,23,97.861014
1.98,23,97.874331
1.98,23,97.886221
1.98,23,97.899556
1.98,23,97.912424
1.98,23,97.925569
2.01,23,97.936753
2.01,23,97.95077
1.98,23,97.964238
1.98,23,97.977146
1.98,23,97.988586
2.04,23,98.000607
1.98,23,98.012782
1.98,23,98.025016
1.98,23,98.036375
1.98,23,98.049088
1.98,23,98.065078
1.98,23,98.083196
1.98,23,98.10126
1.98,23,98.119035
1.98,23,98.133376
1.98,23,98.150498
2.01,23,98.163196
1.98,23,98.1759
1.98,23,98.188074
1.98,23,98.20123
1.98,23,98.21663
1.98,23,98.227777
1.98,23,98.24028
1.36,23,98.252647
1.98,23,98.264087
1.98,23,98.276889
1.98,23,98.28972
2.01,23,98.303454
1.98,23,98.316143
1.98,23,98.328537
1.98,23,98.342715
1.98,23,98.355935
1.98,23,98.369515
2.01,23,98.388011
2.01,23,98.401105
1.98,23,98.41409
1.98,23,98.42732
1.98,23,98.440686
1.98,23,98.45366
1.98,23,98.46708
1.98,23,98.479413
2.01,23,98.492664
1.98,23,98.506024
2.01,23,98.518972
1.98,23,98.531455
1.98,23,98.545206
2.01,23,98.559594
1.98,23,98.573175
1.98,23,98.587528
1.98,23,98.599545
1.98,23,98.613232
1.98,23,98.626994
1.98,23,98.640433
2.01,23,98.653744
2.01,23,98.666779
1.98,23,98.680737
1.98,23,98.694804
1.98,23,98.708736
1.98,23,98.72286
1.98,23,98.736366
2.01,23,98.749114
1.98,23,98.762895
1.98,23,98.776042
1.98,23,98.789626
1.98,23,98.803424
1.98,23,99.444856
2.01,23,99.457259
1.98,23,99.46988
1.98,23,99.484169
1.98,23,99.498263
1.98,23,99.513606
1.98,23,99.526605
1.98,23,99.540545
1.98,23,99.553687
1.98,23,99.567108
1.98,23,99.579298
1.98,23,99.596176
1.98,23,99.610009
1.98,23,99.623732
1.98,23,99.63689
1.98,23,99.649603
1.98,23,99.662703
1.98,23,99.676302
1.98,23,99.689565
1.98,23,99.702947
1.98,23,99.714942
1.98,23,99.72878
1.98,23,99.742982
1.98,23,99.75612
1.98,23,99.768993
1.98,23,99.781531
1.98,23,99.795108
1.98,23,99.808678
1.98,23,99.82221
1.98,23,99.835567
1.98,23,99.848275
1.98,23,99.861917
1.98,23,99.875975
1.98,23,99.88802
1.98,23,99.901434
1.98,23,99.915484
1.98,23,99.928634
1.98,23,99.942039
1.98,23,99.953891
1.98,23,99.967724
1.98,23,99.981652
1.98,23,99.995771
1.98,23,100.009923
1.98,23,100.02279
1.98,23,100.036239
1.98,23,100.049797
1.98,23,100.063363
1.98,23,100.076966
1.98,23,100.089481
1.98,23,100.102468
1.98,23,100.116256
1.98,23,100.129982
1.98,23,100.143888
1.98,23,100.156082
1.98,23,100.168724
1.98,23,100.186417
1.98,23,100.200361
1.98,23,100.214019
1.98,23,100.228054
1.36,23,100.243031
1.98,23,100.25499
2.01,23,100.269013
2.01,23,100.283327
2.01,23,100.297173
1.98,23,100.310505
1.98,23,100.322611
1.98,23,100.335229
1.98,23,100.348947
1.98,23,100.362353
1.98,23,100.375656
1.98,23,100.387432
1.98,23,100.400454
1.98,23,100.414388
1.98,23,100.427937
1.98,23,100.441329
1.36,23,100.453252
1.98,23,100.46766
1.98,23,100.481345
1.98,23,100.49526
1.98,23,100.508285
1.98,23,100.520253
1.98,23,100.534068
2.01,23,100.548262
1.98,23,100.561579
1.98,23,100.575406
1.98,23,100.587396
1.98,23,100.601052
1.98,23,100.614868
1.98,23,100.628531
1.98,23,101.265077
1.98,23,101.27848
1.98,23,101.291261
1.98,23,101.304079
1.98,23,101.317128
2.01,23,101.331048
1.98,23,101.344997
1.98,23,101.357968
1.98,23,101.37019
1.98,23,101.388282
2.01,23,101.40129
2.01,23,101.415493
1.98,23,101.42901
1.98,23,101.441834
2.01,23,101.453171
1.98,23,101.466379
1.98,23,101.4797
2.01,23,101.493621
1.98,23,101.506383
1.98,23,101.519098
1.98,23,101.533064
1.98,23,101.54676
2.01,23,101.560329
1.98,23,101.572475
1.98,23,101.584932
1.98,23,101.599495
1.98,23,101.613484
1.98,23,101.627088
1.98,23,101.639423
1.98,23,101.652977
2.01,23,101.66728
2.04,23,101.680786
1.98,23,101.694358
2.01,23,101.707713
1.98,23,101.72017
2.01,23,101.733857
1.98,23,101.747905
1.98,23,101.76168
1.98,23,101.775349
1.98,23,101.787834
1.98,23,101.801288
1.98,23,101.816308
1.98,23,101.830057
2.01,23,101.844176
1.98,23,101.857821
1.98,23,101.871531
2.01,23,101.884945
2.01,23,101.899431
1.98,23,101.913647
1.98,23,101.927337
1.98,23,101.940781
2.01,23,101.953313
2.01,23,101.967266
1.98,23,101.985246
1.98,23,101.999402
1.98,23,102.013311
2.01,23,102.026793
1.98,23,102.038537
2.01,23,102.050891
1.98,23,102.064264
1.98,23,102.077882
2.01,23,102.090572
1.98,23,102.102309
1.98,23,102.11607
1.98,23,102.128984
1.98,23,102.141637
1.98,23,102.153115
1.98,23,102.165822
2.01,23,102.179266
2.01,23,102.192838
1.98,23,102.204675
1.98,23,102.217841
1.98,23,102.231276
1.98,23,102.244339
1.98,23,102.256054
1.98,23,102.268798
1.98,23,102.282319
2.01,23,102.29566
1.98,23,102.308594
1.98,23,102.321064
1.98,23,102.334236
1.98,23,102.347236
1.98,23,102.360781
1.98,23,102.372521
1.98,23,102.385073
1.98,23,102.398688
2.01,23,102.411428
1.98,23,102.424439
1.98,23,102.436
