#{"t_start": 1693257597.357963, "env_id": "GridRoadEnv-v0"}
r,l,t
1.25,33,0.017458
0.62,33,0.033054
1.19,33,0.045986
0.54,33,0.059129
1.17,33,0.072139
1.35,33,0.084884
0.53,33,0.09871
0.62,33,0.111486
0.57,33,0.125422
1.21,33,0.138521
1.14,33,0.154248
0.64,33,0.167704
1.08,33,0.180501
0.66,33,0.193617
0.69,33,0.207432
0.63,33,0.220881
1.28,33,0.234347
0.56,33,0.247149
1.21,33,0.259867
1.21,33,0.274179
0.57,33,0.28715
0.48,33,0.300434
0.48,33,0.313038
1.17,33,0.326518
1.24,33,0.340078
1.27,33,0.353138
1.33,33,0.366662
1.73,33,0.37885
1.21,33,0.391827
1.22,33,0.405077
0.67,33,0.438225
0.67,33,0.451852
1.11,33,0.464522
1.12,33,0.477327
0.56,33,0.490386
1.18,33,0.503726
1.22,33,0.517102
0.53,33,0.529764
1.08,33,0.542547
1.25,33,0.556493
1.16,33,0.569469
0.43,33,0.582363
1.18,33,0.594673
1.14,33,0.607485
0.34,33,0.620293
0.56,33,0.632853
1.34,33,0.644892
0.72,33,0.657613
0.58,33,0.67049
0.43,33,0.683667
0.57,33,0.695403
0.67,33,0.708081
0.63,33,0.721176
1.18,33,0.734441
1.15,33,0.746652
0.69,33,0.759098
0.54,33,0.772741
1.26,33,0.785951
0.52,33,0.801032
1.18,33,0.827094
1.25,33,0.844284
1.15,33,0.858295
1.24,33,1.418479
0.44,33,1.432243
1.29,33,1.445546
1.14,33,1.459341
1.16,33,1.471262
1.8,33,1.484537
0.55,33,1.498611
1.37,33,1.511563
1.3,33,1.523823
0.66,33,1.537125
0.63,33,1.549966
1.08,33,1.561964
0.49,33,1.574996
1.77,33,1.588282
1.82,33,1.601164
1.32,33,1.612973
1.26,33,1.626015
1.09,33,1.638864
0.5,33,1.650758
1.13,33,1.663658
0.61,33,1.676443
0.66,33,1.688292
1.2,33,1.701336
0.54,33,1.714591
0.58,33,1.727223
1.29,33,1.739501
1.9,33,1.752917
1.12,33,1.766144
1.28,33,1.786534
0.45,33,1.801786
1.35,33,1.830489
0.65,33,1.846405
1.3,33,1.862252
1.77,33,1.875423
1.33,33,1.888689
0.64,33,1.901581
1.09,33,1.915548
0.57,33,1.927866
1.22,33,1.940607
0.61,33,1.953433
0.5,33,1.969619
1.93,33,1.982429
1.1,33,1.99461
0.63,33,2.008187
0.51,33,2.021045
0.6,33,2.034189
1.96,33,2.047204
0.63,33,2.059058
1.24,33,2.072231
1.94,33,2.085127
1.31,33,2.098281
0.64,33,2.110507
1.86,33,2.123377
1.28,33,2.138807
1.88,33,2.151858
1.18,33,2.164922
0.6,33,2.177858
1.17,33,2.19072
0.55,33,2.204221
1.24,33,2.223688
0.54,33,2.23635
1.17,33,2.249503
0.63,33,2.846724
1.14,33,2.860369
1.19,33,2.873456
0.57,33,2.886588
1.25,33,2.900079
0.54,33,2.913184
1.24,33,2.925926
1.23,33,2.93836
0.66,33,2.951538
0.67,33,2.964564
0.62,33,2.977996
1.27,33,2.989982
1.28,33,3.003062
1.32,33,3.015882
1.26,33,3.02954
1.18,33,3.042216
1.27,33,3.054467
1.24,33,3.068063
1.24,33,3.081192
1.28,33,3.094907
1.79,33,3.107014
0.68,33,3.120394
1.2,33,3.133816
1.28,33,3.14745
1.25,33,3.159229
1.87,33,3.172726
1.29,33,3.186013
0.57,33,3.206343
1.17,33,3.219801
1.15,33,3.232787
1.18,33,3.244603
1.26,33,3.257461
0.69,33,3.270348
1.16,33,3.284001
1.31,33,3.29623
1.05,33,3.309245
1.17,33,3.322177
1.22,33,3.335629
1.16,33,3.3488
1.17,33,3.360506
1.15,33,3.373934
0.54,33,3.386832
1.12,33,3.399569
1.29,33,3.411795
1.31,33,3.424567
0.64,33,3.438108
0.47,33,3.45125
0.59,33,3.46316
1.26,33,3.476062
0.52,33,3.489243
1.85,33,3.502533
1.17,33,3.514792
0.56,33,3.528028
0.64,33,3.541868
1.23,33,3.555025
0.53,33,3.568274
1.21,33,3.580147
0.61,33,3.595905
1.17,33,3.609149
1.25,33,3.622042
0.92,33,3.63565
1.28,33,3.648156
1.23,33,4.227449
0.48,33,4.240643
1.34,33,4.254516
1.22,33,4.269385
1.31,33,4.283607
1.78,33,4.295701
1.2,33,4.308931
1.17,33,4.322147
1.19,33,4.335258
1.17,33,4.347787
1.27,33,4.3601
1.22,33,4.373169
0.61,33,4.386446
1.19,33,4.399771
1.23,33,4.4122
1.21,33,4.424953
1.25,33,4.437973
1.28,33,4.450945
0.46,33,4.463788
1.26,33,4.475968
1.39,33,4.488985
1.19,33,4.502267
1.11,33,4.515178
1.19,33,4.527706
1.18,33,4.540435
1.24,33,4.553736
1.28,33,4.573254
0.45,33,4.586004
1.19,33,4.599166
1.72,33,4.611548
1.19,33,4.624284
1.33,33,4.637959
1.36,33,4.651583
1.22,33,4.664488
1.28,33,4.67708
1.95,33,4.690204
0.65,33,4.703134
1.25,33,4.716183
1.12,33,4.728423
1.29,33,4.741441
1.15,33,4.75422
0.63,33,4.7675
1.35,33,4.780978
1.24,33,4.793287
1.17,33,4.811952
1.29,33,4.837634
1.24,33,4.850298
1.3,33,4.862282
1.12,33,4.876524
1.2,33,4.889513
1.85,33,4.902775
1.27,33,4.91547
0.53,33,4.928047
1.14,33,4.940185
1.18,33,4.953392
1.26,33,4.966415
1.27,33,4.986331
1.33,33,5.000198
1.19,33,5.013385
1.9,33,5.026895
4.32,32,5.038848
0.6,33,5.052213
0.61,33,5.612993
0.54,33,5.626446
0.63,33,5.638615
1.09,33,5.651561
1.29,33,5.6644
1.88,33,5.677097
1.29,33,5.690239
1.24,33,5.703397
1.33,33,5.716582
1.09,33,5.730088
1.26,33,5.742102
1.27,33,5.755369
1.93,33,5.76844
1.23,33,5.781956
1.3,33,5.794121
0.52,33,5.816439
1.14,33,5.833792
1.27,33,5.851446
1.29,33,5.871232
1.32,33,5.887685
1.36,33,5.904951
1.21,33,5.918345
0.69,33,5.931474
1.11,33,5.944668
0.74,33,5.964684
1.28,33,5.977789
1.81,33,5.989552
1.25,33,6.003562
1.23,33,6.017097
1.32,33,6.03096
1.28,33,6.044042
1.32,33,6.05627
1.22,33,6.070114
0.54,33,6.083228
1.28,33,6.096371
1.86,33,6.10886
1.16,33,6.12154
1.19,33,6.134783
1.94,33,6.14811
1.26,33,6.16057
1.32,33,6.173118
1.14,33,6.185889
1.24,33,6.199333
1.84,33,6.210942
0.63,33,6.22422
1.78,33,6.237263
1.21,33,6.250261
1.83,33,6.262556
1.77,33,6.276474
1.25,33,6.289834
1.18,33,6.303108
1.27,33,6.316286
1.18,33,6.327821
1.3,33,6.341045
0.52,33,6.353938
1.32,33,6.37396
1.93,33,6.386735
1.3,33,6.399921
1.27,33,6.412124
1.23,33,6.425464
1.15,33,6.438731
0.68,33,6.452002
1.19,33,7.035447
1.19,33,7.049627
0.73,33,7.062183
1.17,33,7.074988
1.23,33,7.088266
1.14,33,7.100984
1.14,33,7.11463
1.25,33,7.127525
1.81,33,7.139141
1.35,33,7.152765
1.1,33,7.165875
1.16,33,7.178425
1.22,33,7.190541
1.9,33,7.203491
1.21,33,7.216288
1.18,33,7.229625
1.17,33,7.242077
1.09,33,7.254858
0.66,33,7.268292
1.07,33,7.281528
1.29,33,7.294619
0.64,33,7.306756
1.89,33,7.319572
1.25,33,7.339369
1.74,33,7.352567
1.15,33,7.366105
1.16,33,7.379756
1.25,33,7.391764
1.95,33,7.404977
1.19,33,7.417947
1.22,33,7.430464
1.21,33,7.443085
1.35,33,7.456334
1.44,33,7.469744
1.16,33,7.482605
1.29,33,7.494646
1.31,33,7.508233
1.3,33,7.521671
1.26,33,7.535429
1.23,33,7.548333
1.37,33,7.560397
1.26,33,7.574147
1.26,33,7.587552
1.9,33,7.600636
1.21,33,7.613006
1.22,33,7.625947
1.9,33,7.639445
1.99,33,7.653009
1.2,33,7.666373
1.86,33,7.679421
1.16,33,7.692291
1.27,33,7.706304
1.27,33,7.719607
1.22,33,7.739689
1.29,33,7.752815
1.8,33,7.766613
1.92,33,7.779074
1.29,33,7.791958
0.54,33,7.804785
0.68,33,7.822626
1.24,33,7.842902
0.7,33,7.862003
1.37,33,8.420046
1.16,33,8.433146
1.22,33,8.446161
1.37,33,8.459109
1.88,33,8.472245
1.16,33,8.485568
1.31,33,8.498057
1.83,33,8.511058
1.78,33,8.523011
1.24,33,8.536143
1.35,33,8.54919
1.29,33,8.562226
1.25,33,8.574477
1.17,33,8.586964
1.22,33,8.599797
1.97,33,8.612543
1.26,33,8.625071
1.32,33,8.637535
1.91,33,8.651038
1.26,33,8.663654
1.26,33,8.675696
4.3,26,8.686508
1.89,33,8.706195
1.27,33,8.718801
1.12,33,8.732356
1.84,33,8.744314
0.57,33,8.757305
0.51,33,8.770819
1.25,33,8.784627
1.24,33,8.797586
1.33,33,8.80942
1.09,33,8.833552
1.31,33,8.852911
1.16,33,8.86579
4.3,30,8.876972
1.15,33,8.889544
1.33,33,8.902044
1.17,33,8.915033
4.32,30,8.927027
1.71,33,8.938633
1.21,33,8.951719
1.32,33,8.96458
1.75,33,8.977503
1.07,33,8.990556
1.86,33,9.003025
1.29,33,9.016411
1.32,33,9.0304
1.4,33,9.043408
1.27,33,9.056673
1.3,33,9.068717
1.4,33,9.081949
1.06,33,9.094795
1.23,33,9.114874
1.93,33,9.127822
1.82,33,9.140879
1.25,33,9.153064
1.33,33,9.165873
1.12,33,9.17883
1.19,33,9.190711
1.23,33,9.204426
1.12,33,9.217521
1.14,33,9.230718
1.3,33,9.78951
1.93,33,9.802225
1.27,33,9.81803
1.89,33,9.845847
1.31,33,9.859024
0.51,33,9.872886
1.24,33,9.885996
1.97,33,9.899862
1.94,33,9.913019
1.27,33,9.92489
1.96,33,9.938021
1.26,33,9.95101
1.13,33,9.964013
1.15,33,9.975993
4.3,28,9.987564
1.22,33,10.000442
1.26,33,10.01347
1.08,33,10.02642
1.2,33,10.039268
1.3,33,10.052249
1.94,33,10.065702
1.29,33,10.085102
1.3,33,10.098671
1.25,33,10.111187
1.13,33,10.124023
1.23,33,10.137406
1.29,33,10.15092
1.38,33,10.164225
1.24,33,10.176663
1.33,33,10.189875
1.22,33,10.202884
1.11,33,10.216508
1.96,33,10.22858
1.9,33,10.241398
1.85,33,10.254865
1.87,33,10.268553
1.97,33,10.282457
1.36,33,10.294717
1.21,33,10.307518
1.91,33,10.320767
0.47,33,10.334095
1.7,33,10.34645
1.99,33,10.359199
1.27,33,10.372754
1.8,33,10.386266
1.16,33,10.399513
0.65,33,10.411955
1.25,33,10.42485
1.87,33,10.438281
1.09,33,10.451396
1.3,33,10.463616
1.36,33,10.484905
1.19,33,10.496853
1.92,33,10.509623
1.05,33,10.522668
1.36,33,10.536529
1.85,33,10.55009
1.24,33,10.561933
1.82,33,10.574717
1.22,33,10.588108
1.14,33,10.601212
1.38,33,10.613886
1.07,33,10.626919
1.11,33,11.202018
1.29,33,11.216175
1.29,33,11.228311
1.23,33,11.241107
1.32,33,11.25429
1.23,33,11.267286
1.23,33,11.280475
1.28,33,11.292656
1.16,33,11.306319
1.35,33,11.319579
1.89,33,11.332524
1.2,33,11.344927
1.15,33,11.357787
1.81,33,11.371225
1.32,33,11.384704
1.31,33,11.397566
1.17,33,11.409226
1.87,33,11.422817
1.76,33,11.438922
1.28,33,11.4522
1.39,33,11.465241
1.28,33,11.477413
1.24,33,11.490407
1.2,33,11.503351
1.14,33,11.516373
1.27,33,11.529511
1.25,33,11.542316
1.9,33,11.555522
0.64,33,11.568713
1.99,33,11.581129
1.34,33,11.593423
1.28,33,11.606838
1.17,33,11.620016
1.31,33,11.633476
1.31,33,11.645627
1.86,33,11.658607
1.16,33,11.671944
1.21,33,11.685083
1.27,33,11.698032
1.03,33,11.70969
1.27,33,11.722914
1.31,33,11.736081
1.19,33,11.749622
1.87,33,11.762225
1.19,33,11.775509
1.24,33,11.788908
1.88,33,11.802199
1.83,33,11.815285
1.14,33,11.842806
1.27,33,11.858959
2.01,33,11.871987
1.25,33,11.885099
1.21,33,11.898403
1.2,33,11.910256
1.15,33,11.923348
1.29,33,11.936698
1.21,33,11.949483
1.31,33,11.961671
1.27,33,11.974589
1.79,33,11.987537
1.84,33,12.000397
1.34,33,12.012642
1.18,33,12.570848
1.94,33,12.583858
4.3,28,12.593894
1.27,33,12.606739
1.9,33,12.619271
1.31,33,12.632542
1.31,33,12.644369
1.31,33,12.658658
1.89,33,12.671498
1.31,33,12.684951
4.28,26,12.694635
1.24,33,12.707702
2.0,33,12.7205
1.92,33,12.733637
1.36,33,12.746185
1.31,33,12.759464
4.3,26,12.770364
1.41,33,12.787147
1.87,33,12.800419
1.84,33,12.813265
1.35,33,12.829692
1.29,33,12.853981
1.99,33,12.869395
1.23,33,12.882425
1.28,33,12.896149
1.93,33,12.908312
1.14,33,12.921742
1.28,33,12.935233
1.27,33,12.948062
1.22,33,12.960629
1.74,33,12.973291
1.33,33,12.986618
1.18,33,12.999689
1.31,33,13.012642
1.27,33,13.0254
1.83,33,13.038588
1.09,33,13.051972
1.81,33,13.065149
1.31,33,13.0782
1.89,33,13.090126
1.27,33,13.103691
1.24,33,13.116788
1.17,33,13.130093
4.23,30,13.14112
1.36,33,13.154404
1.83,33,13.167354
1.32,33,13.179593
1.33,33,13.192625
1.33,33,13.213837
1.28,33,13.225834
1.92,33,13.239248
1.28,33,13.252437
1.24,33,13.265463
1.25,33,13.278307
1.28,33,13.291523
1.12,33,13.304976
1.31,33,13.317657
2.03,33,13.331043
1.33,33,13.342754
1.89,33,13.356307
1.23,33,13.369338
1.23,33,13.382716
1.24,33,13.961051
1.89,33,13.975055
1.95,33,13.988166
1.25,33,14.001077
1.89,33,14.012867
1.25,33,14.026757
1.08,33,14.040252
1.97,33,14.051993
0.56,33,14.065222
1.79,33,14.078359
1.18,33,14.091248
1.24,33,14.103143
1.85,33,14.11601
1.08,33,14.12823
1.79,33,14.141357
1.89,33,14.154137
1.93,33,14.174171
1.86,33,14.187442
1.25,33,14.199486
1.36,33,14.212931
1.09,33,14.225987
1.28,33,14.238918
1.88,33,14.253621
1.74,33,14.267694
1.87,33,14.281214
1.33,33,14.293362
2.06,33,14.306716
1.16,33,14.319907
1.16,33,14.332721
1.04,33,14.34481
2.0,33,14.357491
1.31,33,14.370405
1.29,33,14.383427
1.27,33,14.39628
1.27,33,14.408513
1.26,33,14.422344
1.91,33,14.435145
1.31,33,14.448212
1.72,33,14.460096
1.38,33,14.47286
1.12,33,14.485965
1.31,33,14.499583
1.86,33,14.511869
1.26,33,14.52537
1.27,33,14.538455
1.25,33,14.552123
1.23,33,14.568142
1.86,33,14.581145
1.28,33,14.593056
1.86,33,14.606647
1.89,33,14.619918
1.87,33,14.633056
1.24,33,14.644912
1.12,33,14.657703
1.34,33,14.670576
1.87,33,14.683644
4.17,22,14.691888
1.25,33,14.7048
1.85,33,14.717548
1.2,33,14.730363
1.12,33,14.742817
1.25,33,14.756032
1.22,33,14.769245
1.94,33,15.344943
1.13,33,15.358564
1.85,33,15.371083
1.03,33,15.384064
1.84,33,15.397215
1.16,33,15.409015
1.1,33,15.42243
1.84,33,15.435116
1.16,33,15.448097
1.9,33,15.461008
1.2,33,15.473411
1.83,33,15.489393
1.91,33,15.50633
1.07,33,15.5233
1.36,33,15.543513
1.13,33,15.559191
1.28,33,15.571917
1.85,33,15.584893
4.36,30,15.597114
1.25,33,15.608791
1.14,33,15.621975
1.2,33,15.634994
1.32,33,15.648443
1.27,33,15.660274
1.31,33,15.673458
1.25,33,15.687
1.92,33,15.700064
1.31,33,15.712146
1.35,33,15.725099
0.51,33,15.737866
1.89,33,15.751307
1.9,33,15.763698
1.25,33,15.776988
1.11,33,15.79028
1.8,33,15.803625
1.87,33,15.816956
1.33,33,15.838878
1.3,33,15.858325
1.93,33,15.870983
1.02,33,15.884113
1.82,33,15.897456
1.24,33,15.909242
1.92,33,15.922488
1.89,33,15.935741
1.94,33,15.951367
1.25,33,15.964542
1.32,33,15.977421
1.21,33,15.989787
1.21,33,16.003075
1.16,33,16.016557
1.12,33,16.030147
1.85,33,16.042687
1.96,33,16.055676
1.85,33,16.069156
1.78,33,16.082263
1.34,33,16.095499
1.31,33,16.107648
1.9,33,16.121053
1.15,33,16.134364
1.79,33,16.147529
1.82,33,16.159451
1.33,33,16.17274
1.8,33,16.733607
1.8,33,16.747845
1.15,33,16.760081
1.74,33,16.773488
1.74,33,16.787413
1.89,33,16.800594
1.37,33,16.81481
1.93,33,16.833623
1.25,33,16.857393
1.31,33,16.870194
1.99,33,16.8833
1.96,33,16.896867
1.09,33,16.909641
2.0,33,16.926097
0.97,33,16.938309
1.21,33,16.951464
1.12,33,16.965012
1.14,33,16.977958
1.8,33,16.989976
1.7,33,17.003283
4.28,24,17.013698
1.07,33,17.026794
1.26,33,17.039324
1.91,33,17.052956
1.91,33,17.066708
1.17,33,17.080118
1.09,33,17.093059
1.88,33,17.105489
1.92,33,17.119132
1.24,33,17.133521
0.5,33,17.146345
1.85,33,17.158501
1.25,33,17.171269
1.77,33,17.184782
1.15,33,17.197717
4.25,28,17.208063
1.74,33,17.220464
0.94,33,17.23315
4.25,28,17.244692
1.32,33,17.256264
1.8,33,17.269565
1.29,33,17.28315
1.34,33,17.297048
4.4,30,17.308436
1.31,33,17.329311
4.32,30,17.340179
1.08,33,17.353646
1.14,33,17.366505
1.85,33,17.379711
1.78,33,17.392105
1.04,33,17.405297
1.31,33,17.418997
1.32,33,17.432084
1.25,33,17.445286
1.09,33,17.457419
1.28,33,17.47078
1.26,33,17.484225
1.09,33,17.497714
1.26,33,17.510729
1.19,33,17.523164
1.24,33,17.537133
4.3,24,17.547596
1.8,33,17.559389
0.53,33,18.140713
1.17,33,18.153833
1.34,33,18.166502
1.8,33,18.179317
1.82,33,18.192229
1.32,33,18.204817
1.34,33,18.217061
4.3,30,18.229017
1.1,33,18.240606
1.94,33,18.253277
1.19,33,18.266389
1.86,33,18.28598
1.99,33,18.299017
1.97,33,18.311958
4.44,30,18.322651
1.01,33,18.335335
1.08,33,18.348015
1.95,33,18.360669
1.37,33,18.372543
2.0,33,18.385373
1.23,33,18.398361
1.87,33,18.41083
1.13,33,18.422725
1.24,33,18.435482
1.33,33,18.448188
1.88,33,18.461203
1.1,33,18.473034
1.85,33,18.486357
1.25,33,18.499138
1.04,33,18.511978
1.9,33,18.524882
1.78,33,18.538093
1.2,33,18.551041
1.89,33,18.563666
1.22,33,18.575834
1.18,33,18.588717
1.91,33,18.601453
1.34,33,18.614069
0.36,33,18.625604
1.99,33,18.638624
1.01,33,18.651343
1.05,33,18.664023
1.88,33,18.683771
1.33,33,18.697009
1.81,33,18.709005
4.33,32,18.722469
1.87,33,18.735773
1.17,33,18.748918
1.8,33,18.761307
1.89,33,18.774953
1.22,33,18.788054
1.36,33,18.801609
1.87,33,18.814604
4.31,28,18.829258
1.23,33,18.853644
1.89,33,18.866284
1.23,33,18.878697
1.13,33,18.89236
1.92,33,18.905349
1.37,33,18.918652
1.02,33,18.931801
1.81,33,18.944677
1.21,33,19.509138
1.23,33,19.522709
1.98,33,19.535731
1.9,33,19.548784
1.93,33,19.561459
1.34,33,19.573873
1.14,33,19.586629
1.88,33,19.599605
1.99,33,19.612586
1.92,33,19.625186
1.35,33,19.645859
1.35,33,19.658495
1.36,33,19.670888
1.7,33,19.683641
1.77,33,19.69637
1.28,33,19.708257
1.86,33,19.721997
1.24,33,19.735669
4.37,24,19.745011
1.21,33,19.757705
4.32,32,19.770629
1.86,33,19.783579
1.89,33,19.797289
1.91,33,19.809549
1.89,33,19.826642
4.29,28,19.852198
1.35,33,19.865172
1.93,33,19.877115
1.94,33,19.890592
1.13,33,19.903589
4.31,32,19.916595
1.14,33,19.929851
1.24,33,19.942727
1.27,33,19.95496
1.11,33,19.968292
1.33,33,19.981474
1.96,33,19.995129
1.31,33,20.007686
1.83,33,20.020799
1.36,33,20.034698
1.95,33,20.047992
1.16,33,20.067735
1.03,33,20.080976
4.24,26,20.091139
2.03,33,20.104285
4.31,26,20.114979
1.94,33,20.127878
1.08,33,20.13983
1.92,33,20.153513
1.9,33,20.166509
4.36,30,20.17829
4.29,30,20.188999
4.31,32,20.201023
1.16,33,20.212724
1.94,33,20.225497
1.88,33,20.238604
1.81,33,20.251592
1.3,33,20.264861
1.95,33,20.279315
1.27,33,20.291294
1.65,33,20.304406
1.9,33,20.317502
1.8,33,20.33042
1.77,33,20.342723
1.08,33,20.923855
4.46,30,20.936759
1.96,33,20.949721
1.95,33,20.963127
1.9,33,20.975943
1.99,33,20.988679
4.3,26,20.999783
1.14,33,21.013016
1.1,33,21.03377
2.01,33,21.046851
1.85,33,21.059529
4.42,28,21.06971
4.4,32,21.082075
1.84,33,21.094799
1.95,33,21.107446
1.1,33,21.120039
2.01,33,21.133079
4.17,24,21.142868
1.75,33,21.154534
1.86,33,21.16751
4.31,30,21.179319
1.81,33,21.191396
1.88,33,21.203923
1.92,33,21.217386
1.25,33,21.230623
1.92,33,21.243405
1.8,33,21.255531
4.23,32,21.268572
1.91,33,21.281811
1.74,33,21.294738
4.23,30,21.305743
2.02,33,21.31852
1.85,33,21.331152
1.88,33,21.343816
1.15,33,21.355647
4.23,26,21.366947
1.36,33,21.379449
4.46,32,21.390975
1.2,33,21.403918
4.36,26,21.414929
2.0,33,21.434771
1.94,33,21.447857
4.4,26,21.457485
1.12,33,21.47075
4.23,30,21.482984
1.83,33,21.495641
1.96,33,21.508004
1.85,33,21.521378
4.3,26,21.532796
2.01,33,21.545643
1.85,33,21.557896
4.3,24,21.56796
4.41,30,21.579429
1.34,33,21.59119
2.0,33,21.604302
1.85,33,21.617337
0.38,33,21.630109
1.85,33,21.641954
1.28,33,21.655102
1.09,33,21.668135
1.77,33,21.681064
1.87,33,21.693004
1.96,33,21.706362
1.94,33,21.719425
4.32,26,22.288015
1.8,33,22.299758
1.25,33,22.313763
1.23,33,22.325515
1.13,33,22.338826
1.28,33,22.352078
0.93,33,22.365534
1.02,33,22.385629
1.81,33,22.398998
1.33,33,22.411438
1.79,33,22.424521
1.95,33,22.437335
1.89,33,22.450675
1.92,33,22.462856
4.37,28,22.474272
1.12,33,22.487119
1.88,33,22.500704
1.85,33,22.512852
1.2,33,22.525572
1.89,33,22.538786
1.17,33,22.551468
0.96,33,22.564015
1.27,33,22.576911
1.22,33,22.589859
4.4,32,22.602605
1.84,33,22.616434
4.24,26,22.625807
1.95,33,22.639291
1.23,33,22.652332
1.22,33,22.665727
1.13,33,22.678025
1.21,33,22.690785
1.89,33,22.704178
1.06,33,22.717485
2.0,33,22.731162
1.25,33,22.743466
1.14,33,22.756622
1.87,33,22.769513
4.24,22,22.783219
1.1,33,22.796214
1.81,33,22.808498
1.05,33,22.822774
1.66,33,22.844189
4.32,32,22.867693
1.79,33,22.881022
1.9,33,22.894499
1.23,33,22.906695
1.82,33,22.919273
1.17,33,22.932147
1.24,33,22.944854
4.31,30,22.956335
1.16,33,22.968954
1.92,33,22.981663
1.09,33,22.994629
4.2,28,23.004943
1.89,33,23.018187
1.94,33,23.031359
1.81,33,23.044679
1.88,33,23.057977
1.92,33,23.07047
4.39,30,23.0829
1.73,33,23.095842
1.74,33,23.108907
1.87,33,23.670974
1.87,33,23.684536
4.23,22,23.69419
1.8,33,23.70642
1.85,33,23.718992
1.15,33,23.730938
4.32,28,23.745759
4.37,30,23.758318
1.97,33,23.770398
4.24,26,23.78199
4.36,30,23.793928
1.96,33,23.805529
4.37,32,23.818776
4.3,30,23.844821
1.22,33,23.863101
4.32,30,23.875392
4.38,30,23.886426
4.24,32,23.89867
1.82,33,23.910215
1.82,33,23.922237
1.23,33,23.935076
1.89,33,23.948321
1.32,33,23.960656
4.32,24,23.971235
4.31,26,23.981776
4.45,32,23.9943
4.3,24,24.00314
1.86,33,24.015542
4.32,28,24.026822
4.32,26,24.037309
4.31,28,24.048374
1.98,33,24.060556
1.27,33,24.073324
4.31,30,24.0857
4.39,28,24.097443
1.01,33,24.109773
1.4,33,24.122176
1.77,33,24.135358
1.79,33,24.148479
1.88,33,24.16863
1.91,33,24.181995
1.27,33,24.194447
4.29,22,24.203614
4.45,32,24.216417
1.82,33,24.229173
1.88,33,24.241002
1.24,33,24.25638
1.2,33,24.271051
1.86,33,24.284641
4.32,32,24.297664
4.39,26,24.307092
1.8,33,24.319788
4.38,32,24.332899
4.32,26,24.342153
1.1,33,24.355239
0.97,33,24.368678
4.31,26,24.379057
4.39,32,24.390988
1.32,33,24.403943
1.96,33,24.417589
1.87,33,24.431136
1.38,33,24.443466
1.97,33,24.456739
4.31,32,24.469759
4.39,32,24.482684
1.84,33,24.494564
4.46,32,25.075283
4.39,30,25.086014
1.18,33,25.097539
4.38,32,25.110747
4.39,32,25.12295
1.94,33,25.142346
4.29,32,25.155677
1.17,33,25.168847
1.12,33,25.181807
4.47,32,25.194015
4.32,32,25.205547
4.32,28,25.21656
4.24,24,25.225383
1.9,33,25.236895
1.81,33,25.249616
1.96,33,25.262894
1.93,33,25.27659
4.31,30,25.28858
4.32,30,25.3003
4.32,28,25.310303
4.32,28,25.321082
1.04,33,25.332625
1.05,33,25.344428
1.81,33,25.356942
4.24,28,25.368135
4.31,30,25.380719
4.31,30,25.391554
4.23,26,25.402711
1.95,33,25.414383
4.4,32,25.426563
4.24,22,25.43557
1.95,33,25.447519
4.24,32,25.460875
4.23,22,25.469082
4.32,32,25.480588
4.39,32,25.492037
4.32,30,25.502607
4.4,30,25.519395
4.35,30,25.533031
4.32,32,25.544348
1.9,33,25.556208
1.81,33,25.568243
1.16,33,25.581659
4.24,28,25.592011
1.25,33,25.604833
1.77,33,25.617303
4.23,32,25.630449
4.4,30,25.642856
1.86,33,25.655617
4.32,28,25.666101
4.32,28,25.677165
4.24,24,25.686178
4.32,24,25.695657
4.29,30,25.706837
1.93,33,25.718405
1.32,33,25.731218
4.24,26,25.741502
4.3,24,25.751063
4.24,26,25.761955
4.38,32,25.77336
4.46,32,25.785153
4.37,32,25.796348
1.3,33,25.807976
1.95,33,25.820663
4.31,26,25.835532
4.39,28,25.859167
4.4,30,25.871411
4.24,28,25.881542
4.3,24,26.435853
4.24,28,26.445815
1.8,33,26.457398
1.32,33,26.477814
1.86,33,26.491051
1.97,33,26.504302
4.31,30,26.515995
1.87,33,26.529616
4.38,32,26.542763
4.39,32,26.554952
2.03,33,26.567652
4.3,28,26.579257
4.24,26,26.589773
1.36,33,26.601639
4.48,32,26.614802
4.23,26,26.625318
4.29,26,26.634653
4.32,30,26.6457
4.24,26,26.655087
1.18,33,26.666548
1.77,33,26.679433
1.9,33,26.692414
1.32,33,26.705267
4.3,30,26.717204
2.03,33,26.7306
4.24,26,26.741728
4.22,22,26.75016
4.24,26,26.760152
4.23,26,26.7697
1.93,33,26.782047
1.23,33,26.795941
1.86,33,26.808123
4.32,24,26.818799
4.24,32,26.838431
4.32,30,26.860739
4.37,32,26.872094
4.39,30,26.890415
4.38,28,26.901823
1.88,33,26.914554
1.86,33,26.928016
4.39,28,26.938939
4.24,24,26.949025
4.31,26,26.959729
4.24,24,26.968262
1.78,33,26.979902
4.24,26,26.991372
1.84,33,27.003272
4.23,26,27.014144
4.24,24,27.02405
4.24,28,27.034564
4.31,32,27.046061
4.32,24,27.054902
4.31,24,27.063514
4.3,28,27.073587
4.4,32,27.084711
1.88,33,27.096295
4.32,32,27.110204
4.39,30,27.126197
1.81,33,27.143345
2.0,33,27.158508
4.23,26,27.171219
4.32,30,27.184654
4.32,26,27.193862
1.88,33,27.206912
4.24,22,27.215253
1.81,33,27.228284
1.04,33,27.240931
4.23,26,27.25035
4.39,26,27.261032
4.37,26,27.822352
4.31,30,27.836617
2.0,33,27.869257
4.31,30,27.881862
4.32,30,27.893239
4.24,28,27.904338
4.24,24,27.913501
4.24,26,27.922796
4.32,24,27.931436
4.38,28,27.941255
4.24,26,27.950466
1.27,33,27.961972
4.24,24,27.971646
1.93,33,27.984281
4.4,30,27.996824
4.24,28,28.00684
4.32,24,28.016522
4.32,22,28.025318
4.24,26,28.034644
4.2,26,28.043767
4.32,22,28.051656
4.23,22,28.059499
4.37,30,28.069815
4.32,28,28.079549
1.84,33,28.090934
4.32,26,28.101372
4.32,28,28.1128
1.88,33,28.124836
4.38,28,28.13669
1.2,33,28.149659
4.24,24,28.159183
4.4,28,28.170153
4.23,32,28.182418
4.46,30,28.193356
1.87,33,28.204913
1.93,33,28.216866
4.22,22,28.225075
4.32,26,28.235555
4.39,32,28.254578
4.24,22,28.264207
1.2,33,28.276143
4.3,32,28.288559
4.31,28,28.299927
1.95,33,28.312406
1.78,33,28.324476
4.31,28,28.336255
4.31,30,28.348837
1.92,33,28.360666
1.89,33,28.373549
4.24,24,28.383794
4.32,32,28.39584
1.85,33,28.408762
4.24,24,28.419347
4.24,24,28.429147
1.95,33,28.441279
4.31,28,28.452563
4.24,26,28.462109
1.16,33,28.474672
4.24,24,28.48484
4.24,26,28.49443
4.31,28,28.505594
4.31,30,28.517445
4.32,32,28.529016
4.39,28,28.538912
4.24,26,28.548249
1.88,33,28.559641
4.32,28,28.570726
4.46,32,28.583213
4.24,28,28.593171
1.82,33,28.604997
4.31,26,28.614707
4.39,30,28.625096
4.22,26,29.211965
1.37,33,29.223571
1.97,33,29.236377
4.24,26,29.247596
4.32,26,29.258178
4.38,32,29.271532
4.31,28,29.28206
1.17,33,29.294028
1.87,33,29.305798
4.24,24,29.315513
4.24,24,29.324061
4.24,24,29.334099
4.4,28,29.345281
4.32,24,29.35429
4.24,22,29.362526
4.24,24,29.371098
4.4,28,29.380995
4.32,24,29.389569
4.32,28,29.399791
4.24,24,29.408347
4.23,22,29.416375
4.39,28,29.426175
4.46,32,29.4374
4.39,30,29.447928
4.24,24,29.456451
1.83,33,29.467928
1.92,33,29.481081
4.24,24,29.490005
4.32,22,29.500046
4.32,30,29.510836
1.91,33,29.523255
4.32,30,29.534929
4.32,28,29.546517
4.32,24,29.555487
4.32,24,29.565133
4.31,26,29.574487
4.24,22,29.58946
4.4,32,29.602654
4.45,32,29.614548
4.3,24,29.623179
4.4,28,29.633654
4.24,26,29.642873
4.24,28,29.652764
4.38,30,29.663265
4.24,32,29.674319
1.95,33,29.685841
4.24,22,29.6951
4.24,28,29.712533
4.32,28,29.7315
4.31,24,29.742812
4.32,28,29.752738
4.24,28,29.762552
4.32,22,29.770535
4.32,24,29.779463
4.4,28,29.789617
4.32,30,29.800286
4.32,28,29.810175
4.38,28,29.820014
4.4,26,29.830971
2.01,33,29.855617
4.32,24,29.865605
4.32,30,29.876324
4.31,30,29.888293
1.97,33,29.900349
4.24,26,29.912277
4.31,26,29.921642
4.31,30,29.932523
4.23,28,29.942533
4.32,32,29.953799
4.24,22,29.961744
4.39,30,29.972212
4.32,22,29.98016
4.24,28,29.997954
4.32,26,30.007694
4.32,26,30.565503
4.32,24,30.574497
4.32,24,30.583106
4.38,28,30.592936
4.32,24,30.601688
4.32,24,30.610348
4.24,26,30.61955
1.94,33,30.631018
4.24,24,30.641122
4.32,24,30.651928
4.38,32,30.663816
4.24,24,30.672411
4.39,32,30.68376
4.24,22,30.691658
4.32,22,30.699674
4.32,22,30.707661
1.93,33,30.719124
4.32,24,30.729371
4.4,30,30.740188
4.24,26,30.750461
2.01,33,30.762429
4.38,30,30.773599
0.45,33,30.786429
4.31,24,30.796711
4.39,30,30.807418
4.32,24,30.816939
4.31,26,30.826761
4.31,26,30.844136
1.92,33,30.860866
4.32,22,30.869888
4.24,26,30.880542
4.31,24,30.889212
4.4,28,30.899867
4.32,24,30.908446
4.4,30,30.919122
4.32,24,30.927748
4.39,26,30.945082
4.32,30,30.955862
4.31,24,30.964779
4.32,22,30.97281
4.32,24,30.981514
4.31,26,30.990797
4.24,26,31.000093
4.39,26,31.009273
4.39,26,31.018581
4.24,24,31.027735
2.02,33,31.039278
4.29,22,31.04843
4.32,26,31.057837
4.32,26,31.068684
4.32,28,31.078976
1.92,33,31.090521
4.32,26,31.100255
4.24,22,31.108142
4.24,24,31.118055
4.46,30,31.130054
4.32,28,31.140103
4.31,24,31.149384
4.31,26,31.158616
4.31,26,31.167938
4.32,32,31.179093
4.31,26,31.188378
4.24,24,31.197019
4.23,24,31.205599
4.24,22,31.213606
4.24,26,31.222807
4.38,30,31.233303
4.32,22,31.24117
4.32,30,31.251708
4.24,24,31.260329
4.23,26,31.269523
4.32,26,31.279408
4.46,32,31.290663
4.24,28,31.300609
4.32,24,31.317037
4.32,24,31.325944
1.13,33,31.338563
4.45,28,31.917402
4.4,26,31.927082
4.24,24,31.935768
1.89,33,31.947293
4.4,28,31.958586
4.32,22,31.967695
4.39,28,31.977929
4.32,28,31.987888
4.32,22,31.99625
4.32,24,32.004823
1.91,33,32.01637
1.9,33,32.030326
4.32,24,32.039132
4.32,24,32.049471
4.32,28,32.059691
4.23,24,32.069178
4.32,24,32.078394
4.32,22,32.086326
4.31,26,32.09586
4.32,24,32.104469
4.32,24,32.113096
4.24,24,32.121624
4.32,28,32.131512
4.24,24,32.140054
4.24,26,32.149234
4.24,24,32.15779
4.32,22,32.165706
4.24,24,32.174238
4.31,26,32.183452
4.24,24,32.191976
4.24,22,32.199846
4.32,26,32.209105
4.4,30,32.219784
4.32,22,32.22777
4.32,26,32.236939
4.24,22,32.24499
4.32,24,32.257325
4.3,28,32.268901
4.24,24,32.278104
4.31,24,32.286709
4.24,26,32.296203
4.24,26,32.305385
4.39,28,32.31538
4.24,28,32.325178
4.3,24,32.333835
4.24,22,32.341634
4.24,26,32.350924
4.32,26,32.360258
4.32,26,32.36948
4.24,24,32.378133
4.32,24,32.386721
4.24,24,32.395341
4.24,24,32.403928
4.32,24,32.412608
4.39,30,32.423157
4.32,22,32.431134
4.24,24,32.439662
4.32,26,32.448958
4.32,24,32.457511
4.23,26,32.467138
1.16,33,32.478711
4.32,22,32.487952
4.32,22,32.497101
4.32,24,32.506098
4.24,26,32.515636
4.4,30,32.526502
4.32,26,32.535757
4.38,32,32.547009
4.4,28,32.55689
4.24,22,32.564861
4.32,28,32.574728
4.24,24,32.583366
4.4,30,32.593899
4.24,24,32.60246
4.24,22,32.610323
4.32,24,32.627172
4.31,28,32.637985
4.24,24,32.647297
4.32,24,32.655912
4.24,24,32.665044
4.32,30,32.675561
4.31,28,33.250354
4.32,26,33.259705
4.32,22,33.267772
4.39,26,33.277303
4.32,24,33.286041
4.32,24,33.294641
4.31,28,33.304568
4.24,22,33.312506
4.24,26,33.321773
4.32,22,33.330064
4.39,28,33.34004
4.24,22,33.348029
4.32,24,33.356684
4.31,24,33.365336
4.32,26,33.374618
4.32,28,33.384608
4.39,28,33.394491
4.39,26,33.403918
4.32,24,33.41263
1.95,33,33.424147
4.24,22,33.433135
4.24,28,33.444002
4.32,24,33.453756
4.32,22,33.461983
4.31,26,33.471318
4.24,24,33.479865
4.23,24,33.488394
4.32,22,33.496443
4.24,24,33.505022
4.24,24,33.513625
4.32,30,33.524272
4.32,24,33.532883
4.32,22,33.540899
4.32,22,33.548886
4.32,24,33.565571
4.37,30,33.577186
4.23,24,33.586699
4.3,26,33.596596
4.32,24,33.605281
4.32,22,33.613345
4.32,22,33.621364
4.32,22,33.62935
4.32,26,33.638646
4.32,24,33.6473
4.32,26,33.656606
4.32,26,33.665859
4.39,28,33.675751
4.4,30,33.686391
4.32,24,33.695044
4.31,26,33.704399
4.32,22,33.712405
4.24,24,33.721041
4.32,22,33.729174
4.39,26,33.738667
4.24,22,33.746688
4.32,22,33.754694
4.32,26,33.764067
4.24,26,33.773491
4.46,32,33.784928
4.31,26,33.794298
4.23,26,33.803492
4.32,26,33.81284
4.32,26,33.822103
4.24,24,33.831276
4.32,22,33.849778
4.24,24,33.86713
4.39,28,33.877515
4.32,26,33.886885
4.32,24,33.895691
4.46,30,33.906526
4.31,26,33.915841
4.32,26,33.925135
4.24,22,33.933126
4.32,24,33.948582
4.32,26,33.959484
4.31,28,33.970406
4.31,30,33.981396
4.32,22,33.989405
4.24,22,34.001845
4.32,24,34.014328
4.31,28,34.035213
4.24,22,34.685953
4.24,24,34.694702
4.24,22,34.702905
4.32,22,34.711173
4.24,24,34.719879
4.32,22,34.728034
4.32,22,34.736391
4.32,24,34.745333
4.32,22,34.753518
4.32,24,34.76268
4.32,24,34.771788
4.32,22,34.780534
4.32,24,34.789315
4.39,28,34.804823
4.4,28,34.825922
4.48,32,34.847873
4.32,26,34.857427
4.32,22,34.866776
4.24,24,34.875822
4.31,26,34.886041
4.32,22,34.895215
4.32,22,34.904327
4.32,22,34.913999
4.4,28,34.92417
4.31,26,34.935633
4.24,22,34.94406
4.32,26,34.953536
2.02,33,34.965617
4.32,26,34.978791
4.39,26,34.994102
4.4,26,35.003884
4.31,26,35.013587
4.31,26,35.023643
4.32,24,35.042659
4.32,22,35.050874
4.24,24,35.059606
4.32,26,35.068932
4.32,24,35.078379
4.32,26,35.088129
4.24,22,35.09635
4.39,26,35.106356
4.31,22,35.114548
4.32,24,35.124043
4.24,22,35.132474
4.32,22,35.140959
4.24,22,35.149267
4.4,26,35.158954
4.31,24,35.168404
4.32,24,35.17733
4.46,32,35.188945
4.24,24,35.197815
4.32,24,35.206728
4.32,24,35.215802
4.38,28,35.226062
4.3,26,35.235801
4.32,22,35.246745
4.32,24,35.256171
4.32,24,35.265294
4.24,24,35.275848
4.31,22,35.284743
4.31,22,35.29446
4.24,24,35.303875
4.24,24,35.313451
4.31,26,35.325147
4.32,28,35.335966
4.24,24,35.345003
4.24,24,35.354516
4.32,22,35.362741
4.32,24,35.371698
4.4,26,35.381402
4.32,22,35.389596
4.32,24,35.39843
4.32,26,35.408028
4.32,24,35.417076
4.3,28,35.435879
4.32,24,35.445816
4.24,22,35.45421
4.39,28,35.465129
4.32,22,35.474217
4.39,26,35.484438
1.93,33,35.498866
4.24,24,35.50961
4.4,28,35.521827
4.32,28,36.401501
4.24,26,36.412554
4.32,24,36.422219
4.32,24,36.431158
4.32,22,36.439977
4.32,22,36.449179
4.24,22,36.458112
4.3,28,36.46865
4.39,28,36.48132
4.32,22,36.490951
4.32,26,36.500983
4.24,22,36.511128
4.24,22,36.519783
4.46,32,36.533579
4.32,22,36.543341
4.32,22,36.552027
4.32,28,36.564425
4.32,22,36.57442
4.32,24,36.584173
4.39,26,36.596007
4.39,30,36.610889
4.32,24,36.620605
4.4,26,36.632977
4.32,24,36.644891
4.39,28,36.657816
4.32,24,36.669261
4.39,26,36.684515
4.24,24,36.696087
4.32,22,36.705192
4.32,22,36.714571
4.38,28,36.725648
4.24,22,36.738158
4.32,24,36.747725
4.32,22,36.756593
4.32,24,36.766131
4.3,24,36.775666
4.32,22,36.78422
4.32,22,36.792789
4.32,26,36.802905
4.32,22,36.811565
4.32,22,36.820232
4.46,30,36.831516
1.97,33,36.84415
4.32,24,36.853976
4.24,22,36.862611
4.32,26,36.872672
4.32,24,36.88195
4.32,22,36.890523
4.32,24,36.899842
4.32,24,36.909207
4.31,26,36.919208
4.32,22,36.927759
4.39,30,36.939151
4.24,22,36.947778
4.32,22,36.956368
4.32,24,36.965623
4.24,22,36.974556
4.39,28,36.985529
4.32,24,36.99523
4.32,22,37.003861
4.39,28,37.014633
4.32,24,37.024398
4.39,26,37.034206
4.39,30,37.045449
4.32,22,37.053911
4.32,24,37.063038
4.24,22,37.071417
4.24,22,37.079736
4.32,22,37.08834
4.32,22,37.096854
4.32,26,37.1071
4.32,24,37.116235
4.32,24,37.129064
4.24,22,37.145778
4.32,24,37.162669
4.32,24,37.177402
1.99,33,37.191864
4.31,24,37.203765
4.32,24,37.216449
4.46,30,37.230213
4.31,24,37.243264
1.99,33,37.265401
4.32,24,37.28238
4.32,26,37.999338
4.32,22,38.00844
4.32,24,38.018638
4.32,22,38.028644
4.32,22,38.037931
4.32,22,38.047658
4.31,26,38.059324
4.35,28,38.075965
4.32,22,38.085691
4.32,24,38.096932
4.24,22,38.105707
4.32,22,38.115071
4.32,22,38.124554
4.32,22,38.133273
4.32,22,38.142871
4.32,22,38.151622
4.32,22,38.161189
4.32,22,38.170261
4.39,26,38.181145
4.32,22,38.190731
4.39,26,38.201005
4.24,22,38.210455
4.39,28,38.222145
4.32,22,38.231035
4.32,22,38.240598
4.32,26,38.250652
4.24,22,38.26166
4.32,22,38.275849
4.32,22,38.29287
4.32,22,38.305905
4.32,22,38.316464
4.39,30,38.334545
4.24,24,38.346658
4.39,26,38.359401
4.4,30,38.372589
4.32,22,38.382066
4.47,32,38.39615
4.46,30,38.409592
4.32,22,38.419239
4.4,26,38.430906
4.31,28,38.443505
4.39,26,38.455479
4.32,22,38.465145
4.32,22,38.475437
4.32,22,38.484565
4.46,30,38.497985
4.32,22,38.509121
4.32,22,38.51896
4.32,22,38.530609
4.32,24,38.542399
4.32,24,38.553025
4.38,32,38.568154
4.32,22,38.579166
4.32,22,38.590098
4.32,26,38.601972
4.32,22,38.612773
4.24,22,38.623056
4.39,26,38.634112
4.32,22,38.646014
4.24,26,38.658812
4.32,22,38.66843
4.32,22,38.679762
4.32,22,38.689656
4.32,22,38.698918
4.32,22,38.708879
4.32,22,38.718362
4.32,26,38.729929
4.24,24,38.740555
4.32,22,38.749607
4.32,22,38.759394
4.4,28,38.771419
4.38,28,38.786861
4.32,22,38.796664
4.32,22,38.807754
4.32,22,38.817019
4.32,22,38.82773
4.24,24,38.838956
4.32,22,38.848216
4.4,26,38.860644
4.32,22,38.870416
4.39,26,38.881252
4.32,24,38.891323
4.39,28,38.902491
4.32,22,38.911574
4.32,24,38.921423
4.31,26,38.931729
4.24,22,39.550962
4.32,22,39.559807
4.47,30,39.571184
4.32,22,39.580001
4.32,22,39.588601
4.32,22,39.597035
4.32,22,39.605812
4.32,22,39.614455
4.39,26,39.624517
4.32,24,39.634242
4.39,30,39.645666
4.32,22,39.65413
4.39,26,39.664108
4.32,22,39.672642
4.32,22,39.68106
4.32,22,39.68959
4.32,22,39.697881
4.32,22,39.706414
4.32,22,39.71515
4.32,22,39.723863
4.32,22,39.73221
4.32,22,39.740757
4.32,24,39.749768
4.32,22,39.758307
4.32,22,39.766637
4.32,22,39.775922
4.32,22,39.784176
4.32,22,39.79271
4.32,22,39.800934
4.32,22,39.817826
4.45,32,39.830551
4.32,24,39.839883
4.24,22,39.848169
4.32,22,39.85666
4.44,32,39.868396
4.39,26,39.878131
4.32,22,39.886587
4.32,22,39.894986
4.32,22,39.9033
4.32,24,39.91226
4.32,22,39.920575
4.32,22,39.92883
4.32,22,39.937293
4.32,24,39.946353
4.39,26,39.956059
4.32,26,39.965708
4.32,22,39.974154
4.32,22,39.982473
4.24,22,39.990758
4.32,24,39.999974
4.32,22,40.008275
4.32,22,40.016686
4.32,22,40.02577
4.32,22,40.03417
4.32,22,40.042407
4.32,24,40.051084
4.39,26,40.060564
4.32,22,40.068739
4.32,22,40.076865
4.39,30,40.087679
4.32,24,40.096542
4.32,22,40.104699
4.32,22,40.112735
4.32,22,40.120886
4.32,22,40.12913
4.32,24,40.137878
4.32,24,40.146724
4.24,22,40.154812
4.32,24,40.163604
4.32,24,40.172415
4.32,22,40.18057
4.32,22,40.19178
4.31,28,40.204143
4.32,22,40.21233
4.32,24,40.221414
4.39,26,40.230879
4.32,24,40.239657
4.32,22,40.247777
4.32,22,40.256019
4.32,22,40.264191
4.32,22,40.280007
4.39,26,40.296907
4.32,24,40.306258
4.32,22,40.315044
4.32,26,40.324949
4.32,22,40.333556
4.24,22,40.342161
4.32,22,40.350712
4.39,28,40.922262
4.32,24,40.931387
4.32,22,40.939783
4.32,22,40.948265
4.32,22,40.956761
4.32,22,40.965207
4.46,30,40.976393
4.32,22,40.984869
4.24,24,40.994005
4.32,22,41.002559
4.32,22,41.01085
4.39,26,41.020621
4.32,26,41.030733
4.32,22,41.039123
4.32,24,41.048058
4.32,22,41.056394
4.39,26,41.066061
4.24,22,41.074312
4.32,28,41.084639
4.32,22,41.092864
4.32,26,41.10234
4.32,24,41.111159
4.46,32,41.12261
4.32,22,41.130709
4.32,22,41.138808
4.24,22,41.150055
4.32,22,41.160004
4.32,24,41.169623
4.32,22,41.177948
4.32,22,41.186213
4.32,24,41.19497
4.4,28,41.205024
4.32,22,41.213111
4.39,26,41.222671
4.32,22,41.230845
4.32,24,41.239714
4.32,24,41.248418
4.32,22,41.256764
4.32,24,41.265576
4.23,24,41.278331
4.32,22,41.297487
4.32,22,41.306023
4.32,22,41.31449
4.32,22,41.323068
4.4,30,41.33434
4.32,22,41.342683
4.32,22,41.351022
4.32,22,41.359342
4.32,24,41.368297
4.32,22,41.376646
4.32,24,41.385619
4.39,26,41.395279
4.32,22,41.403567
4.32,22,41.411916
4.32,22,41.420209
4.32,22,41.428566
4.32,24,41.437559
4.32,22,41.445837
4.32,24,41.45486
4.32,22,41.463267
4.32,22,41.471603
4.32,24,41.480553
4.39,28,41.490925
4.32,24,41.499835
4.46,30,41.511698
4.32,22,41.520042
4.32,22,41.528764
4.32,22,41.537328
4.32,22,41.54907
4.32,22,41.559942
4.39,28,41.570523
4.4,26,41.580318
4.39,30,41.591478
4.32,24,41.600472
4.32,22,41.608846
4.32,24,41.617793
4.39,26,41.627607
4.39,26,41.63733
4.24,24,41.646321
4.32,22,41.654565
4.32,22,41.662806
4.32,22,41.670944
4.39,26,41.680461
4.32,22,41.688642
4.32,22,41.69671
4.32,22,41.704897
4.32,22,42.268136
4.32,22,42.279257
4.32,24,42.296508
4.32,22,42.308463
4.31,28,42.319504
4.32,22,42.328021
4.32,22,42.336667
4.48,30,42.348356
4.32,24,42.357782
1.95,33,42.370042
4.32,22,42.379943
4.32,22,42.389351
4.32,22,42.398245
4.32,22,42.406817
4.32,22,42.415558
4.32,22,42.424105
4.48,30,42.43514
4.32,22,42.443473
4.32,22,42.451891
4.39,28,42.462566
4.32,22,42.470891
4.46,30,42.482009
4.32,22,42.490271
4.32,22,42.501873
4.39,28,42.513631
4.32,22,42.523709
4.32,22,42.532342
4.39,26,42.542262
4.32,24,42.551265
4.32,22,42.559816
4.32,22,42.568092
4.32,22,42.576469
4.32,24,42.585407
4.32,22,42.59381
4.32,22,42.602279
4.32,22,42.610675
4.4,26,42.620278
4.32,22,42.628671
4.32,22,42.636908
4.32,22,42.645595
4.32,22,42.653996
4.32,24,42.663331
4.32,22,42.671862
4.32,24,42.681111
4.32,24,42.690272
4.32,22,42.698896
4.32,22,42.707413
4.32,22,42.715999
4.32,22,42.724463
4.32,22,42.733063
4.32,24,42.742318
4.32,22,42.750795
4.32,22,42.759244
4.32,24,42.768466
4.4,26,42.778451
4.32,22,42.786576
4.32,22,42.795075
4.32,22,42.803727
4.47,32,42.816138
4.32,22,42.824484
4.32,22,42.833421
4.32,22,42.842039
4.39,26,42.853722
4.32,22,42.863176
4.32,22,42.872093
4.32,22,42.88136
4.32,22,42.890075
4.32,22,42.902684
4.32,22,42.911786
4.48,30,42.924872
4.32,22,42.934667
4.32,22,42.944822
4.4,26,42.956073
4.32,24,42.965777
4.39,28,42.977881
4.32,22,42.987333
4.32,22,42.996898
4.32,24,43.006971
4.32,22,43.017146
4.32,22,43.027232
4.32,22,43.036255
4.32,24,43.045926
4.31,22,43.054344
4.32,24,43.063522
4.32,22,43.072167
4.32,22,43.080483
4.32,24,43.089401
4.32,22,43.848626
4.32,22,43.860197
4.32,22,43.870331
4.32,22,43.879406
4.32,22,43.889997
4.32,22,43.899171
4.32,22,43.909684
4.32,22,43.919908
4.32,22,43.929181
4.32,22,43.940182
4.32,22,43.951377
4.32,22,43.961472
4.32,22,43.972926
4.4,26,43.985743
4.32,22,43.995784
4.32,22,44.00674
4.32,22,44.01871
4.32,22,44.029256
4.32,22,44.040298
4.39,26,44.05807
4.32,24,44.072381
4.32,22,44.084808
4.31,22,44.09631
4.32,22,44.114584
4.32,22,44.123809
4.32,22,44.133007
4.32,22,44.142388
4.32,22,44.15158
4.32,22,44.16075
4.32,22,44.170084
4.32,22,44.179281
4.32,22,44.188526
4.32,22,44.197676
4.32,22,44.206626
4.32,22,44.215542
4.32,22,44.224719
4.32,22,44.233667
4.24,24,44.243374
4.32,22,44.252926
4.32,22,44.262302
4.32,22,44.271541
4.32,22,44.280976
4.32,22,44.28997
4.32,22,44.299222
4.32,22,44.30833
4.32,22,44.317432
4.32,22,44.326369
4.32,22,44.33544
4.32,22,44.344009
4.32,22,44.352615
4.32,22,44.361632
4.32,22,44.370343
4.32,24,44.379929
4.39,26,44.390231
4.32,22,44.398917
4.32,22,44.40755
4.32,24,44.417178
4.32,22,44.425905
4.32,22,44.434774
4.32,22,44.448859
4.32,22,44.465342
4.32,22,44.479884
4.32,22,44.491904
4.32,22,44.501383
4.32,22,44.510597
4.24,22,44.519626
4.32,22,44.529699
4.32,22,44.538553
4.32,22,44.551213
4.32,22,44.560298
4.32,22,44.569262
4.32,22,44.578013
4.39,26,44.588184
4.32,22,44.5969
4.32,22,44.605603
4.32,22,44.614323
4.24,22,44.622999
4.39,26,44.633323
4.32,22,44.642135
4.32,22,44.65097
4.32,22,44.659643
4.32,22,44.668251
4.32,22,44.676903
4.31,26,44.687912
4.24,22,44.696623
4.32,22,44.705196
4.31,22,44.71366
4.32,22,44.72196
4.32,22,44.730278
4.32,22,44.738982
4.32,22,44.747792
4.32,22,44.756226
4.32,22,45.539107
4.38,26,45.550164
4.32,22,45.560097
4.32,22,45.571087
2.04,33,45.585711
4.32,22,45.596785
4.32,22,45.60739
4.24,22,45.618546
4.32,22,45.629944
4.32,22,45.639355
4.32,22,45.649416
4.32,22,45.659245
4.32,22,45.669192
4.32,22,45.680008
4.32,22,45.689023
4.32,22,45.699393
4.32,22,45.708615
4.32,22,45.719008
4.32,22,45.729754
4.32,26,45.740838
4.32,24,45.755068
4.32,22,45.765066
4.32,22,45.775456
4.32,22,45.784999
4.39,30,45.798233
4.32,22,45.807164
4.39,26,45.818718
4.32,22,45.829249
4.32,22,45.838226
4.39,26,45.848674
4.32,22,45.857466
4.32,22,45.86637
4.32,22,45.87515
4.32,24,45.884642
4.32,24,45.894125
4.48,30,45.905744
4.35,26,45.915787
4.4,26,45.925983
4.32,22,45.934767
4.32,22,45.943428
4.32,22,45.952028
4.4,26,45.962232
4.32,24,45.971556
4.39,26,45.9818
4.32,22,45.990441
4.32,22,45.999779
4.32,22,46.012529
4.32,22,46.02572
4.32,22,46.035285
4.32,22,46.043934
4.32,22,46.052478
4.32,22,46.060974
4.32,22,46.069467
4.32,22,46.078001
4.32,22,46.086619
4.32,24,46.096966
4.32,22,46.105534
4.32,22,46.114186
4.32,22,46.123007
4.32,22,46.131499
4.32,22,46.139952
4.4,26,46.150003
4.32,22,46.158454
4.32,22,46.170432
4.32,22,46.179083
4.32,22,46.188579
4.4,28,46.199306
4.32,22,46.207917
4.32,22,46.216543
4.32,22,46.225088
4.4,26,46.234768
4.32,22,46.24325
4.39,26,46.252827
4.32,22,46.261121
4.32,22,46.269378
4.32,22,46.278611
4.32,22,46.287003
4.32,22,46.29531
4.32,22,46.303668
4.32,22,46.312033
4.32,22,46.320482
4.32,22,46.328789
4.32,22,46.337217
4.32,22,46.345467
4.32,22,46.353819
4.32,22,46.362048
4.32,22,46.370505
4.32,22,46.379097
4.31,26,46.388934
4.32,22,47.032378
4.32,22,47.04176
4.32,24,47.053312
4.32,22,47.062989
4.32,22,47.072371
4.32,22,47.082711
4.4,26,47.094766
4.39,26,47.105866
4.32,22,47.115829
4.32,22,47.124595
4.32,22,47.133809
4.32,22,47.142553
4.47,28,47.15434
4.32,22,47.163602
4.32,22,47.172351
4.32,22,47.181345
4.32,22,47.191643
4.4,26,47.202618
4.39,26,47.216718
4.32,22,47.225313
4.32,22,47.234099
4.32,22,47.242845
4.32,22,47.251472
4.32,22,47.259996
4.32,22,47.268631
4.4,26,47.278857
4.4,26,47.288691
4.32,22,47.297253
4.32,22,47.305683
4.32,22,47.314147
4.39,26,47.32429
4.32,22,47.332716
4.32,22,47.341223
4.32,22,47.349681
4.32,22,47.358159
4.32,22,47.367128
4.32,22,47.379651
4.32,22,47.389863
4.4,26,47.402261
4.32,26,47.413872
4.32,22,47.422938
4.39,26,47.439015
4.32,22,47.461147
4.32,22,47.481221
4.32,22,47.498966
4.32,22,47.515185
4.39,26,47.535031
4.32,22,47.55425
4.32,22,47.573497
4.32,24,47.590915
4.39,26,47.60441
4.32,22,47.618611
4.39,26,47.637579
4.32,24,47.654014
4.32,22,47.67259
4.32,22,47.688481
4.4,26,47.70507
4.32,22,47.718814
4.32,22,47.730389
4.32,24,47.743864
1.05,33,47.761689
4.32,22,47.781773
4.32,22,47.792885
4.32,22,47.806576
4.4,26,47.822533
4.24,22,47.83578
4.32,22,47.850022
4.47,30,47.874373
4.32,22,47.888753
4.31,22,47.90345
4.32,22,47.916308
4.32,22,47.927581
4.32,22,47.939796
4.32,24,47.952833
4.32,22,47.966908
4.4,26,47.981369
4.32,22,47.993428
4.39,26,48.009161
4.32,22,48.023692
4.32,22,48.037136
4.32,22,48.050428
4.32,22,48.062842
4.32,24,48.079451
4.32,22,48.100518
4.32,22,48.116823
4.32,22,48.128501
4.32,22,48.144068
4.32,22,48.15829
4.39,24,49.529059
4.32,22,49.552439
4.32,22,49.573179
4.31,22,49.594576
4.32,22,49.619311
4.32,22,49.638839
4.32,22,49.656909
4.32,22,49.673054
4.39,26,49.693195
4.32,22,49.71141
4.32,22,49.733801
4.32,22,49.75631
4.32,22,49.780197
4.32,22,49.796307
4.32,22,49.813495
4.32,22,49.827706
4.32,22,49.84705
4.45,28,49.870193
4.23,22,49.886065
4.32,22,49.899251
4.32,22,49.913718
4.31,22,49.930027
4.32,22,49.942648
4.39,26,49.957282
4.32,22,49.975029
4.39,26,49.99499
4.31,22,50.013548
4.32,22,50.033057
4.32,22,50.049578
4.31,22,50.067527
4.32,22,50.086633
4.39,26,50.110279
4.23,22,50.130695
4.31,22,50.150355
4.32,22,50.167029
4.32,22,50.184286
4.32,22,50.202205
4.32,22,50.2245
4.32,22,50.237003
4.23,22,50.250097
4.32,22,50.263459
4.4,26,50.277581
4.32,22,50.292553
4.32,22,50.309021
4.32,22,50.326252
4.32,22,50.343623
4.32,22,50.357722
4.32,22,50.371037
4.32,22,50.385461
4.32,22,50.398017
1.35,33,50.417428
4.32,22,50.429529
1.39,33,50.446553
4.23,22,50.459929
4.38,26,50.47956
4.32,22,50.497183
4.32,24,50.517634
4.32,22,50.532133
4.32,22,50.544691
4.32,22,50.558864
4.32,22,50.578921
4.32,24,50.599889
4.32,22,50.619221
4.32,22,50.638099
4.3,26,50.65933
4.32,22,50.676822
4.32,22,50.695976
4.32,22,50.716256
4.32,22,50.737721
4.32,22,50.758573
4.32,24,50.780455
4.32,22,50.797807
4.32,22,50.815335
4.32,22,50.835083
4.31,22,50.853143
4.37,26,50.870097
4.39,26,50.890197
4.32,22,50.90617
4.32,22,50.923884
4.32,22,50.940709
4.4,26,50.962616
4.4,26,50.982069
4.32,22,51.001718
4.32,22,51.019045
4.32,22,51.033941
4.36,32,51.050763
4.32,22,51.062605
4.32,22,51.073173
4.32,22,51.089353
4.32,22,52.286098
4.32,22,52.299446
4.32,22,52.310846
4.32,24,52.327641
4.32,22,52.344368
4.37,32,52.362698
4.32,22,52.372743
4.32,22,52.383258
4.32,22,52.393245
4.31,22,52.40313
4.32,22,52.413608
4.32,22,52.423471
4.32,22,52.433181
4.32,22,52.443141
4.39,26,52.458836
4.39,26,52.474878
4.32,22,52.492069
4.32,22,52.508234
4.32,24,52.526881
4.47,30,52.543922
4.37,30,52.561828
4.32,22,52.57457
4.31,22,52.584704
4.32,22,52.598916
4.32,22,52.616539
4.32,22,52.634487
4.32,22,52.65291
4.37,26,52.664804
4.4,26,52.680381
4.39,26,52.698853
4.32,22,52.712874
4.32,22,52.724853
4.32,22,52.739681
4.39,26,52.757345
4.39,26,52.770711
4.32,22,52.784082
4.32,22,52.800934
4.32,22,52.820436
4.32,22,52.837681
4.32,22,52.856009
4.31,22,52.870786
4.32,22,52.885507
4.32,22,52.8962
4.32,22,52.906365
4.32,22,52.91689
4.32,24,52.93039
4.32,22,52.940269
4.32,22,52.949971
4.32,22,52.959502
4.32,22,52.970628
4.32,24,52.980926
4.31,22,52.990193
4.32,22,52.999703
4.37,30,53.011894
4.39,26,53.02273
4.32,22,53.033614
4.4,26,53.044312
4.32,22,53.059789
4.32,22,53.073232
4.31,22,53.084442
4.32,22,53.094889
4.32,22,53.106847
4.32,24,53.121034
4.32,22,53.131254
4.32,22,53.143658
4.32,24,53.155343
4.31,26,53.168864
4.32,22,53.183175
4.32,22,53.196057
4.32,22,53.207351
4.24,22,53.219076
4.32,22,53.232028
4.32,22,53.244558
4.32,22,53.257783
4.32,24,53.269749
4.32,22,53.279973
4.32,22,53.294469
4.31,22,53.309545
4.32,22,53.324948
4.32,22,53.342184
4.31,22,53.357344
4.31,22,53.372377
4.32,22,53.39205
4.32,24,53.408842
4.32,22,53.423894
4.32,22,53.437484
4.32,22,53.451139
4.32,22,53.469787
4.32,22,53.487101
4.32,22,54.228579
1.42,33,54.2479
4.32,22,54.260846
4.32,22,54.272207
4.32,24,54.283926
4.32,22,54.292908
4.32,22,54.301956
4.32,24,54.313874
4.32,22,54.324262
4.32,22,54.333811
4.32,22,54.342441
4.32,22,54.351068
4.32,22,54.362975
4.32,22,54.374364
4.32,22,54.387158
4.31,22,54.395889
4.32,22,54.407112
4.32,26,54.421079
4.32,22,54.439316
4.32,22,54.449353
4.4,26,54.461412
4.32,22,54.479712
4.32,22,54.499135
4.32,22,54.51371
4.32,22,54.526719
4.32,22,54.536555
4.32,22,54.546008
4.32,22,54.555835
4.32,24,54.567494
4.32,24,54.579179
4.32,22,54.589783
4.32,22,54.604102
4.24,24,54.617063
4.32,22,54.635059
4.24,28,54.648592
4.32,24,54.662773
4.31,22,54.674506
4.24,22,54.685197
4.32,24,54.695937
4.32,22,54.707239
4.32,22,54.717679
4.31,28,54.729995
4.32,22,54.746789
4.24,24,54.763733
4.32,22,54.776547
4.32,22,54.792883
4.32,22,54.804217
4.32,22,54.815673
4.32,22,54.825828
4.32,22,54.836145
4.32,24,54.84656
4.24,24,54.856931
4.32,22,54.866448
4.32,22,54.876388
4.32,22,54.885733
4.32,22,54.895257
4.32,22,54.909095
4.24,24,54.919533
4.32,22,54.928902
4.32,22,54.9382
4.32,22,54.947368
4.32,24,54.957309
4.32,22,54.96717
4.32,22,54.976338
4.32,22,54.987431
4.32,22,54.996807
4.3,24,55.008241
4.24,24,55.018445
4.24,24,55.029303
4.32,22,55.038831
4.24,24,55.04878
4.32,22,55.060384
4.32,22,55.069889
4.32,22,55.079058
4.32,22,55.087906
4.32,22,55.09707
4.32,22,55.106032
4.32,22,55.116538
4.32,22,55.12568
4.32,24,55.135799
4.32,22,55.145163
4.32,22,55.155599
4.32,22,55.165168
4.39,26,55.176062
4.32,24,55.186821
4.32,22,55.195746
4.32,22,55.206097
4.32,24,55.216866
4.32,22,55.226315
4.32,22,55.236383
4.32,26,55.961479
4.32,22,55.971647
4.32,22,55.981027
4.32,22,55.990949
4.32,22,56.001528
4.32,22,56.011554
4.32,22,56.0238
4.3,24,56.034557
4.32,22,56.044228
4.32,22,56.05338
4.32,22,56.065924
4.32,22,56.075233
4.32,22,56.084355
4.39,26,56.094655
4.32,22,56.103512
4.32,22,56.113303
4.32,22,56.122715
4.32,22,56.131759
4.32,22,56.140816
4.32,22,56.150001
4.32,22,56.158877
4.32,22,56.167739
4.31,22,56.176469
4.32,22,56.185338
4.32,22,56.193891
4.32,22,56.203392
4.32,22,56.211902
4.39,26,56.222127
4.32,22,56.23074
4.32,22,56.239245
4.32,22,56.247785
4.32,22,56.256663
4.32,22,56.265282
4.32,22,56.274297
4.46,30,56.285993
4.32,22,56.294766
4.31,22,56.303836
4.32,22,56.317121
4.32,22,56.332064
4.39,26,56.348547
4.32,22,56.365877
4.32,22,56.381706
4.32,22,56.39897
4.32,22,56.414468
4.32,22,56.427074
4.32,28,56.445976
4.32,22,56.460852
4.32,22,56.475465
4.32,22,56.491532
4.39,26,56.510449
4.32,22,56.525542
4.32,22,56.540625
4.32,22,56.556839
4.46,30,56.576064
4.32,22,56.595655
4.32,22,56.61018
4.32,22,56.624817
4.32,22,56.636313
4.32,24,56.648043
4.32,22,56.658098
4.32,22,56.668154
4.39,26,56.679467
4.32,22,56.68938
4.47,30,56.703619
4.32,22,56.714069
4.46,30,56.732338
4.32,22,56.745887
4.39,26,56.760581
4.32,22,56.773522
4.32,22,56.78586
4.39,26,56.800828
4.32,22,56.813654
4.32,22,56.82652
4.31,24,56.840278
4.32,22,56.853541
4.4,26,56.871242
4.32,22,56.885895
4.32,22,56.90159
4.32,22,56.916877
4.32,22,56.931871
4.32,22,56.947406
4.32,22,56.959683
4.32,22,56.970177
4.37,28,56.983026
4.32,22,56.993774
4.32,22,57.004588
4.32,22,57.014921
4.32,22,57.026881
4.32,22,57.037278
4.32,22,58.053859
4.32,22,58.073195
4.39,26,58.090423
4.32,22,58.106948
4.32,22,58.124235
4.46,32,58.146651
4.32,22,58.161858
4.32,22,58.177318
4.32,22,58.204551
4.32,22,58.219074
4.32,22,58.233732
4.32,22,58.248179
4.32,22,58.259911
2.02,33,58.276193
4.32,22,58.287326
4.39,28,58.300556
4.46,30,58.314165
4.32,22,58.325458
4.32,22,58.335857
4.32,22,58.346037
4.32,22,58.357041
4.39,28,58.370063
4.39,26,58.384204
4.4,26,58.401265
4.32,22,58.41467
4.32,22,58.425975
4.39,26,58.440009
4.32,22,58.454075
4.32,22,58.46839
4.4,26,58.484886
4.32,22,58.502097
4.47,30,58.522014
4.32,22,58.533963
4.32,22,58.544596
4.32,22,58.556753
4.32,22,58.570314
4.32,22,58.58236
4.32,22,58.595559
4.32,22,58.607179
4.32,22,58.618032
4.39,26,58.630311
4.32,22,58.641784
4.39,26,58.653964
4.32,22,58.664226
4.39,26,58.678069
4.32,22,58.688434
4.32,24,58.699381
4.39,26,58.712291
4.32,22,58.722691
4.32,22,58.733401
2.02,33,58.763736
4.32,22,58.779629
4.32,22,58.795427
4.32,22,58.810793
4.32,22,58.829198
4.32,22,58.844632
4.32,22,58.860112
4.32,22,58.875986
4.4,26,58.894024
4.32,22,58.91025
4.32,22,58.928223
4.32,22,58.939775
4.32,22,58.950396
4.32,22,58.96207
4.32,22,58.973535
4.32,22,58.984753
2.02,33,59.001503
4.32,22,59.012882
4.39,26,59.027898
4.46,30,59.042246
4.31,22,59.053088
4.32,22,59.065857
4.23,22,59.077698
4.32,22,59.089791
4.32,22,59.101506
4.32,22,59.115259
4.32,22,59.12947
4.46,30,59.146167
4.32,22,59.161846
2.03,33,59.186368
4.32,22,59.206439
4.39,26,59.225623
4.46,30,59.248104
4.39,26,59.267235
4.32,22,59.283605
4.32,22,59.298642
4.32,22,60.612167
4.39,26,60.628175
4.32,22,60.643927
4.32,22,60.65936
4.32,22,60.675312
4.32,22,60.691972
4.32,22,60.715464
4.32,22,60.731821
4.39,28,60.752914
4.32,22,60.769939
4.4,28,60.789891
4.32,22,60.807505
4.32,24,60.826895
4.32,22,60.844357
4.32,22,60.860024
4.32,22,60.87723
4.47,30,60.897381
4.39,26,60.916295
4.32,22,60.934478
4.32,22,60.949578
4.32,22,60.964701
4.46,30,60.981582
4.32,22,60.995058
4.32,22,61.009319
4.32,22,61.021578
4.32,22,61.035711
4.32,22,61.049022
4.32,22,61.062174
4.32,22,61.077265
4.32,22,61.09112
4.32,22,61.103215
4.32,22,61.114941
4.32,22,61.130975
4.4,26,61.146141
4.32,22,61.158273
4.32,22,61.172128
4.39,26,61.190084
4.32,22,61.209023
4.32,22,61.227356
4.24,22,61.244893
4.32,22,61.264066
4.32,22,61.282671
4.32,22,61.305002
4.32,22,61.326603
4.32,22,61.345431
4.39,26,61.36766
4.32,22,61.387094
2.04,33,61.408715
4.32,22,61.422328
4.39,26,61.450466
4.32,22,61.466523
4.39,26,61.481433
4.32,22,61.4968
4.39,26,61.517609
4.32,22,61.534732
4.32,22,61.553779
4.32,22,61.573087
4.32,22,61.586518
4.32,22,61.599544
4.32,22,61.616024
4.32,22,61.629888
4.32,22,61.645732
4.32,22,61.664095
4.46,30,61.687906
4.32,22,61.702593
4.32,22,61.715677
4.39,28,61.732895
4.32,22,61.746153
4.46,30,61.769073
4.32,22,61.786978
4.32,22,61.805689
4.32,22,61.824129
4.32,22,61.839778
4.32,22,61.85113
4.37,26,61.871025
4.39,26,61.896739
4.32,22,61.917047
4.4,26,61.93739
4.48,30,61.961464
4.32,22,61.980249
4.32,22,61.998751
4.47,30,62.024016
4.32,22,62.043046
4.32,22,62.061783
4.32,24,62.080897
4.32,22,62.097718
4.32,22,62.113161
4.46,30,63.259528
4.32,22,63.274675
4.32,22,63.290156
4.32,22,63.305338
4.32,22,63.324943
4.32,22,63.339076
4.32,22,63.352951
4.32,22,63.366488
4.32,22,63.380003
4.32,22,63.393787
4.32,22,63.407285
4.32,22,63.420893
4.32,24,63.435507
4.32,22,63.449137
4.32,22,63.462478
4.32,22,63.475526
4.32,22,63.488629
4.32,22,63.50181
4.32,22,63.515871
4.32,22,63.530588
4.32,22,63.545468
4.32,22,63.558903
4.32,22,63.572247
4.32,22,63.585716
4.32,22,63.599517
4.32,22,63.612896
4.32,22,63.626313
4.4,26,63.642181
4.32,22,63.65536
4.32,22,63.668229
4.39,26,63.683239
4.32,22,63.696131
4.32,22,63.709132
4.32,22,63.721916
4.32,22,63.735065
4.32,22,63.748268
4.32,22,63.761236
4.32,24,63.775455
4.32,22,63.791037
4.32,22,63.805399
4.32,22,63.820043
4.32,22,63.835551
4.32,22,63.850696
4.32,22,63.864923
4.39,26,63.880631
4.32,22,63.894318
4.32,22,63.908162
4.32,22,63.921616
4.32,22,63.936006
4.32,22,63.956832
4.32,22,63.971727
4.32,22,63.986427
4.39,26,64.003991
4.32,22,64.018108
4.32,24,64.033198
4.32,22,64.048927
4.32,22,64.060685
4.32,22,64.07046
4.32,22,64.083565
4.32,22,64.095035
4.32,22,64.105478
4.32,22,64.115349
4.32,22,64.126943
4.32,22,64.137613
4.32,22,64.147568
4.32,22,64.157422
4.32,22,64.167429
4.32,22,64.177855
4.32,22,64.189351
4.32,22,64.203735
4.32,22,64.215121
4.32,22,64.226187
4.32,22,64.236812
4.32,22,64.247646
4.32,22,64.260259
4.24,24,64.2733
4.23,24,64.287403
4.39,26,64.300108
4.32,22,64.310814
4.32,22,64.32123
4.47,30,64.335446
4.32,22,64.346622
4.32,22,64.357857
4.32,22,64.368289
4.39,26,64.380585
4.32,22,64.391077
4.32,22,64.401056
4.32,22,64.41236
4.32,24,64.423351
4.32,22,64.433222
4.32,22,64.443491
4.32,22,65.417652
4.32,22,65.431174
4.32,22,65.450916
4.32,22,65.468127
4.22,22,65.482669
4.32,22,65.496652
4.32,22,65.511228
4.32,22,65.525268
4.32,22,65.539346
4.32,22,65.55382
4.32,22,65.566112
4.32,22,65.578946
4.32,22,65.591644
4.32,22,65.601379
4.32,22,65.614746
4.39,26,65.628963
4.32,22,65.642081
4.32,22,65.653449
4.32,22,65.66453
4.32,22,65.67689
4.24,26,65.69098
4.32,22,65.70063
4.32,22,65.713554
4.32,22,65.726355
4.39,26,65.739999
4.32,22,65.750287
4.32,22,65.763286
4.32,22,65.776531
4.32,22,65.787415
4.32,22,65.798668
4.32,22,65.810493
4.32,22,65.822743
4.39,26,65.836262
4.32,22,65.849116
4.32,22,65.863377
4.32,22,65.885807
4.32,22,65.903451
4.32,22,65.91372
4.32,22,65.924286
4.32,22,65.934328
4.24,22,65.944394
4.32,22,65.954412
4.3,22,65.964592
4.39,26,65.976348
4.32,22,65.98651
4.32,22,65.996808
4.32,22,66.011259
4.32,22,66.025513
4.32,22,66.03726
4.32,22,66.047983
4.32,22,66.058085
4.32,22,66.069009
4.32,22,66.079804
4.32,22,66.090058
4.32,22,66.100002
4.32,22,66.110484
4.32,22,66.120243
4.32,22,66.130139
4.32,22,66.139842
4.32,22,66.15044
4.32,22,66.160703
4.32,22,66.170956
4.32,22,66.181406
4.32,22,66.192408
4.32,22,66.2023
4.39,26,66.215526
4.32,22,66.226794
4.32,24,66.238936
4.39,26,66.252127
4.32,22,66.263468
4.32,22,66.273557
4.32,22,66.285739
4.32,22,66.297477
4.32,22,66.306818
4.32,22,66.317201
4.32,24,66.327439
4.32,22,66.336593
4.32,22,66.346015
4.32,22,66.354971
4.32,22,66.364234
4.32,22,66.373215
4.32,24,66.383568
4.32,22,66.393049
4.32,22,66.402692
4.32,22,66.411515
4.32,22,66.42075
4.32,22,66.430176
4.32,22,66.439955
4.32,22,66.448704
4.32,22,66.458274
4.32,22,66.466971
4.32,22,66.479942
4.32,22,67.215927
4.32,22,67.224649
4.32,24,67.23394
4.32,22,67.242361
4.32,22,67.250737
4.32,22,67.25906
4.32,22,67.267596
4.32,22,67.276348
4.32,22,67.285449
4.32,24,67.294726
4.32,22,67.303229
4.32,22,67.311549
4.32,22,67.319691
4.32,22,67.327775
4.32,22,67.336018
4.32,22,67.344129
4.32,22,67.352335
4.32,22,67.360444
4.32,22,67.368602
4.32,22,67.377346
4.39,26,67.386929
4.32,22,67.395113
4.32,22,67.403323
4.32,22,67.411474
4.32,22,67.419734
4.39,26,67.429186
4.32,22,67.437357
4.32,26,67.446903
4.32,22,67.455166
4.32,22,67.463324
4.32,22,67.471549
4.32,22,67.479658
4.32,22,67.487807
4.32,22,67.495914
4.32,22,67.503917
4.32,22,67.511757
4.32,22,67.519752
4.32,22,67.527844
4.32,22,67.535822
4.32,22,67.543687
4.32,22,67.551794
4.32,22,67.559594
4.32,22,67.568009
4.32,22,67.575987
4.32,22,67.587531
4.32,22,67.596976
4.32,22,67.60585
4.32,22,67.614275
4.32,22,67.622099
4.32,22,67.63007
4.4,26,67.639393
4.32,22,67.647408
4.32,22,67.655331
4.32,22,67.663371
4.32,22,67.671269
4.32,22,67.679302
4.32,22,67.687288
4.32,22,67.695339
4.32,22,67.703233
4.32,22,67.711292
4.32,22,67.719203
4.32,22,67.727261
4.32,22,67.735127
4.32,24,67.743749
4.32,24,67.752319
4.32,22,67.760269
4.32,22,67.768125
4.32,22,67.776813
4.32,22,67.784823
4.4,26,67.794268
4.32,22,67.802483
4.32,22,67.810463
4.32,22,67.818349
4.32,22,67.826309
4.32,24,67.834994
4.32,22,67.842958
4.32,22,67.850845
4.32,22,67.860573
4.32,22,67.881694
4.32,22,67.889927
4.32,22,67.898132
4.32,22,67.906231
4.32,22,67.914403
4.32,22,67.922597
4.32,22,67.930763
4.32,22,67.938789
4.32,22,67.946944
4.32,22,67.955028
4.32,22,67.963177
4.32,22,67.975178
4.32,22,67.98505
4.32,22,67.993557
4.32,22,68.545527
4.32,22,68.553712
4.32,22,68.561839
4.32,22,68.570057
4.32,22,68.578227
4.32,22,68.586397
4.32,22,68.594416
4.32,22,68.602584
4.32,22,68.610576
4.32,22,68.618647
4.32,22,68.62695
4.32,22,68.635091
4.32,22,68.643229
4.32,22,68.651357
4.32,22,68.659447
4.32,22,68.66759
4.32,22,68.675479
4.32,22,68.683443
4.39,26,68.69259
4.32,22,68.700582
4.32,22,68.708448
4.32,22,68.716405
4.32,22,68.724283
4.32,22,68.732221
4.32,22,68.740146
4.32,22,68.748066
4.32,22,68.755913
4.39,26,68.765158
4.32,22,68.773336
4.32,22,68.781481
4.32,22,68.789356
4.32,22,68.797632
4.32,22,68.805828
4.32,22,68.813802
4.32,22,68.821714
4.32,22,68.829669
4.32,24,68.838279
4.32,22,68.846183
4.32,22,68.854122
4.32,22,68.869458
4.32,22,68.883884
4.32,22,68.891994
4.32,22,68.903748
4.32,22,68.913697
4.32,24,68.924148
4.32,22,68.932387
4.32,22,68.940801
4.32,22,68.94892
4.32,22,68.957192
4.32,22,68.965229
4.32,22,68.973343
4.32,22,68.981543
4.39,26,68.991079
4.32,22,68.999173
4.32,22,69.007351
4.32,22,69.015519
4.32,22,69.024059
4.32,22,69.032301
4.32,22,69.040435
4.32,22,69.048648
4.32,22,69.05679
4.32,22,69.064994
4.32,22,69.073022
4.32,22,69.081489
4.32,22,69.089724
4.32,22,69.098065
4.32,22,69.106297
4.32,22,69.11461
4.32,22,69.122767
4.32,22,69.13133
4.32,22,69.139453
4.32,22,69.147613
4.32,22,69.155769
4.32,22,69.163913
4.32,22,69.171943
4.32,22,69.180109
4.32,22,69.188157
4.32,22,69.196307
4.4,26,69.205581
4.32,22,69.213603
4.32,22,69.221532
4.32,22,69.229566
4.32,22,69.237429
4.32,22,69.245364
4.32,22,69.254957
4.32,22,69.264459
4.32,22,69.273038
4.32,22,69.285417
4.32,22,69.29577
4.32,22,69.303959
4.32,22,69.312365
4.32,22,69.320735
4.46,30,69.894652
4.32,22,69.903096
4.32,22,69.911446
4.32,22,69.919883
4.32,22,69.92822
4.32,22,69.936423
4.32,22,69.94472
4.32,22,69.952898
4.32,22,69.96099
4.32,22,69.968959
4.39,26,69.978747
4.39,26,69.988167
4.32,22,69.99644
4.39,26,70.005854
4.4,26,70.015281
4.32,22,70.023635
4.46,30,70.034644
4.47,30,70.045429
4.32,22,70.053566
4.4,26,70.062983
4.46,30,70.073747
4.39,26,70.083203
4.39,26,70.092691
4.32,22,70.10078
4.32,22,70.108963
4.46,30,70.11969
4.32,22,70.127805
4.39,26,70.137288
4.32,22,70.145373
4.39,26,70.154824
4.32,22,70.162936
4.46,30,70.173635
4.39,26,70.182851
4.32,22,70.190824
4.4,26,70.199995
4.32,22,70.207993
4.32,22,70.223616
4.47,30,70.23609
4.32,22,70.244282
4.32,22,70.252178
4.32,22,70.260861
4.32,22,70.268909
4.32,22,70.277772
4.47,30,70.288589
4.32,22,70.296824
4.39,26,70.306334
4.32,22,70.314523
4.4,26,70.323942
4.39,26,70.333403
4.32,22,70.341457
4.39,26,70.350692
4.46,30,70.361276
4.48,30,70.371737
4.32,22,70.379839
2.02,33,70.391279
4.32,22,70.400266
4.4,26,70.410514
4.46,30,70.421805
4.39,26,70.431376
4.32,22,70.439521
4.32,22,70.447426
4.32,22,70.45542
4.46,30,70.465948
4.39,28,70.476064
4.32,22,70.484143
4.39,26,70.493339
4.46,30,70.503829
4.4,26,70.51304
4.32,22,70.520991
2.04,33,70.532902
4.39,26,70.544066
4.4,26,70.553492
4.32,22,70.562762
4.32,22,70.570881
4.32,22,70.579298
4.39,26,70.588774
4.46,30,70.604272
4.39,26,70.614827
4.4,26,70.624458
4.32,22,70.632823
4.32,22,70.641011
4.32,22,70.649397
4.32,22,71.228229
4.4,26,71.237796
4.32,22,71.245853
4.39,26,71.255495
4.32,22,71.263633
4.32,22,71.271872
4.39,26,71.281406
4.39,26,71.29099
4.46,30,71.301767
4.32,22,71.310291
4.39,26,71.319646
4.32,22,71.32785
4.32,24,71.336633
4.32,22,71.344753
4.32,22,71.352911
4.46,30,71.363816
4.32,22,71.371966
4.39,26,71.381547
4.46,30,71.392452
4.39,26,71.401869
4.32,22,71.410036
4.32,22,71.417921
4.32,22,71.425836
4.32,22,71.433805
4.4,26,71.443105
4.32,22,71.450997
4.32,22,71.459008
4.32,22,71.467129
4.32,22,71.475114
4.32,22,71.483432
4.32,22,71.491446
4.4,26,71.500659
4.32,22,71.508707
4.32,22,71.516627
4.32,22,71.524897
4.32,22,71.53579
4.46,30,71.548084
2.04,33,71.561237
4.32,22,71.569409
4.32,22,71.579232
4.39,26,71.589324
4.32,22,71.59821
4.39,26,71.608343
2.02,33,71.620064
4.46,30,71.631313
4.32,22,71.640391
4.32,22,71.648773
4.32,22,71.658648
4.32,22,71.666936
4.32,22,71.675732
4.32,22,71.683931
4.32,22,71.69213
4.39,26,71.701513
4.32,22,71.709804
4.39,26,71.719234
4.32,22,71.727374
4.47,30,71.738248
4.39,26,71.747768
4.32,22,71.755928
4.32,22,71.764057
4.32,22,71.772264
4.32,22,71.780487
4.32,24,71.789165
4.32,22,71.797001
4.32,22,71.805044
4.32,22,71.812928
4.39,26,71.822684
4.32,22,71.830641
4.32,22,71.838746
4.39,26,71.847987
4.32,22,71.856044
4.46,30,71.875555
4.32,22,71.887512
4.39,26,71.897179
4.32,22,71.905603
4.32,22,71.913882
4.32,22,71.922204
4.32,22,71.933624
4.39,26,71.944947
4.39,26,71.955227
4.32,22,71.963439
4.32,22,71.972202
4.32,22,71.980493
4.32,22,71.988788
4.32,22,71.996888
4.32,22,72.005057
4.32,22,72.557842
4.32,22,72.566166
4.32,22,72.574385
4.32,22,72.582503
4.39,26,72.592039
4.32,22,72.600111
4.32,22,72.608385
4.32,22,72.616434
4.32,22,72.624582
4.39,26,72.634028
4.32,22,72.64254
4.32,22,72.650686
4.32,22,72.65882
4.39,26,72.668328
4.32,22,72.67654
4.32,22,72.684804
4.32,22,72.693043
4.39,26,72.702346
4.32,22,72.710384
4.32,22,72.718154
4.32,22,72.726049
4.32,22,72.733999
4.32,22,72.74197
4.32,22,72.749896
4.32,22,72.757886
4.32,22,72.765806
4.32,22,72.774412
4.32,22,72.782542
4.32,22,72.790523
4.32,22,72.798458
4.32,22,72.806432
4.32,22,72.814227
4.46,30,72.824668
4.32,22,72.832592
4.32,22,72.840799
4.32,22,72.852087
4.32,22,72.863334
4.32,22,72.87843
4.32,22,72.894243
4.32,22,72.902592
4.4,26,72.912394
4.32,22,72.920727
4.32,22,72.929232
4.32,22,72.937482
4.32,22,72.945822
4.32,22,72.954256
4.32,22,72.962501
4.32,22,72.970575
4.32,22,72.978711
4.32,22,72.986704
4.32,22,72.994777
4.32,22,73.002847
4.32,22,73.010963
4.32,22,73.019052
4.32,22,73.027371
4.39,26,73.036751
4.32,22,73.044866
4.32,22,73.05302
4.32,22,73.061131
4.32,22,73.069237
4.32,22,73.077394
4.32,22,73.085684
4.32,22,73.093893
4.32,22,73.102039
4.32,22,73.110206
4.32,22,73.118275
4.39,26,73.127775
4.32,22,73.135914
4.39,26,73.145714
4.32,22,73.153845
4.39,26,73.163295
4.32,22,73.171423
4.32,22,73.179514
4.39,26,73.188977
4.32,22,73.196985
4.39,26,73.206233
4.32,22,73.214037
4.32,22,73.221998
4.32,22,73.229801
4.32,22,73.241003
4.32,22,73.250975
4.32,22,73.260394
4.32,22,73.268496
4.32,22,73.277189
4.32,22,73.285325
4.32,22,73.293617
4.32,22,73.301661
4.32,22,73.310029
4.46,30,73.320678
4.32,22,73.328782
4.32,22,73.89754
4.32,24,73.906926
4.32,22,73.915166
4.32,22,73.923383
4.32,22,73.931574
4.32,22,73.939712
4.32,22,73.947942
4.32,22,73.956082
4.32,22,73.964238
4.39,26,73.973628
4.32,22,73.982231
4.32,22,73.990336
4.32,22,73.998488
4.32,22,74.00654
4.32,22,74.014712
4.32,22,74.022831
4.32,22,74.031438
4.32,22,74.039616
4.32,22,74.047871
4.32,22,74.055962
4.39,26,74.065432
4.32,22,74.07351
4.32,22,74.081681
4.32,22,74.090106
4.32,22,74.098181
4.32,22,74.106323
4.32,22,74.114485
4.32,22,74.122624
4.39,26,74.132077
4.32,22,74.140331
4.32,22,74.14854
4.32,22,74.156453
4.32,22,74.164424
4.32,22,74.172299
4.32,22,74.184254
4.32,22,74.193658
4.32,22,74.202352
4.32,22,74.21073
4.32,22,74.218897
4.32,22,74.227342
4.32,22,74.235463
4.32,22,74.243699
4.32,22,74.25342
4.32,22,74.26286
4.32,22,74.271379
4.32,22,74.279849
4.32,22,74.288
4.32,22,74.296336
4.32,22,74.304562
4.32,22,74.312863
4.32,22,74.321018
4.32,22,74.329243
4.32,22,74.337353
4.32,22,74.345555
4.32,22,74.353724
4.32,22,74.361926
4.32,22,74.37012
4.32,22,74.378352
4.32,22,74.386354
4.32,22,74.394517
4.32,22,74.402438
4.32,22,74.410455
4.39,26,74.419713
4.39,26,74.428997
4.32,22,74.436975
4.32,22,74.444898
4.32,22,74.452818
4.32,22,74.46077
4.32,22,74.468656
4.32,22,74.477009
4.32,24,74.48596
4.32,22,74.49396
4.32,22,74.501879
4.32,22,74.509856
4.32,22,74.517767
4.32,22,74.525985
4.32,22,74.533942
4.32,22,74.541984
4.32,22,74.549933
4.32,22,74.56186
4.32,22,74.570774
4.32,22,74.57978
4.31,22,74.587898
4.32,22,74.59582
4.32,22,74.603857
4.32,22,74.61191
4.32,22,74.619833
4.32,22,74.627787
4.32,22,74.635706
4.32,22,74.643665
4.32,22,74.651588
4.32,22,74.659585
4.32,22,75.231514
4.32,22,75.239815
4.32,22,75.248087
4.32,22,75.256237
4.32,22,75.264355
4.32,22,75.272714
4.32,22,75.281318
4.32,22,75.289474
4.32,22,75.297645
4.32,22,75.305795
4.39,26,75.315646
4.32,22,75.323827
4.32,22,75.332011
4.32,22,75.340153
4.32,22,75.348418
4.32,24,75.357341
4.32,22,75.36564
4.32,22,75.37375
4.32,22,75.381987
4.32,22,75.390105
4.32,22,75.398192
4.32,24,75.406893
4.32,22,75.415059
4.32,22,75.423209
4.24,22,75.431304
4.32,22,75.439429
4.32,22,75.447604
4.32,22,75.455569
4.32,22,75.463573
4.32,22,75.47149
4.32,22,75.479444
4.32,22,75.487381
4.32,22,75.499251
4.32,22,75.508444
4.32,22,75.517353
4.32,22,75.525861
4.39,26,75.535452
4.32,22,75.543769
4.32,22,75.551981
4.32,22,75.560437
4.32,22,75.568527
4.32,22,75.576638
4.32,22,75.58468
4.32,22,75.592726
4.32,24,75.601332
4.32,22,75.609443
4.32,22,75.617362
4.32,22,75.625376
4.32,22,75.633328
4.32,22,75.641382
4.32,22,75.649203
4.32,22,75.657189
4.32,22,75.66508
4.32,26,75.674361
4.32,22,75.682496
4.32,22,75.690599
4.32,22,75.698545
4.32,22,75.706633
4.32,22,75.714488
4.32,22,75.722504
4.32,22,75.730394
4.32,22,75.738413
4.39,26,75.747655
4.32,22,75.75562
4.32,22,75.763987
4.32,22,75.77199
4.32,22,75.780215
4.32,22,75.788302
4.32,22,75.796151
4.32,22,75.804077
4.32,22,75.812157
4.32,22,75.820265
4.32,22,75.828256
4.32,22,75.836244
4.32,22,75.844235
4.32,22,75.852037
4.32,22,75.864784
4.32,22,75.891244
4.32,22,75.899642
4.32,22,75.908045
4.32,22,75.916408
4.32,22,75.924518
4.32,22,75.932671
4.32,22,75.940823
4.32,22,75.948999
4.32,22,75.957058
4.32,24,75.965984
4.32,22,75.974115
4.24,22,75.982294
4.32,22,75.990353
4.31,26,75.999841
4.32,22,76.007989
4.32,24,76.562701
4.32,22,76.571006
4.32,22,76.579364
4.32,22,76.58752
4.32,22,76.595738
4.32,22,76.60389
4.32,22,76.612023
4.32,22,76.62002
4.32,22,76.628043
4.32,22,76.635953
4.32,22,76.644109
4.32,22,76.65206
4.32,22,76.660003
4.32,22,76.668115
4.32,22,76.676101
4.32,22,76.683994
4.32,22,76.691941
4.32,22,76.699939
4.32,22,76.707899
4.32,22,76.715849
4.39,26,76.724977
4.32,22,76.732981
4.32,22,76.740831
4.32,22,76.74881
4.32,22,76.756672
4.32,22,76.764638
4.39,26,76.774113
4.32,22,76.78213
4.32,22,76.790127
4.32,22,76.801441
4.32,22,76.811939
4.32,22,76.820208
4.39,26,76.829711
4.32,22,76.838179
4.32,22,76.846433
4.32,22,76.854404
4.32,22,76.86263
4.32,22,76.882783
4.32,22,76.893523
4.32,22,76.901866
4.32,22,76.910371
4.32,22,76.918691
4.32,22,76.927062
4.32,22,76.935366
4.32,22,76.943595
4.32,22,76.951731
4.32,22,76.959916
4.32,24,76.968714
4.32,22,76.976925
4.32,22,76.984933
4.39,26,76.994584
4.32,22,77.002671
4.32,22,77.010856
4.32,22,77.018987
4.32,24,77.02814
4.32,22,77.0363
4.32,22,77.044476
4.32,22,77.052501
4.32,22,77.060705
4.32,22,77.068809
4.32,22,77.076924
4.39,26,77.086567
4.32,22,77.094699
4.32,22,77.10282
4.32,22,77.11094
4.32,22,77.119134
4.32,22,77.127426
4.32,22,77.135534
4.32,22,77.143778
4.32,22,77.152197
4.32,22,77.16036
4.32,22,77.168419
4.32,22,77.176582
4.32,22,77.184572
4.32,22,77.196224
4.32,22,77.205829
4.32,22,77.215037
4.32,22,77.223427
4.32,22,77.231536
4.32,22,77.239877
4.32,22,77.247983
4.32,22,77.256193
4.32,22,77.264297
4.32,22,77.272479
4.32,22,77.281241
4.32,22,77.289442
4.32,22,77.297467
4.32,22,77.305395
4.32,22,77.313235
4.32,22,77.321118
4.32,22,77.329161
4.32,22,77.33699
4.32,22,77.909549
4.32,22,77.917861
4.32,22,77.92607
4.32,22,77.93422
4.32,22,77.942323
4.32,22,77.950453
4.32,22,77.958624
4.32,22,77.9667
4.32,22,77.974771
4.32,22,77.982884
4.32,22,77.991281
4.32,22,77.999379
4.32,24,78.008262
4.32,22,78.016359
4.39,26,78.026188
4.32,22,78.034401
4.32,22,78.042583
4.32,22,78.050713
4.32,22,78.058929
4.32,22,78.067045
4.32,22,78.075247
4.32,22,78.083687
4.32,22,78.0922
4.32,22,78.100344
4.32,22,78.108615
4.32,22,78.116717
4.32,22,78.124874
4.32,22,78.136399
4.32,22,78.146023
4.32,22,78.15424
4.39,26,78.164674
4.32,22,78.172914
4.32,22,78.181131
4.32,22,78.189395
4.32,22,78.197553
4.32,22,78.205699
4.32,22,78.213932
4.32,22,78.22207
4.32,22,78.230188
4.32,22,78.238454
4.32,22,78.246596
4.32,22,78.254779
4.24,22,78.262864
4.32,22,78.270799
4.39,26,78.280393
4.32,22,78.288372
4.32,22,78.296413
4.32,22,78.304368
4.32,22,78.312304
4.32,22,78.320175
4.32,24,78.328756
4.32,22,78.336602
4.32,24,78.345138
4.32,22,78.353049
4.32,22,78.361008
4.32,22,78.368893
4.32,22,78.376791
4.32,22,78.384636
4.32,22,78.392509
4.32,22,78.400421
4.32,22,78.408264
4.32,22,78.416171
4.46,30,78.426685
4.32,22,78.434529
4.32,22,78.442286
4.32,22,78.450133
4.32,22,78.45792
4.32,22,78.465796
4.32,22,78.473606
4.32,22,78.481498
4.32,22,78.489556
4.32,22,78.497794
4.32,22,78.509634
4.32,22,78.51949
4.32,22,78.528076
4.32,22,78.536934
4.32,22,78.544989
4.32,22,78.552969
4.32,22,78.560904
4.32,22,78.568714
4.32,22,78.576585
4.32,22,78.584457
4.32,22,78.592387
4.32,22,78.600267
4.32,22,78.608234
4.32,22,78.616044
4.32,22,78.624017
4.32,22,78.631887
4.32,22,78.639892
4.32,22,78.647741
4.32,22,78.655677
4.32,22,78.663588
4.32,22,79.236969
4.32,22,79.245444
4.32,22,79.255013
4.32,22,79.264758
4.32,22,79.273468
4.39,26,79.283266
4.32,22,79.291494
4.39,26,79.30093
4.32,22,79.309165
4.32,22,79.317609
4.32,22,79.325828
4.32,22,79.333987
4.46,30,79.344783
4.32,22,79.353066
2.03,33,79.364755
4.32,22,79.374702
4.32,22,79.383235
2.03,33,79.396214
4.32,22,79.405976
4.32,22,79.415184
4.32,22,79.424483
4.32,22,79.432681
4.32,22,79.441186
4.32,22,79.453092
4.39,26,79.463106
4.32,22,79.471955
4.32,22,79.481089
4.32,24,79.491609
4.32,22,79.499902
4.32,22,79.508428
4.32,22,79.516789
4.32,22,79.525566
4.32,22,79.533898
4.32,22,79.542344
4.32,24,79.551278
4.39,26,79.560777
4.32,22,79.56896
4.32,22,79.577207
4.32,22,79.585362
4.32,22,79.593519
4.32,22,79.601628
4.32,22,79.609798
4.32,22,79.617913
4.32,22,79.626143
4.39,26,79.635535
4.32,22,79.643717
4.32,22,79.651804
4.32,22,79.659973
4.32,22,79.667997
2.03,33,79.679735
4.32,22,79.688848
4.32,22,79.697736
4.39,26,79.708499
4.32,24,79.717318
4.32,22,79.726172
4.32,22,79.734361
4.32,22,79.742543
4.32,22,79.750626
4.32,22,79.758775
4.32,22,79.766896
4.32,22,79.775621
2.03,33,79.787468
4.32,22,79.796869
4.39,26,79.807606
4.32,22,79.815765
4.32,22,79.824659
4.32,22,79.832848
4.32,22,79.84495
4.32,22,79.854872
4.32,22,79.863843
4.39,26,79.881835
4.39,26,79.897596
4.32,24,79.906841
4.32,22,79.915163
4.39,26,79.924892
4.39,26,79.934598
4.23,22,79.942999
4.39,26,79.95279
4.39,26,79.962324
4.32,22,79.97081
4.39,26,79.980369
4.46,30,79.991482
1.95,33,80.003646
4.32,22,80.013341
4.32,22,80.023853
4.39,26,80.034377
4.32,22,80.04293
4.31,24,80.599384
4.32,22,80.607527
4.39,26,80.617006
4.32,22,80.62518
4.32,22,80.633362
4.32,22,80.641473
4.32,22,80.649638
4.32,22,80.657843
4.32,22,80.666057
4.39,26,80.675932
4.32,22,80.684094
4.32,22,80.69226
4.32,22,80.700443
4.32,22,80.708541
4.32,22,80.716671
4.32,22,80.724706
4.39,26,80.734193
4.32,22,80.74223
4.32,22,80.750309
4.32,22,80.758096
4.32,22,80.766022
4.39,26,80.775702
4.32,22,80.787214
4.32,22,80.796698
4.32,22,80.805782
4.32,22,80.814183
4.32,22,80.822443
4.32,22,80.830737
4.32,22,80.838826
4.32,22,80.846909
4.32,22,80.855173
4.32,22,80.863238
4.32,22,80.878155
4.32,22,80.893891
4.32,22,80.90233
4.32,22,80.910721
4.32,22,80.919044
4.32,22,80.927469
2.03,33,80.939413
4.32,22,80.948674
4.32,22,80.960981
4.32,22,80.973838
4.32,22,80.986081
4.32,22,80.998618
4.39,26,81.013081
4.32,22,81.024231
4.39,26,81.034369
4.32,22,81.042812
4.32,22,81.051377
4.32,22,81.059908
4.32,22,81.068502
4.32,22,81.077217
4.32,22,81.085929
4.32,22,81.094459
4.32,22,81.103084
4.32,22,81.111639
4.32,22,81.120233
4.32,22,81.128761
4.39,26,81.13871
4.32,22,81.147215
4.32,22,81.155707
4.32,22,81.164009
4.46,30,81.175071
4.32,22,81.183783
4.32,22,81.192173
4.32,22,81.200443
4.32,22,81.212292
4.32,22,81.222542
4.32,22,81.2311
4.32,22,81.240389
4.32,22,81.249039
4.32,22,81.257357
4.39,26,81.26716
4.32,22,81.27572
4.32,22,81.284059
4.32,22,81.292496
4.32,22,81.300842
4.32,22,81.309119
4.32,22,81.317471
4.32,22,81.325723
4.32,22,81.334056
4.32,22,81.34236
4.32,22,81.350667
4.32,22,81.358825
4.37,30,81.369549
4.24,24,81.378289
4.39,26,81.38763
4.32,22,81.395726
4.32,22,81.403846
4.39,26,81.413143
4.39,26,81.985773
4.32,22,81.994224
4.32,24,82.003253
4.32,24,82.012274
4.32,22,82.020729
4.32,22,82.029571
4.32,22,82.038039
4.32,22,82.046385
4.32,22,82.054813
4.32,22,82.063412
4.32,22,82.071661
4.32,26,82.081103
4.32,22,82.089435
4.32,24,82.098176
4.32,22,82.106299
4.32,22,82.114422
4.32,22,82.122591
4.32,22,82.130702
4.32,24,82.13958
4.32,22,82.147689
4.32,22,82.15966
4.32,24,82.170793
4.32,24,82.179924
4.32,26,82.189754
4.32,22,82.198029
4.32,22,82.206034
4.32,22,82.214154
4.32,22,82.222303
4.32,22,82.230457
4.32,22,82.238647
4.32,22,82.246704
4.32,24,82.255482
4.32,22,82.263584
4.32,26,82.273237
4.32,24,82.282519
4.32,22,82.290716
4.32,22,82.29897
4.32,24,82.307768
4.32,22,82.316033
4.32,22,82.324159
4.32,24,82.333034
4.32,24,82.341814
4.32,24,82.350718
4.32,22,82.358808
4.32,22,82.366775
4.32,22,82.374702
4.32,24,82.383311
4.32,22,82.391184
4.32,22,82.399249
4.32,22,82.407131
4.32,22,82.415127
4.32,24,82.423687
4.32,22,82.4317
4.32,22,82.439576
4.32,22,82.447422
4.32,24,82.456006
4.32,22,82.463871
4.2,22,82.471847
4.32,24,82.48032
4.32,22,82.488255
4.32,24,82.496813
4.32,22,82.504745
4.32,22,82.512668
4.32,24,82.524858
4.32,22,82.534811
4.32,22,82.542826
4.32,22,82.551665
4.24,22,82.559772
4.32,22,82.568548
4.32,22,82.576616
4.32,22,82.584696
4.32,24,82.593442
4.32,22,82.601447
4.32,22,82.609271
4.32,24,82.617921
4.32,24,82.626525
4.32,22,82.63447
4.32,22,82.6424
4.32,22,82.650418
4.32,22,82.658233
4.32,22,82.666178
4.32,24,82.674711
4.32,22,82.6827
4.32,22,82.690589
4.24,22,82.698565
4.32,22,82.70645
4.32,22,82.714329
4.32,24,82.722994
4.24,24,82.731538
4.32,22,82.739474
4.32,22,83.313768
4.32,22,83.322082
4.32,22,83.330225
4.32,22,83.338424
4.32,22,83.346579
4.32,22,83.35471
4.32,22,83.362875
4.32,24,83.371752
4.32,22,83.379877
4.32,24,83.388727
4.32,22,83.397427
4.32,22,83.405666
4.32,22,83.413806
4.32,22,83.421997
4.32,22,83.430156
4.32,22,83.438308
4.32,22,83.446419
4.32,22,83.454549
4.32,24,83.466771
4.32,22,83.476232
4.32,22,83.485757
4.32,24,83.494798
4.32,22,83.503546
4.32,24,83.512468
4.32,24,83.52142
4.32,22,83.529752
4.32,22,83.537983
4.32,22,83.546165
4.32,22,83.554446
4.32,22,83.562612
4.32,22,83.570873
4.32,22,83.578869
4.32,22,83.586795
4.32,22,83.594737
4.32,22,83.602717
4.32,24,83.611195
4.32,24,83.619854
4.32,22,83.627688
4.32,22,83.635636
4.32,24,83.644283
4.32,22,83.652299
4.32,22,83.66022
4.32,22,83.668287
4.32,22,83.676213
4.32,24,83.684866
4.32,22,83.692781
4.32,22,83.700757
4.32,22,83.708616
4.32,22,83.716669
4.32,22,83.724622
4.32,22,83.732649
4.32,22,83.740631
4.32,22,83.748648
4.32,22,83.756523
4.32,22,83.764553
4.32,22,83.772387
4.32,24,83.781538
4.32,22,83.789414
4.32,22,83.797521
4.32,22,83.805568
4.32,22,83.813494
4.32,22,83.821547
4.32,22,83.82947
4.32,24,83.841614
4.32,26,83.85314
4.32,22,83.861207
4.32,22,83.871192
4.32,24,83.894639
4.32,22,83.903468
4.32,22,83.911793
4.32,22,83.920158
4.39,26,83.929843
4.32,24,83.93887
4.32,22,83.946962
4.32,22,83.955138
4.32,22,83.963263
4.24,22,83.971408
4.32,24,83.980205
4.32,22,83.988406
4.32,22,83.996573
4.32,22,84.004775
4.32,22,84.012868
4.32,22,84.021019
4.32,22,84.02953
4.32,22,84.03781
4.32,22,84.045974
4.32,24,84.054842
4.32,22,84.062958
4.32,22,84.071168
4.32,22,84.079366
4.32,22,84.087818
4.32,22,84.647059
4.32,22,84.655545
4.39,26,84.665236
4.32,22,84.673353
4.32,22,84.681822
4.32,22,84.69
4.32,22,84.69827
4.32,22,84.706394
4.32,22,84.71448
4.32,22,84.722667
4.32,22,84.731461
4.32,22,84.739714
4.32,22,84.748003
4.32,22,84.755976
4.32,22,84.764117
4.32,22,84.772328
4.32,22,84.78435
4.39,26,84.795695
4.32,22,84.804867
4.32,22,84.81304
4.32,22,84.821352
4.32,22,84.829668
4.39,26,84.839238
4.32,22,84.847406
4.32,22,84.855563
4.39,26,84.865016
4.32,22,84.877486
4.32,22,84.896242
4.32,22,84.904634
4.32,22,84.912923
4.39,26,84.922585
4.32,24,84.9315
4.32,22,84.939831
4.32,22,84.947938
4.32,22,84.956126
4.32,22,84.96423
4.46,30,84.97508
4.32,22,84.983243
4.39,26,84.992802
4.32,22,85.001098
4.32,22,85.009139
4.39,26,85.018648
4.32,22,85.027193
4.46,30,85.038109
4.39,26,85.047514
4.32,22,85.055657
4.32,22,85.063714
4.32,22,85.071914
4.32,22,85.079897
4.39,26,85.089466
4.32,22,85.09758
4.32,22,85.105742
4.32,22,85.113902
4.32,22,85.122056
2.03,33,85.133752
4.32,22,85.143031
4.32,22,85.151845
4.32,24,85.161633
4.32,22,85.170121
4.39,26,85.183597
4.32,22,85.19341
4.32,22,85.202099
4.32,22,85.210975
4.32,22,85.219241
4.32,22,85.227479
4.32,22,85.236124
4.32,22,85.244205
4.32,22,85.252402
4.32,22,85.260566
4.32,22,85.268793
4.32,22,85.277681
4.32,22,85.285973
4.32,22,85.294096
4.32,22,85.302387
4.32,22,85.310473
4.32,22,85.318623
4.39,26,85.327896
4.32,22,85.336045
4.32,22,85.344116
4.39,26,85.353574
4.39,26,85.362948
4.32,22,85.371033
4.32,22,85.378914
4.32,22,85.3868
4.32,22,85.394783
4.32,22,85.402737
4.32,22,85.410625
4.32,22,85.418568
4.46,32,85.429554
4.32,22,86.005224
4.32,22,86.013487
4.32,22,86.02165
4.32,22,86.03047
4.32,22,86.038709
4.32,22,86.046895
4.32,22,86.055039
4.32,22,86.063182
4.32,22,86.071333
4.32,22,86.079458
4.32,22,86.087921
4.32,22,86.096075
4.39,26,86.105526
4.39,26,86.114952
4.32,22,86.126845
4.32,22,86.137322
4.32,22,86.145778
4.32,22,86.154718
4.32,22,86.162959
4.32,22,86.171226
4.32,22,86.179364
4.32,22,86.187523
4.32,22,86.195611
4.32,22,86.203776
4.32,22,86.211894
4.32,22,86.220001
4.32,22,86.228116
4.32,22,86.236347
4.32,22,86.244411
4.32,22,86.252577
4.32,22,86.260662
4.32,24,86.269479
4.32,22,86.278215
4.32,22,86.286541
4.32,22,86.294613
4.32,22,86.302747
4.39,26,86.31216
4.32,22,86.320296
4.39,26,86.32973
4.32,22,86.338048
4.32,22,86.346193
4.32,22,86.354245
4.32,22,86.362208
4.39,26,86.371545
4.32,22,86.37944
4.39,26,86.388656
4.32,22,86.39654
4.39,26,86.405791
4.46,30,86.416238
4.32,22,86.424243
4.39,26,86.433412
4.32,22,86.441364
4.32,22,86.449232
4.32,22,86.457191
4.32,22,86.465099
4.32,22,86.473062
4.32,22,86.481235
4.32,22,86.489233
4.32,22,86.500539
4.32,22,86.510373
4.32,22,86.518834
4.32,22,86.528356
4.32,22,86.536547
4.32,22,86.544698
4.32,22,86.552926
4.32,22,86.561082
4.32,22,86.569246
4.32,22,86.577281
4.32,22,86.585485
4.39,26,86.595379
4.32,22,86.603669
4.32,22,86.611747
4.32,22,86.619718
4.32,22,86.627601
4.32,22,86.635566
4.39,26,86.644786
4.39,26,86.65398
4.39,28,86.663767
4.32,22,86.671721
4.32,22,86.679565
4.32,22,86.687536
4.32,22,86.695492
4.32,22,86.70342
4.32,22,86.711278
4.32,22,86.719225
4.32,22,86.727095
4.32,22,86.734976
4.32,22,86.74279
4.32,22,86.750652
4.32,22,86.758584
4.32,22,87.333554
4.32,22,87.341927
4.32,22,87.350175
4.32,22,87.358376
4.32,22,87.366489
4.32,22,87.374647
4.32,22,87.3827
4.32,22,87.390775
4.32,22,87.398925
4.32,22,87.407094
4.32,24,87.416206
4.32,22,87.424402
4.32,22,87.435993
4.32,22,87.445497
4.32,22,87.454859
4.32,22,87.463189
4.32,22,87.471647
4.32,22,87.479838
4.32,22,87.488096
4.32,22,87.496174
4.32,22,87.504295
4.32,22,87.512421
4.39,28,87.522664
4.32,22,87.531295
4.32,22,87.539571
4.32,22,87.547712
4.32,22,87.555946
4.32,22,87.564074
4.39,26,87.5735
4.32,22,87.581656
4.32,22,87.589833
4.32,22,87.597933
4.32,24,87.606694
4.32,22,87.614814
4.32,22,87.622984
4.32,22,87.631012
4.32,22,87.639015
4.32,22,87.646922
4.32,22,87.654886
4.32,22,87.663028
4.32,22,87.671046
4.32,22,87.679311
4.32,22,87.687477
4.32,22,87.6954
4.32,22,87.703456
4.32,22,87.711326
4.32,22,87.7193
4.32,22,87.727262
4.32,24,87.73586
4.32,22,87.743793
4.32,22,87.751756
4.32,22,87.759824
4.32,24,87.768416
4.32,22,87.776943
4.32,22,87.7851
4.32,24,87.793673
4.32,22,87.801692
4.32,22,87.812931
4.32,22,87.822889
4.32,22,87.830887
4.32,22,87.839156
4.32,22,87.847126
4.32,22,87.855367
4.32,22,87.863295
4.32,22,87.871425
4.32,22,87.883653
4.32,22,87.896967
4.32,22,87.911089
4.32,22,87.919976
4.32,22,87.928354
4.32,22,87.936754
4.32,24,87.945778
4.32,22,87.954206
4.32,24,87.963109
4.32,22,87.971509
4.32,22,87.979882
4.32,22,87.988244
4.32,22,87.996536
4.32,24,88.005622
4.32,22,88.013776
4.32,22,88.02197
4.32,22,88.030753
4.32,22,88.038916
4.32,22,88.047017
4.32,22,88.055093
4.32,22,88.063165
4.32,22,88.071286
4.32,22,88.07936
4.32,22,88.087544
4.32,22,88.095882
4.32,22,88.103999
4.32,22,88.112096
4.32,22,88.66471
4.39,26,88.674484
4.32,22,88.682548
4.45,30,88.693361
4.39,26,88.702807
4.32,22,88.710893
4.32,22,88.718834
4.32,22,88.726766
4.32,22,88.734584
4.39,26,88.747608
4.32,22,88.757406
4.32,22,88.765418
4.32,22,88.775174
4.32,22,88.783662
4.32,22,88.792568
4.32,22,88.800934
4.39,26,88.8105
4.32,22,88.818656
4.32,22,88.826715
4.32,22,88.834844
4.39,26,88.844337
4.32,22,88.852576
4.39,26,88.861913
4.32,22,88.869976
4.39,26,88.891572
4.39,26,88.904371
4.32,22,88.912763
4.32,22,88.921169
4.32,22,88.929508
4.32,22,88.937801
4.32,22,88.945882
4.32,22,88.954102
4.39,26,88.963491
4.32,22,88.97168
2.03,33,88.983335
4.32,22,88.992778
4.32,22,89.001278
4.32,22,89.010595
4.39,26,89.020528
4.32,22,89.029168
4.32,22,89.037493
4.32,22,89.045601
4.32,22,89.053903
4.32,22,89.062073
4.32,22,89.070255
4.32,22,89.078315
4.32,22,89.086537
4.46,30,89.097469
4.32,22,89.10576
4.32,22,89.113878
4.39,26,89.123453
4.39,26,89.132799
4.39,26,89.145867
4.39,26,89.157319
4.32,22,89.165557
4.32,22,89.174168
4.32,22,89.182313
4.24,22,89.190588
4.32,22,89.198793
2.03,33,89.210664
4.32,22,89.220783
4.32,22,89.229207
4.39,26,89.239722
4.32,22,89.248689
4.32,22,89.257865
4.32,22,89.267336
4.32,22,89.276114
4.32,22,89.284514
4.39,26,89.294347
4.32,22,89.302773
4.39,26,89.312422
4.39,26,89.322046
4.32,22,89.330278
4.32,22,89.338457
4.32,22,89.346613
4.39,26,89.356133
4.32,22,89.364298
4.32,22,89.372489
4.32,22,89.380533
4.32,22,89.388745
4.32,22,89.396835
4.32,22,89.405013
4.39,26,89.414479
4.32,22,89.422634
4.39,26,89.432058
4.32,22,89.440176
4.32,22,89.448171
4.32,22,89.456306
